{
"type": "FeatureCollection",
"name": "turkey_cevre",
"crs": { "type": "name", "properties": { "name": "urn:ogc:def:crs:OGC:1.3:CRS84" } },
"features": [
{ "type": "Feature", "properties": { "cevre_id": "ADANA", "cevre_adi": "ADANA", "il": "ADANA", "mv_sayisi": 15 }, "geometry": { "type": "MultiPolygon", "coordinates": [ [ [ [ 35.279026031494084, 36.640693664551009 ], [ 35.281806945800781, 36.639026641845703 ], [ 35.282917022705135, 36.636806488037166 ], [ 35.278194427490291, 36.640140533447266 ], [ 35.279026031494084, 36.640693664551009 ] ] ], [ [ [ 35.271526336669979, 36.644859313965071 ], [ 35.274028778076456, 36.643196105957088 ], [ 35.274028778076456, 36.642082214355582 ], [ 35.271251678466967, 36.643196105957088 ], [ 35.271526336669979, 36.644859313965071 ] ] ], [ [ [ 35.207359313965128, 36.650695800781193 ], [ 35.209304809570597, 36.649860382080249 ], [ 35.209583282470987, 36.649307250976847 ], [ 35.206249237060604, 36.649028778076456 ], [ 35.207359313965128, 36.650695800781193 ] ] ], [ [ [ 35.211807250976562, 36.655418395996378 ], [ 35.212081909179744, 36.653194427490462 ], [ 35.211528778076342, 36.652915954589901 ], [ 35.209583282470987, 36.655139923095817 ], [ 35.211807250976562, 36.655418395996378 ] ] ], [ [ [ 35.213470458984659, 36.659862518310774 ], [ 35.21402740478527, 36.658748626709269 ], [ 35.210693359375171, 36.659027099609432 ], [ 35.210971832275561, 36.659862518310774 ], [ 35.213470458984659, 36.659862518310774 ] ] ], [ [ [ 35.209583282470987, 36.678749084472827 ], [ 35.212360382080135, 36.677639007568644 ], [ 35.212360382080135, 36.67680740356468 ], [ 35.208473205566463, 36.678195953369197 ], [ 35.209583282470987, 36.678749084472827 ] ] ], [ [ [ 35.5912513732913, 36.704029083252124 ], [ 35.591526031494197, 36.6995849609375 ], [ 35.590694427490178, 36.6995849609375 ], [ 35.589862823486385, 36.703193664550781 ], [ 35.5912513732913, 36.704029083252124 ] ] ], [ [ [ 35.606803894042912, 36.705417633056868 ], [ 35.60625076293951, 36.700973510742415 ], [ 35.601249694824503, 36.700199127197209 ], [ 35.605140686035327, 36.705417633056868 ], [ 35.606803894042912, 36.705417633056868 ] ] ], [ [ [ 35.682640075683651, 36.716251373291016 ], [ 35.679584503173828, 36.712638854980753 ], [ 35.677360534668253, 36.714027404785099 ], [ 35.680973052978516, 36.716251373291016 ], [ 35.682640075683651, 36.716251373291016 ] ] ], [ [ [ 35.697082519531421, 36.727359771728743 ], [ 35.702915191650447, 36.724304199219034 ], [ 35.702915191650447, 36.723472595215071 ], [ 35.697360992431811, 36.723751068115462 ], [ 35.697082519531421, 36.727359771728743 ] ] ], [ [ [ 36.329639434814624, 37.920009613037109 ], [ 36.315170288086222, 37.885597229003963 ], [ 36.319038391113452, 37.83251953125 ], [ 36.362197875976619, 37.753402709960938 ], [ 36.302368164062614, 37.651248931884936 ], [ 36.153835296630916, 37.636943817138842 ], [ 36.033290863037166, 37.570892333984432 ], [ 35.883171081543253, 37.356880187988338 ], [ 35.881771087646484, 37.241584777832145 ], [ 35.904296875000114, 37.208271026611442 ], [ 35.852825164794922, 37.128707885742188 ], [ 35.874824523925952, 37.121696472168026 ], [ 36.000972747802734, 37.174152374267862 ], [ 36.032306671142578, 37.159061431884879 ], [ 36.061447143554744, 37.108856201171875 ], [ 36.041606903076172, 37.025554656982536 ], [ 35.946998596191463, 36.956905364990519 ], [ 35.91258621215826, 36.903507232666129 ], [ 35.93404769897478, 36.879859924316463 ], [ 35.841804504394531, 36.795139312744254 ], [ 35.794582366943303, 36.765693664551065 ], [ 35.666805267333984, 36.767082214355469 ], [ 35.627082824707202, 36.745693206787337 ], [ 35.609306335449389, 36.71430587768549 ], [ 35.612915039062443, 36.732082366943359 ], [ 35.603195190429688, 36.727085113525334 ], [ 35.599582672119197, 36.699859619140909 ], [ 35.591526031494197, 36.710971832275618 ], [ 35.563194274902344, 36.712638854980753 ], [ 35.554306030273722, 36.6995849609375 ], [ 35.570137023926065, 36.706527709961222 ], [ 35.584583282470646, 36.679584503173942 ], [ 35.6295814514163, 36.721527099609375 ], [ 35.62430572509794, 36.733749389648665 ], [ 35.654304504394474, 36.739860534668026 ], [ 35.645416259765682, 36.707637786865178 ], [ 35.656806945800952, 36.729026794433651 ], [ 35.654026031494141, 36.707916259765568 ], [ 35.706527709961222, 36.713195800781307 ], [ 35.704303741455135, 36.72319412231468 ], [ 35.723472595214901, 36.712638854980753 ], [ 35.645137786865291, 36.668472290039062 ], [ 35.621807098388842, 36.604305267334155 ], [ 35.581806182861385, 36.590694427490519 ], [ 35.565971374512003, 36.564861297607479 ], [ 35.418193817138729, 36.590137481689396 ], [ 35.339027404785156, 36.538471221923999 ], [ 35.329582214355526, 36.567916870117131 ], [ 35.322082519531421, 36.572360992431754 ], [ 35.346248626709041, 36.603473663330362 ], [ 35.285137176513615, 36.626804351806641 ], [ 35.287918090820483, 36.643470764160327 ], [ 35.270973205566577, 36.652084350586108 ], [ 35.264026641845703, 36.639305114746264 ], [ 35.249027252197379, 36.654026031494254 ], [ 35.271526336669979, 36.66180419921875 ], [ 35.250972747803019, 36.678195953369197 ], [ 35.180694580078409, 36.692916870117188 ], [ 35.163471221923999, 36.675971984863509 ], [ 35.175971984863452, 36.661529541015739 ], [ 35.273471832275675, 36.608749389648608 ], [ 35.3245849609375, 36.558750152588118 ], [ 34.997917175293026, 36.713470458984546 ], [ 34.915214538574219, 36.724861145019645 ], [ 34.949817657470646, 36.754016876220703 ], [ 35.034801483154354, 36.770996093750284 ], [ 35.067150115966967, 36.817909240722713 ], [ 35.06958389282255, 36.852649688720703 ], [ 35.054630279541072, 36.970394134521541 ], [ 35.000785827636832, 37.041458129882926 ], [ 34.925193786621151, 37.089691162109602 ], [ 34.900108337402628, 37.176296234130859 ], [ 34.786258697509822, 37.379280090332145 ], [ 34.788276672363338, 37.465160369873104 ], [ 34.860763549804744, 37.525032043456974 ], [ 34.858478546142578, 37.57877349853527 ], [ 34.816585540771541, 37.658382415771541 ], [ 34.826660156250284, 37.684917449951286 ], [ 34.869491577148438, 37.710044860839787 ], [ 35.025791168213061, 37.698894500732422 ], [ 35.081600189209269, 37.718662261963004 ], [ 35.213653564453239, 37.83214187622076 ], [ 35.20755767822294, 37.913303375244141 ], [ 35.241676330566463, 37.953563690185717 ], [ 35.456809997558651, 37.91956710815424 ], [ 35.621017456054744, 37.955760955810661 ], [ 35.680976867676065, 38.059661865234318 ], [ 36.013381958007869, 38.185642242431584 ], [ 36.161430358887003, 38.413509368896598 ], [ 36.305366516113338, 38.463748931884766 ], [ 36.377613067627067, 38.46636962890625 ], [ 36.422073364257812, 38.442195892333984 ], [ 36.49144363403326, 38.316326141357422 ], [ 36.426158905029467, 38.252788543701172 ], [ 36.335357666015739, 37.996673583984489 ], [ 36.329639434814624, 37.920009613037109 ] ] ] ] } },
{ "type": "Feature", "properties": { "cevre_id": "ADIYAMAN", "cevre_adi": "ADIYAMAN", "il": "ADIYAMAN", "mv_sayisi": 5 }, "geometry": { "type": "MultiPolygon", "coordinates": [ [ [ [ 38.655338287353572, 38.09172439575201 ], [ 38.858875274658317, 38.092426300048828 ], [ 39.00511550903326, 38.11749267578125 ], [ 39.074615478515796, 38.144973754882812 ], [ 39.111736297607479, 38.184692382812727 ], [ 39.160182952880916, 38.173336029052962 ], [ 39.205017089843693, 38.191299438476562 ], [ 39.246307373046932, 38.166660308838118 ], [ 39.210086822509766, 38.052539825439453 ], [ 39.073436737060604, 37.991806030273608 ], [ 38.991996765136889, 37.91375732421875 ], [ 38.976436614990234, 37.884418487548942 ], [ 38.978149414062557, 37.795402526855696 ], [ 38.951812744140682, 37.749111175537109 ], [ 38.830711364746151, 37.693119049072379 ], [ 38.83985519409174, 37.658622741699276 ], [ 38.829441070556697, 37.642444610595703 ], [ 38.615886688232536, 37.57777023315424 ], [ 38.478324890136662, 37.488910675048828 ], [ 38.330547332763786, 37.484378814697322 ], [ 38.156696319580249, 37.406925201416016 ], [ 38.060771942138672, 37.431190490722599 ], [ 37.982494354248331, 37.496170043945426 ], [ 37.795787811279297, 37.544651031494197 ], [ 37.679069519043026, 37.512031555175895 ], [ 37.622962951660213, 37.512134552002237 ], [ 37.573127746582202, 37.550518035888672 ], [ 37.459487915039119, 37.582374572753963 ], [ 37.416450500488395, 37.616397857666243 ], [ 37.422187805176065, 37.703323364257926 ], [ 37.59421539306652, 37.824916839599723 ], [ 37.737289428711222, 37.834129333496321 ], [ 37.769504547119311, 37.86634826660179 ], [ 37.835662841796932, 37.882831573486385 ], [ 37.980312347412166, 37.860988616943644 ], [ 38.181053161621151, 37.918960571289062 ], [ 38.13481521606451, 38.089435577392635 ], [ 38.398601531982479, 38.19963455200201 ], [ 38.537082672119197, 38.230628967285213 ], [ 38.634452819824276, 38.199169158935661 ], [ 38.624332427978459, 38.169216156006144 ], [ 38.562923431396484, 38.124473571777457 ], [ 38.655338287353572, 38.09172439575201 ] ] ] ] } },
{ "type": "Feature", "properties": { "cevre_id": "AFYONKARAHISAR", "cevre_adi": "AFYONKARAHISAR", "il": "AFYONKARAHISAR", "mv_sayisi": 6 }, "geometry": { "type": "MultiPolygon", "coordinates": [ [ [ [ 31.362766265869197, 39.16468429565424 ], [ 31.386358261108683, 39.118671417236442 ], [ 31.4598522186281, 39.088176727295206 ], [ 31.696891784668253, 39.093059539795149 ], [ 31.708700180053995, 38.953735351562727 ], [ 31.6233043670656, 38.817733764648665 ], [ 31.58945655822771, 38.725635528564453 ], [ 31.6107826232913, 38.674972534179631 ], [ 31.679281234741325, 38.632602691650447 ], [ 31.260772705078296, 38.427665710449276 ], [ 31.209304809570369, 38.439853668213004 ], [ 31.125509262084961, 38.513618469238281 ], [ 31.088424682617244, 38.5123291015625 ], [ 30.799964904785327, 38.290237426758097 ], [ 30.640510559082202, 38.245807647705135 ], [ 30.517358779907283, 38.186405181884709 ], [ 30.366300582886026, 38.071254730224609 ], [ 30.265552520752237, 38.016117095947266 ], [ 30.223630905151651, 37.980922698974723 ], [ 30.18260765075712, 37.901161193847599 ], [ 30.199583053589151, 37.849685668945312 ], [ 30.167104721069393, 37.813915252685547 ], [ 30.090536117553711, 37.776737213134766 ], [ 29.966999053955135, 37.783966064453352 ], [ 29.845273971557788, 37.760818481445312 ], [ 29.815368652343921, 37.819053649902571 ], [ 29.720468521118221, 37.852550506591854 ], [ 29.663770675659237, 37.852550506591854 ], [ 29.665998458862475, 37.988689422607479 ], [ 29.924520492553825, 38.10348129272478 ], [ 30.020292282104776, 38.176223754882812 ], [ 30.041278839111328, 38.221355438232592 ], [ 30.036800384521541, 38.251564025878906 ], [ 29.922199249267862, 38.412906646728743 ], [ 29.755413055419922, 38.454109191894531 ], [ 29.771835327148722, 38.50595855712919 ], [ 29.87275886535673, 38.644218444824332 ], [ 29.894367218017862, 38.709682464599837 ], [ 30.074789047241268, 38.788486480712947 ], [ 30.115364074706974, 38.820873260498104 ], [ 30.270368576050089, 39.08821105957054 ], [ 30.384635925293253, 39.126319885253963 ], [ 30.43370437622076, 39.164272308349723 ], [ 30.453329086303881, 39.205997467041072 ], [ 30.505508422851619, 39.189422607421875 ], [ 30.542961120605753, 39.130691528320312 ], [ 30.6117458343507, 39.079147338867188 ], [ 30.639776229858512, 39.076957702636946 ], [ 30.766630172729776, 39.128543853759993 ], [ 30.799478530883846, 39.172389984130916 ], [ 30.885963439941577, 39.212871551513729 ], [ 30.989156723022518, 39.159210205078239 ], [ 31.141860961914347, 39.218502044677734 ], [ 31.241775512695369, 39.284519195556641 ], [ 31.305269241333178, 39.273185729980526 ], [ 31.362766265869197, 39.16468429565424 ] ] ] ] } },
{ "type": "Feature", "properties": { "cevre_id": "AGRI", "cevre_adi": "AGRI", "il": "AGRI", "mv_sayisi": 4 }, "geometry": { "type": "MultiPolygon", "coordinates": [ [ [ [ 43.395660400390568, 39.925796508789176 ], [ 43.394229888915959, 39.79460525512701 ], [ 43.456417083740234, 39.767475128173885 ], [ 43.478328704834269, 39.766723632812614 ], [ 43.531944274902401, 39.820419311523494 ], [ 43.622489929199389, 39.822357177734432 ], [ 43.740554809570483, 39.799480438232422 ], [ 43.999706268310604, 39.685264587402457 ], [ 44.159778594970817, 39.694198608398551 ], [ 44.232578277587947, 39.671707153320426 ], [ 44.300350189209098, 39.670867919921932 ], [ 44.380176544189624, 39.693195343017692 ], [ 44.496471405029581, 39.695980072021712 ], [ 44.489604949951456, 39.630126953125114 ], [ 44.436187744140682, 39.560661315918196 ], [ 44.453376770019588, 39.501556396484489 ], [ 44.433361053466797, 39.473068237304688 ], [ 44.441123962402514, 39.435874938964844 ], [ 44.423660278320426, 39.409801483154297 ], [ 44.301734924316463, 39.371471405029297 ], [ 44.224311828613338, 39.410289764404411 ], [ 44.174762725830249, 39.402393341064453 ], [ 44.151844024658203, 39.377182006835994 ], [ 44.138137817382926, 39.379779815673942 ], [ 44.143608093261776, 39.400177001953125 ], [ 44.069816589355526, 39.405319213867188 ], [ 44.049743652343921, 39.360752105712834 ], [ 44.032817840576172, 39.372020721435547 ], [ 43.962074279785213, 39.356510162353629 ], [ 43.716354370117244, 39.370204925537337 ], [ 43.645542144775447, 39.302429199218864 ], [ 43.592819213867301, 39.287895202636946 ], [ 43.494350433349894, 39.327377319336165 ], [ 43.426578521728572, 39.388885498046818 ], [ 43.293762207031534, 39.402763366699332 ], [ 43.191673278808651, 39.328067779541072 ], [ 43.101978302002237, 39.322460174560547 ], [ 43.079380035400561, 39.307514190673942 ], [ 43.08466720581049, 39.284191131592024 ], [ 43.166938781738565, 39.237224578857422 ], [ 43.167633056640682, 39.165973663330192 ], [ 43.149734497070369, 39.139167785644645 ], [ 42.971641540527628, 39.080963134765852 ], [ 42.827857971191406, 39.065090179443473 ], [ 42.749843597412166, 39.03714752197277 ], [ 42.729888916015682, 39.159004211425895 ], [ 42.672210693359375, 39.249668121338118 ], [ 42.627616882324389, 39.272663116455078 ], [ 42.516819000244425, 39.375350952148381 ], [ 42.466396331787166, 39.463733673095987 ], [ 42.463413238525675, 39.486099243164119 ], [ 42.523639678955135, 39.568618774414062 ], [ 42.506217956543253, 39.729736328124943 ], [ 42.474822998047046, 39.764984130859489 ], [ 42.285240173340014, 39.814067840576229 ], [ 42.255199432373217, 39.861167907714844 ], [ 42.2776527404788, 39.881965637207031 ], [ 42.406204223632869, 39.873390197753906 ], [ 42.566364288330135, 39.947551727295149 ], [ 42.638339996337834, 39.917587280273722 ], [ 42.710891723633097, 39.91766357421875 ], [ 43.103221893310717, 40.008327484130859 ], [ 43.372810363769702, 39.960422515869084 ], [ 43.395660400390568, 39.925796508789176 ] ] ] ] } },
{ "type": "Feature", "properties": { "cevre_id": "AKSARAY", "cevre_adi": "AKSARAY", "il": "AKSARAY", "mv_sayisi": 4 }, "geometry": { "type": "MultiPolygon", "coordinates": [ [ [ [ 34.205211639404297, 38.841152191162223 ], [ 34.262569427490519, 38.793670654296875 ], [ 34.205261230469034, 38.677764892578182 ], [ 34.273029327392635, 38.620494842529581 ], [ 34.348003387451286, 38.473419189453125 ], [ 34.394397735595646, 38.438919067382869 ], [ 34.368297576904467, 38.36765289306652 ], [ 34.363201141357479, 38.290920257568303 ], [ 34.394500732421818, 38.242645263671932 ], [ 34.389522552490291, 38.161895751953068 ], [ 34.32982254028326, 38.134971618652457 ], [ 34.268390655517578, 38.05600738525402 ], [ 34.186759948730753, 38.070056915283146 ], [ 34.146907806396541, 38.051952362060547 ], [ 34.125694274902457, 38.013763427734432 ], [ 33.778335571289119, 37.956230163574332 ], [ 33.495018005371264, 37.932556152343807 ], [ 33.413406372070483, 37.951187133789062 ], [ 33.362567901611499, 38.003620147705192 ], [ 33.240116119384936, 38.215351104736442 ], [ 33.242633819580135, 38.255161285400618 ], [ 33.301437377929858, 38.347045898437614 ], [ 33.318119049072436, 38.429500579834212 ], [ 33.380599975586108, 38.562381744384766 ], [ 33.465042114257756, 38.636470794677791 ], [ 33.681499481201172, 38.711006164550895 ], [ 33.825637817382869, 38.714866638183594 ], [ 33.923976898193416, 38.780685424804858 ], [ 33.946910858154581, 38.829227447509936 ], [ 33.8883056640625, 38.954170227050895 ], [ 33.9267005920413, 39.008110046386776 ], [ 34.077655792236328, 38.903553009033317 ], [ 34.176864624023381, 38.882102966308537 ], [ 34.205211639404297, 38.841152191162223 ] ] ] ] } },
{ "type": "Feature", "properties": { "cevre_id": "AMASYA", "cevre_adi": "AMASYA", "il": "AMASYA", "mv_sayisi": 3 }, "geometry": { "type": "MultiPolygon", "coordinates": [ [ [ [ 35.702552795410099, 40.877315521240234 ], [ 35.840560913085994, 40.864326477051009 ], [ 35.955291748046875, 40.875583648681641 ], [ 36.061035156250057, 40.843147277832259 ], [ 36.180942535400447, 40.904743194580192 ], [ 36.203926086425838, 40.980033874511719 ], [ 36.259761810303019, 40.979282379150504 ], [ 36.372375488281534, 40.952079772949276 ], [ 36.376178741455249, 40.907699584961051 ], [ 36.448005676269702, 40.869831085205362 ], [ 36.416763305664119, 40.822582244873047 ], [ 36.456367492675952, 40.770137786865234 ], [ 36.472808837890625, 40.707481384277344 ], [ 36.441524505615519, 40.632328033447379 ], [ 36.325202941894588, 40.523677825927734 ], [ 36.202400207519588, 40.458984375000057 ], [ 36.110069274902401, 40.446094512939453 ], [ 36.039775848388729, 40.459869384765568 ], [ 35.958446502685547, 40.502326965332088 ], [ 35.844661712646541, 40.501518249511776 ], [ 35.716186523437557, 40.326255798340071 ], [ 35.576377868652401, 40.274219512939453 ], [ 35.529628753662394, 40.235530853271484 ], [ 35.512069702148608, 40.189777374267635 ], [ 35.371368408203182, 40.195156097412166 ], [ 35.332336425781193, 40.228908538818416 ], [ 35.343681335449276, 40.358325958251953 ], [ 35.448406219482365, 40.467723846435661 ], [ 35.464237213134709, 40.573532104492301 ], [ 35.427715301513729, 40.615207672119254 ], [ 35.257038116455192, 40.666099548340014 ], [ 35.150718688965128, 40.670673370361442 ], [ 35.082084655762003, 40.712631225585938 ], [ 35.025100708007983, 40.843399047851676 ], [ 35.046043395996037, 40.852909088134766 ], [ 35.04957199096674, 40.951412200927791 ], [ 35.091331481933651, 41.03227615356468 ], [ 35.093154907226506, 41.090541839599609 ], [ 35.485389709472713, 41.012321472168026 ], [ 35.643894195556925, 40.926826477050781 ], [ 35.665691375732592, 40.894557952881087 ], [ 35.702552795410099, 40.877315521240234 ] ] ] ] } },
{ "type": "Feature", "properties": { "cevre_id": "ANKARA_1", "cevre_adi": "Ankara 1", "il": "ANKARA", "mv_sayisi": 13 }, "geometry": { "type": "MultiPolygon", "coordinates": [ [ [ [ 37.8601, 37.8536 ], [ 37.8514, 37.8264 ], [ 37.8423, 37.8071 ], [ 37.8118, 37.783 ], [ 37.7986, 37.777 ], [ 37.7623, 37.7682 ], [ 37.7391, 37.7575 ], [ 37.7122, 37.721 ], [ 37.6971, 37.6974 ], [ 37.6938, 37.6864 ], [ 37.6929, 37.6723 ], [ 37.6965, 37.6356 ], [ 37.6956, 37.6309 ], [ 37.6923, 37.6232 ], [ 37.6805, 37.6125 ], [ 37.6699, 37.6051 ], [ 37.6491, 37.5944 ], [ 37.6189, 37.5822 ], [ 37.5851, 37.5567 ], [ 37.5741, 37.5516 ], [ 37.5678, 37.5805 ], [ 37.5514, 37.5905 ], [ 37.5365, 37.5934 ], [ 37.4787, 37.5692 ], [ 37.4735, 37.5709 ], [ 37.4607, 37.5986 ], [ 37.461, 37.6021 ], [ 37.4705, 37.6133 ], [ 37.4765, 37.6236 ], [ 37.476, 37.628 ], [ 37.4706, 37.6343 ], [ 37.4622, 37.6346 ], [ 37.449, 37.6309 ], [ 37.4454, 37.6321 ], [ 37.444, 37.6363 ], [ 37.4504, 37.6492 ], [ 37.4579, 37.6801 ], [ 37.4554, 37.6801 ], [ 37.4567, 37.687 ], [ 37.4769, 37.7109 ], [ 37.4819, 37.7388 ], [ 37.4932, 37.7597 ], [ 37.5059, 37.7757 ], [ 37.5172, 37.7936 ], [ 37.5362, 37.8185 ], [ 37.5399, 37.8185 ], [ 37.5576, 37.8334 ], [ 37.5816, 37.8573 ], [ 37.6094, 37.9041 ], [ 37.6447, 37.9469 ], [ 37.6886, 37.9257 ], [ 37.6866, 37.9133 ], [ 37.6907, 37.9117 ], [ 37.7012, 37.9121 ], [ 37.705, 37.9169 ], [ 37.7142, 37.9139 ], [ 37.7304, 37.9132 ], [ 37.757, 37.9084 ], [ 37.8067, 37.8952 ], [ 37.8249, 37.8973 ], [ 37.8443, 37.9023 ], [ 37.8677, 37.9054 ], [ 37.8846, 37.9023 ], [ 37.8771, 37.8903 ], [ 37.8725, 37.8671 ], [ 37.8601, 37.8536 ] ] ], [ [ [ 33.7593, 38.7799 ], [ 33.7355, 38.7582 ], [ 33.7319, 38.749 ], [ 33.7035, 38.7235 ], [ 33.6775, 38.7129 ], [ 33.6692, 38.701 ], [ 33.6626, 38.6871 ], [ 33.6625, 38.6792 ], [ 33.6461, 38.6749 ], [ 33.6227, 38.6714 ], [ 33.5929, 38.6701 ], [ 33.5507, 38.6731 ], [ 33.5183, 38.678 ], [ 33.4997, 38.6834 ], [ 33.487, 38.689 ], [ 33.4712, 38.6989 ], [ 33.4581, 38.7112 ], [ 33.4404, 38.7202 ], [ 33.4083, 38.7411 ], [ 33.3754, 38.7825 ], [ 33.3666, 38.8023 ], [ 33.3619, 38.8089 ], [ 33.357, 38.8223 ], [ 33.3523, 38.8544 ], [ 33.3532, 38.884 ], [ 33.3604, 38.9056 ], [ 33.3718, 38.9282 ], [ 33.3938, 38.9881 ], [ 33.3895, 39.0146 ], [ 33.3767, 39.0439 ], [ 33.3352, 39.0958 ], [ 33.3196, 39.1035 ], [ 33.2976, 39.1103 ], [ 33.2824, 39.0985 ], [ 33.2656, 39.0798 ], [ 33.2591, 39.0747 ], [ 33.2533, 39.0757 ], [ 33.2388, 39.0885 ], [ 33.2335, 39.0955 ], [ 33.2312, 39.1045 ], [ 33.2266, 39.1109 ], [ 33.2175, 39.1135 ], [ 33.2062, 39.1128 ], [ 33.1853, 39.1209 ], [ 33.1778, 39.1255 ], [ 33.1663, 39.1407 ], [ 33.1606, 39.1618 ], [ 33.1336, 39.1913 ], [ 33.1314, 39.2049 ], [ 33.1353, 39.2272 ], [ 33.1473, 39.2296 ], [ 33.1547, 39.2342 ], [ 33.1721, 39.2512 ], [ 33.1755, 39.2577 ], [ 33.1734, 39.2616 ], [ 33.1676, 39.2667 ], [ 33.1626, 39.2674 ], [ 33.1585, 39.2677 ], [ 33.1494, 39.2647 ], [ 33.1335, 39.2556 ], [ 33.1198, 39.2417 ], [ 33.0995, 39.2271 ], [ 33.079, 39.219 ], [ 33.0447, 39.2118 ], [ 33.0214, 39.2135 ], [ 33.0016, 39.2122 ], [ 32.9841, 39.228 ], [ 32.9871, 39.2386 ], [ 32.985, 39.2447 ], [ 32.9722, 39.2567 ], [ 32.9582, 39.2579 ], [ 32.9518, 39.2627 ], [ 32.9479, 39.2632 ], [ 32.9399, 39.2592 ], [ 32.9279, 39.2481 ], [ 32.9239, 39.2466 ], [ 32.9145, 39.2481 ], [ 32.91, 39.2507 ], [ 32.9066, 39.2573 ], [ 32.8992, 39.2629 ], [ 32.887, 39.2653 ], [ 32.8813, 39.2658 ], [ 32.8709, 39.2626 ], [ 32.865, 39.2665 ], [ 32.8532, 39.2681 ], [ 32.8404, 39.2652 ], [ 32.8124, 39.2683 ], [ 32.799084349718008, 39.260449728565092 ], [ 32.801, 39.2538 ], [ 32.8066, 39.2376 ], [ 32.823, 39.2189 ], [ 32.8281, 39.2132 ], [ 32.8429, 39.2069 ], [ 32.8559, 39.1795 ], [ 32.8526, 39.1629 ], [ 32.8499, 39.1597 ], [ 32.8405, 39.1568 ], [ 32.8351, 39.1516 ], [ 32.8266, 39.1379 ], [ 32.8213, 39.1344 ], [ 32.8138, 39.1315 ], [ 32.7927, 39.1332 ], [ 32.7669, 39.1318 ], [ 32.7525, 39.1272 ], [ 32.7352, 39.1242 ], [ 32.7162, 39.1138 ], [ 32.6729, 39.0991 ], [ 32.6533, 39.0851 ], [ 32.6167, 39.0386 ], [ 32.5933, 39.0378 ], [ 32.5801, 39.0329 ], [ 32.5592, 39.0217 ], [ 32.5362, 39.0196 ], [ 32.5208, 39.0128 ], [ 32.5158, 39.0035 ], [ 32.508, 38.994 ], [ 32.4735, 38.974 ], [ 32.4609, 38.971 ], [ 32.4303, 38.9705 ], [ 32.4002, 38.9824 ], [ 32.3888, 38.9953 ], [ 32.3765, 39.0037 ], [ 32.3602, 39.0073 ], [ 32.3457, 39.0065 ], [ 32.3366, 38.9999 ], [ 32.3228, 38.9969 ], [ 32.3111, 39.0027 ], [ 32.2411, 39.0146 ], [ 32.2216, 39.0279 ], [ 32.1918, 39.0194 ], [ 32.1667, 39.008 ], [ 32.1364, 38.9857 ], [ 32.1235, 38.9705 ], [ 32.097, 38.9573 ], [ 32.0803, 38.9588 ], [ 32.0677, 38.9665 ], [ 32.0462, 38.9916 ], [ 32.0321, 39.002 ], [ 32.0165, 39.0111 ], [ 32.0057, 39.0153 ], [ 31.9734, 39.046 ], [ 31.9551, 39.0576 ], [ 31.9262, 39.0686 ], [ 31.9164, 39.0772 ], [ 31.9056, 39.0908 ], [ 31.8872, 39.1051 ], [ 31.8718, 39.1113 ], [ 31.8497, 39.125 ], [ 31.8421, 39.1332 ], [ 31.8309, 39.1405 ], [ 31.8285, 39.1473 ], [ 31.8285, 39.1543 ], [ 31.8313, 39.1594 ], [ 31.8668, 39.1764 ], [ 31.8818, 39.1861 ], [ 31.9215, 39.2034 ], [ 32.0023, 39.2578 ], [ 32.0167, 39.2705 ], [ 32.0282, 39.2839 ], [ 32.0303, 39.289 ], [ 32.0261, 39.302 ], [ 32.006, 39.3271 ], [ 31.9947, 39.3453 ], [ 31.9884, 39.3515 ], [ 31.9886, 39.3631 ], [ 31.9935, 39.3738 ], [ 31.9826, 39.3938 ], [ 31.9824, 39.4027 ], [ 31.9775, 39.4111 ], [ 31.979, 39.4174 ], [ 31.9917, 39.4226 ], [ 31.9951, 39.4281 ], [ 31.9994, 39.4537 ], [ 31.9989, 39.4646 ], [ 31.9968, 39.4684 ], [ 31.9855, 39.4755 ], [ 31.9675, 39.5073 ], [ 31.9558, 39.5408 ], [ 31.9457, 39.5491 ], [ 31.8964, 39.5751 ], [ 31.951, 39.6066 ], [ 31.9561, 39.6119 ], [ 31.9556, 39.6208 ], [ 31.9524, 39.6293 ], [ 31.945, 39.6361 ], [ 31.9278, 39.659 ], [ 31.9208, 39.666 ], [ 31.9132, 39.6698 ], [ 31.9065, 39.6709 ], [ 31.8932, 39.666 ], [ 31.8832, 39.6664 ], [ 31.8712, 39.6776 ], [ 31.8451, 39.6904 ], [ 31.8048, 39.6915 ], [ 31.788, 39.698 ], [ 31.777, 39.7043 ], [ 31.7657, 39.7229 ], [ 31.7661, 39.7377 ], [ 31.7673, 39.7452 ], [ 31.7774, 39.7547 ], [ 31.788, 39.7819 ], [ 31.7932, 39.7884 ], [ 31.8067, 39.7983 ], [ 31.836, 39.8106 ], [ 31.8924, 39.8136 ], [ 31.8906, 39.8218 ], [ 31.8818, 39.8278 ], [ 31.8869, 39.8348 ], [ 31.9033, 39.8468 ], [ 31.8978, 39.8547 ], [ 31.8869, 39.8566 ], [ 31.8777, 39.8516 ], [ 31.8699, 39.8451 ], [ 31.8601, 39.8408 ], [ 31.8499, 39.845 ], [ 31.8477, 39.8527 ], [ 31.8554, 39.8594 ], [ 31.8652, 39.864 ], [ 31.8704, 39.8713 ], [ 31.8694, 39.8722 ], [ 31.9201, 39.8773 ], [ 31.9474, 39.8875 ], [ 31.9779, 39.8777 ], [ 32.0201, 39.8782 ], [ 32.0332, 39.8806 ], [ 32.0506, 39.8811 ], [ 32.0852, 39.8742 ], [ 32.1303, 39.8784 ], [ 32.1467, 39.8784 ], [ 32.1783, 39.8749 ], [ 32.181, 39.8764 ], [ 32.1909, 39.8751 ], [ 32.1892, 39.8701 ], [ 32.1917, 39.8683 ], [ 32.1977, 39.8711 ], [ 32.2067, 39.871 ], [ 32.212, 39.8702 ], [ 32.2158, 39.8656 ], [ 32.2191, 39.8668 ], [ 32.2218, 39.865 ], [ 32.2248, 39.8686 ], [ 32.231, 39.8612 ], [ 32.2403, 39.8585 ], [ 32.2442, 39.8617 ], [ 32.2527, 39.8647 ], [ 32.2582, 39.8623 ], [ 32.2596, 39.8557 ], [ 32.2668, 39.8557 ], [ 32.2718, 39.8528 ], [ 32.2716, 39.8501 ], [ 32.2633, 39.8379 ], [ 32.261, 39.8273 ], [ 32.258, 39.8245 ], [ 32.252, 39.8115 ], [ 32.2433, 39.8029 ], [ 32.2359, 39.8004 ], [ 32.2344, 39.7963 ], [ 32.2369, 39.7873 ], [ 32.2508, 39.7788 ], [ 32.2662, 39.7766 ], [ 32.2679, 39.7742 ], [ 32.2721, 39.7728 ], [ 32.2756, 39.7673 ], [ 32.2822, 39.7675 ], [ 32.2814, 39.7654 ], [ 32.2855, 39.7642 ], [ 32.2844, 39.761 ], [ 32.2888, 39.7598 ], [ 32.2867, 39.7569 ], [ 32.2937, 39.757 ], [ 32.2918, 39.753 ], [ 32.2889, 39.7518 ], [ 32.2974, 39.7463 ], [ 32.2982, 39.7407 ], [ 32.3017, 39.7377 ], [ 32.303, 39.7322 ], [ 32.3046, 39.7324 ], [ 32.3055, 39.7307 ], [ 32.3072, 39.7315 ], [ 32.3084, 39.7283 ], [ 32.3103, 39.7281 ], [ 32.3079, 39.7272 ], [ 32.3094, 39.7248 ], [ 32.3006, 39.7233 ], [ 32.2933, 39.7202 ], [ 32.289, 39.7147 ], [ 32.2997, 39.6962 ], [ 32.3136, 39.7002 ], [ 32.3253, 39.7017 ], [ 32.3482, 39.6929 ], [ 32.3558, 39.6923 ], [ 32.3514, 39.677 ], [ 32.347, 39.6714 ], [ 32.3434, 39.6721 ], [ 32.3401, 39.6708 ], [ 32.3375, 39.6726 ], [ 32.3366, 39.6714 ], [ 32.3391, 39.6687 ], [ 32.3239, 39.6673 ], [ 32.3102, 39.6693 ], [ 32.3077, 39.6658 ], [ 32.3083, 39.6607 ], [ 32.3151, 39.6564 ], [ 32.3123, 39.6542 ], [ 32.3148, 39.6505 ], [ 32.3141, 39.6486 ], [ 32.3127, 39.649 ], [ 32.3105, 39.6424 ], [ 32.311, 39.641 ], [ 32.3133, 39.6413 ], [ 32.3141, 39.6375 ], [ 32.3102, 39.6341 ], [ 32.3125, 39.6311 ], [ 32.3128, 39.6259 ], [ 32.3156, 39.624 ], [ 32.3138, 39.6232 ], [ 32.3155, 39.6213 ], [ 32.3185, 39.6219 ], [ 32.3272, 39.6182 ], [ 32.333, 39.6218 ], [ 32.3353, 39.6215 ], [ 32.3385, 39.6269 ], [ 32.345, 39.6274 ], [ 32.3469, 39.6308 ], [ 32.3505, 39.6319 ], [ 32.356, 39.6315 ], [ 32.356, 39.6328 ], [ 32.3625, 39.6339 ], [ 32.3627, 39.6327 ], [ 32.3802, 39.6385 ], [ 32.3836, 39.6373 ], [ 32.3874, 39.6316 ], [ 32.393, 39.6353 ], [ 32.3946, 39.6326 ], [ 32.3955, 39.6368 ], [ 32.3987, 39.6388 ], [ 32.4003, 39.634 ], [ 32.4023, 39.6338 ], [ 32.4023, 39.6321 ], [ 32.406, 39.6318 ], [ 32.4067, 39.6288 ], [ 32.4096, 39.6284 ], [ 32.4122, 39.6321 ], [ 32.4172, 39.6303 ], [ 32.4185, 39.6268 ], [ 32.4229, 39.6279 ], [ 32.4381, 39.6345 ], [ 32.4414, 39.641 ], [ 32.4465, 39.6444 ], [ 32.4683, 39.6463 ], [ 32.4701, 39.6496 ], [ 32.4758, 39.6454 ], [ 32.4772, 39.6425 ], [ 32.481, 39.6424 ], [ 32.4831, 39.6404 ], [ 32.4975, 39.6359 ], [ 32.5032, 39.6359 ], [ 32.4996, 39.6251 ], [ 32.5072, 39.6428 ], [ 32.5129, 39.6472 ], [ 32.5159, 39.6475 ], [ 32.5153, 39.6498 ], [ 32.5192, 39.6505 ], [ 32.5224, 39.6538 ], [ 32.5327, 39.6539 ], [ 32.5341, 39.6551 ], [ 32.5361, 39.6533 ], [ 32.5384, 39.6539 ], [ 32.541, 39.6639 ], [ 32.5458, 39.6633 ], [ 32.545, 39.6654 ], [ 32.548, 39.6681 ], [ 32.5518, 39.6679 ], [ 32.5605, 39.6625 ], [ 32.5688, 39.6676 ], [ 32.5675, 39.6738 ], [ 32.5712, 39.6767 ], [ 32.5677, 39.6788 ], [ 32.5694, 39.6878 ], [ 32.5649, 39.6902 ], [ 32.5665, 39.6931 ], [ 32.5633, 39.694 ], [ 32.5638, 39.6987 ], [ 32.5705, 39.7071 ], [ 32.573, 39.707 ], [ 32.5749, 39.7108 ], [ 32.5742, 39.7134 ], [ 32.5715, 39.713 ], [ 32.5712, 39.7151 ], [ 32.574, 39.7192 ], [ 32.577, 39.7233 ], [ 32.5969, 39.7289 ], [ 32.599, 39.7313 ], [ 32.6132, 39.7305 ], [ 32.6214, 39.7354 ], [ 32.6237, 39.7392 ], [ 32.6214, 39.7412 ], [ 32.6223, 39.7436 ], [ 32.6206, 39.7478 ], [ 32.6217, 39.7599 ], [ 32.6293, 39.7648 ], [ 32.631, 39.7693 ], [ 32.6336, 39.7681 ], [ 32.6374, 39.77 ], [ 32.638, 39.7732 ], [ 32.647312012728719, 39.779915393794752 ], [ 32.6457, 39.7796 ], [ 32.6431, 39.7865 ], [ 32.6388, 39.7849 ], [ 32.6334, 39.7889 ], [ 32.6331, 39.7936 ], [ 32.6272, 39.7944 ], [ 32.6158, 39.8027 ], [ 32.606, 39.8069 ], [ 32.6023, 39.8122 ], [ 32.607, 39.8157 ], [ 32.603, 39.8205 ], [ 32.5954, 39.8167 ], [ 32.5949, 39.819 ], [ 32.6069, 39.8276 ], [ 32.6159, 39.8468 ], [ 32.6258, 39.8507 ], [ 32.6261, 39.8577 ], [ 32.6287, 39.8629 ], [ 32.6378, 39.8669 ], [ 32.6695, 39.889 ], [ 32.6944, 39.9041 ], [ 32.7339, 39.9066 ], [ 32.7328, 39.9109 ], [ 32.7361, 39.9121 ], [ 32.7688, 39.9169 ], [ 32.7764, 39.9167 ], [ 32.7822, 39.9187 ], [ 32.7893, 39.9181 ], [ 32.7992, 39.9226 ], [ 32.8022, 39.9153 ], [ 32.8073, 39.911 ], [ 32.8145, 39.9127 ], [ 32.8141, 39.922 ], [ 32.8194, 39.9315 ], [ 32.8292, 39.9328 ], [ 32.8374, 39.9351 ], [ 32.8387, 39.9368 ], [ 32.8508, 39.9294 ], [ 32.8634, 39.9284 ], [ 32.8674, 39.9288 ], [ 32.872, 39.9341 ], [ 32.876, 39.9346 ], [ 32.8792, 39.9407 ], [ 32.8815, 39.9423 ], [ 32.8894, 39.9433 ], [ 32.8908, 39.9481 ], [ 32.8969, 39.9553 ], [ 32.9104, 39.9518 ], [ 32.909, 39.9531 ], [ 32.9107, 39.9565 ], [ 32.9171, 39.9546 ], [ 32.9264, 39.9602 ], [ 32.945, 39.9643 ], [ 32.9548, 39.9698 ], [ 32.9627, 39.9723 ], [ 32.9614, 39.9648 ], [ 32.9743, 39.9523 ], [ 32.9848, 39.9488 ], [ 32.9892, 39.9638 ], [ 32.9946, 39.964 ], [ 32.999, 39.9676 ], [ 33.0052, 39.9678 ], [ 33.0092, 39.9733 ], [ 33.0143, 39.9754 ], [ 33.018, 39.9801 ], [ 33.0216, 39.9813 ], [ 33.0279, 39.98 ], [ 33.0533, 39.9864 ], [ 33.0584, 39.989 ], [ 33.0744, 39.9909 ], [ 33.0781, 39.9739 ], [ 33.0727, 39.9704 ], [ 33.0786, 39.9649 ], [ 33.0842, 39.9627 ], [ 33.0926, 39.9632 ], [ 33.0902, 39.9715 ], [ 33.092, 39.979 ], [ 33.1097, 40.0011 ], [ 33.1097, 40.0056 ], [ 33.1136, 40.0095 ], [ 33.1088, 40.0192 ], [ 33.1124, 40.0217 ], [ 33.1222, 40.0083 ], [ 33.1109, 40.0247 ], [ 33.1166, 40.0272 ], [ 33.1173, 40.0304 ], [ 33.1256, 40.034 ], [ 33.1296, 40.0414 ], [ 33.1338, 40.0451 ], [ 33.1434, 40.0485 ], [ 33.1585, 40.0467 ], [ 33.1596, 40.0512 ], [ 33.1768, 40.0536 ], [ 33.1851, 40.0609 ], [ 33.194, 40.0626 ], [ 33.2016, 40.0633 ], [ 33.2112, 40.0604 ], [ 33.2172, 40.0608 ], [ 33.2242, 40.0646 ], [ 33.2301, 40.0737 ], [ 33.2525, 40.0696 ], [ 33.2542, 40.0717 ], [ 33.2578, 40.072 ], [ 33.2625, 40.0707 ], [ 33.265, 40.0677 ], [ 33.2703, 40.0673 ], [ 33.2749, 40.0598 ], [ 33.2858, 40.0502 ], [ 33.2918, 40.0396 ], [ 33.3087, 40.0242 ], [ 33.3187, 40.0241 ], [ 33.3259, 40.0217 ], [ 33.3319, 40.0234 ], [ 33.3424, 40.0194 ], [ 33.346, 40.0151 ], [ 33.349, 40.0142 ], [ 33.3529, 40.0157 ], [ 33.3634, 40.0142 ], [ 33.3689, 40.0095 ], [ 33.3708, 40.0055 ], [ 33.3749, 40.0033 ], [ 33.3751, 39.9968 ], [ 33.3803, 39.9914 ], [ 33.3833, 39.9815 ], [ 33.3957, 39.9724 ], [ 33.3839, 39.9573 ], [ 33.3739, 39.9243 ], [ 33.3713, 39.9252 ], [ 33.3635, 39.9234 ], [ 33.3554, 39.9184 ], [ 33.3441, 39.9191 ], [ 33.3384, 39.9171 ], [ 33.3399, 39.9134 ], [ 33.3289, 39.9146 ], [ 33.3271, 39.9093 ], [ 33.3208, 39.9073 ], [ 33.3205, 39.9052 ], [ 33.3142, 39.9013 ], [ 33.3047, 39.9007 ], [ 33.3025, 39.8885 ], [ 33.3058, 39.8837 ], [ 33.31, 39.8818 ], [ 33.3105, 39.8759 ], [ 33.2986, 39.8649 ], [ 33.2923, 39.8635 ], [ 33.292, 39.8621 ], [ 33.3012, 39.8564 ], [ 33.3033, 39.8527 ], [ 33.2973, 39.8456 ], [ 33.2851, 39.85 ], [ 33.2791, 39.8495 ], [ 33.28, 39.8447 ], [ 33.2663, 39.8484 ], [ 33.2666, 39.8503 ], [ 33.2574, 39.8538 ], [ 33.2556, 39.8514 ], [ 33.2556, 39.8445 ], [ 33.2586, 39.8436 ], [ 33.2606, 39.834 ], [ 33.2695, 39.8296 ], [ 33.2725, 39.831 ], [ 33.2817, 39.8293 ], [ 33.2868, 39.8254 ], [ 33.2969, 39.8217 ], [ 33.2969, 39.8201 ], [ 33.2933, 39.8192 ], [ 33.2927, 39.8153 ], [ 33.2873, 39.8126 ], [ 33.2888, 39.8112 ], [ 33.2837, 39.8091 ], [ 33.2828, 39.8027 ], [ 33.2756, 39.7922 ], [ 33.2785, 39.7755 ], [ 33.2756, 39.7736 ], [ 33.2752, 39.7672 ], [ 33.2672, 39.7637 ], [ 33.2654, 39.7593 ], [ 33.2639, 39.7475 ], [ 33.2654, 39.7468 ], [ 33.2683, 39.75 ], [ 33.2755, 39.7529 ], [ 33.2827, 39.7623 ], [ 33.285, 39.7614 ], [ 33.2835, 39.7483 ], [ 33.2856, 39.7465 ], [ 33.2837, 39.7389 ], [ 33.2781, 39.7371 ], [ 33.2701, 39.7371 ], [ 33.2683, 39.7406 ], [ 33.2641, 39.7387 ], [ 33.2614, 39.7316 ], [ 33.265, 39.7254 ], [ 33.2632, 39.7213 ], [ 33.2578, 39.7215 ], [ 33.2554, 39.7165 ], [ 33.2557, 39.7126 ], [ 33.2429, 39.7142 ], [ 33.2403, 39.711 ], [ 33.2373, 39.711 ], [ 33.2388, 39.7147 ], [ 33.2349, 39.7243 ], [ 33.2284, 39.7255 ], [ 33.2233, 39.7199 ], [ 33.2236, 39.7118 ], [ 33.2295, 39.7069 ], [ 33.2278, 39.6956 ], [ 33.2093, 39.6885 ], [ 33.1993, 39.6781 ], [ 33.1914, 39.6755 ], [ 33.1913, 39.665 ], [ 33.1854, 39.661 ], [ 33.1873, 39.6535 ], [ 33.2017, 39.6469 ], [ 33.2155, 39.6446 ], [ 33.2343, 39.644 ], [ 33.2518, 39.6493 ], [ 33.2621, 39.6557 ], [ 33.2661, 39.6646 ], [ 33.2687, 39.6641 ], [ 33.2727, 39.6702 ], [ 33.2803, 39.671 ], [ 33.2787, 39.6666 ], [ 33.281, 39.6649 ], [ 33.2753, 39.6592 ], [ 33.2819, 39.6574 ], [ 33.2829, 39.6528 ], [ 33.2889, 39.6531 ], [ 33.2939, 39.6584 ], [ 33.3087, 39.6543 ], [ 33.3084, 39.65 ], [ 33.3143, 39.6464 ], [ 33.3126, 39.6402 ], [ 33.3166, 39.6333 ], [ 33.3202, 39.6313 ], [ 33.3232, 39.6315 ], [ 33.3268, 39.6287 ], [ 33.3179, 39.6282 ], [ 33.3261, 39.6254 ], [ 33.3248, 39.6174 ], [ 33.3218, 39.6149 ], [ 33.3174, 39.606 ], [ 33.3121, 39.606 ], [ 33.3148, 39.6003 ], [ 33.3213, 39.5957 ], [ 33.3157, 39.5965 ], [ 33.316, 39.5937 ], [ 33.3127, 39.5901 ], [ 33.3193, 39.5842 ], [ 33.3176, 39.5758 ], [ 33.3206, 39.5694 ], [ 33.3242, 39.5673 ], [ 33.3248, 39.5592 ], [ 33.3218, 39.5576 ], [ 33.3221, 39.5533 ], [ 33.3182, 39.5525 ], [ 33.3116, 39.5538 ], [ 33.3103, 39.5561 ], [ 33.3056, 39.5574 ], [ 33.2964, 39.5544 ], [ 33.2964, 39.5511 ], [ 33.3003, 39.5503 ], [ 33.3029, 39.5421 ], [ 33.3059, 39.5395 ], [ 33.3168, 39.5372 ], [ 33.3184, 39.5313 ], [ 33.3171, 39.5254 ], [ 33.323, 39.5206 ], [ 33.3253, 39.5159 ], [ 33.3332, 39.5182 ], [ 33.3365, 39.5169 ], [ 33.3477, 39.5167 ], [ 33.3484, 39.5136 ], [ 33.3302, 39.5139 ], [ 33.3266, 39.5083 ], [ 33.3167, 39.5106 ], [ 33.3117, 39.5093 ], [ 33.3499, 39.4855 ], [ 33.3901, 39.4771 ], [ 33.3891, 39.4714 ], [ 33.3952, 39.4598 ], [ 33.3906, 39.4439 ], [ 33.3872, 39.438 ], [ 33.3964, 39.4287 ], [ 33.3952, 39.4232 ], [ 33.3895, 39.4237 ], [ 33.3882, 39.4177 ], [ 33.3911, 39.4134 ], [ 33.3976, 39.4105 ], [ 33.4088, 39.4007 ], [ 33.421, 39.4014 ], [ 33.4181, 39.3847 ], [ 33.4222, 39.3771 ], [ 33.4325, 39.3745 ], [ 33.4341, 39.3667 ], [ 33.4422, 39.3643 ], [ 33.4422, 39.3577 ], [ 33.4499, 39.357 ], [ 33.4548, 39.3598 ], [ 33.4576, 39.3591 ], [ 33.4556, 39.3539 ], [ 33.461, 39.3452 ], [ 33.4713, 39.3408 ], [ 33.4632, 39.3332 ], [ 33.4637, 39.3277 ], [ 33.459, 39.327 ], [ 33.452, 39.3304 ], [ 33.4486, 39.3305 ], [ 33.4447, 39.3252 ], [ 33.4442, 39.3203 ], [ 33.4485, 39.3193 ], [ 33.4516, 39.3151 ], [ 33.4568, 39.3142 ], [ 33.4586, 39.3124 ], [ 33.461, 39.3028 ], [ 33.473, 39.3009 ], [ 33.4801, 39.2952 ], [ 33.486, 39.2943 ], [ 33.4919, 39.2961 ], [ 33.4993, 39.2943 ], [ 33.5079, 39.2893 ], [ 33.5086, 39.2869 ], [ 33.5179, 39.2778 ], [ 33.5166, 39.2685 ], [ 33.5177, 39.2639 ], [ 33.5271, 39.2522 ], [ 33.5357, 39.2361 ], [ 33.5456, 39.2244 ], [ 33.5587, 39.2095 ], [ 33.5636, 39.2008 ], [ 33.5702, 39.196 ], [ 33.5787, 39.192 ], [ 33.5871, 39.1857 ], [ 33.623, 39.1692 ], [ 33.6341, 39.1617 ], [ 33.6569, 39.1519 ], [ 33.6769, 39.1437 ], [ 33.6919, 39.1332 ], [ 33.702, 39.1226 ], [ 33.7053, 39.1158 ], [ 33.7122, 39.111 ], [ 33.746, 39.097 ], [ 33.759, 39.0775 ], [ 33.769, 39.0685 ], [ 33.8083, 39.0649 ], [ 33.8558, 39.0686 ], [ 33.8612, 39.0632 ], [ 33.8661, 39.0518 ], [ 33.8722, 39.0442 ], [ 33.8798, 39.039 ], [ 33.8875, 39.0371 ], [ 33.8841, 39.0154 ], [ 33.8739, 39.0065 ], [ 33.8418, 38.997 ], [ 33.7977, 38.9906 ], [ 33.796, 38.9884 ], [ 33.7497, 38.9893 ], [ 33.726, 38.9757 ], [ 33.7297, 38.9565 ], [ 33.7343, 38.9446 ], [ 33.7393, 38.939 ], [ 33.7573, 38.9289 ], [ 33.7714, 38.9172 ], [ 33.7973, 38.889 ], [ 33.7999, 38.8848 ], [ 33.8004, 38.876 ], [ 33.7835, 38.8425 ], [ 33.7715, 38.8063 ], [ 33.7593, 38.7799 ] ], [ [ 32.885337235865215, 39.9313565391205 ], [ 32.8854, 39.9315 ], [ 32.876, 39.9346 ], [ 32.885337235865215, 39.9313565391205 ] ], [ [ 33.20924306856287, 39.271014290669441 ], [ 33.2054, 39.2715 ], [ 33.203386338797799, 39.270877023565575 ], [ 33.20924306856287, 39.271014290669441 ] ], [ [ 33.672409732016931, 38.958967136812412 ], [ 33.669985619007917, 38.96196360983744 ], [ 33.6707, 38.9605 ], [ 33.672409732016931, 38.958967136812412 ] ], [ [ 32.3795, 39.5381 ], [ 32.3803, 39.5339 ], [ 32.381073192111032, 39.533030825420013 ], [ 32.3795, 39.5381 ] ], [ [ 32.6586, 39.7841 ], [ 32.65674610526316, 39.78274715789474 ], [ 32.6643, 39.7846 ], [ 32.6586, 39.7841 ] ], [ [ 32.739252613035816, 39.828683499706401 ], [ 32.7339, 39.8295 ], [ 32.739, 39.8286 ], [ 32.739252613035816, 39.828683499706401 ] ], [ [ 32.904058620689661, 39.732965203761758 ], [ 32.9051, 39.7359 ], [ 32.9035, 39.7336 ], [ 32.904058620689661, 39.732965203761758 ] ], [ [ 32.90814375, 39.730728125 ], [ 32.904364285714294, 39.732617857142856 ], [ 32.9057, 39.7311 ], [ 32.90814375, 39.730728125 ] ], [ [ 33.0963, 39.7247 ], [ 33.0756, 39.7205 ], [ 33.1049, 39.7255 ], [ 33.0963, 39.7247 ] ], [ [ 32.884161538461527, 39.928669230769216 ], [ 32.8826, 39.9256 ], [ 32.882753846153847, 39.925451648351647 ], [ 32.884161538461527, 39.928669230769216 ] ], [ [ 32.884055197132618, 39.924196774193547 ], [ 32.885277481323371, 39.9230181430096 ], [ 32.8855, 39.9233 ], [ 32.884055197132618, 39.924196774193547 ] ], [ [ 32.879646159473296, 39.921485369422093 ], [ 32.8789, 39.9215 ], [ 32.8762, 39.9193 ], [ 32.879646159473296, 39.921485369422093 ] ], [ [ 32.878417824377458, 39.912010222804717 ], [ 32.8781, 39.9114 ], [ 32.878622137983321, 39.911363229719484 ], [ 32.878417824377458, 39.912010222804717 ] ], [ [ 32.902947957371225, 39.900608436944935 ], [ 32.9033, 39.897 ], [ 32.9035, 39.9005 ], [ 32.902947957371225, 39.900608436944935 ] ] ] ] } },
{ "type": "Feature", "properties": { "cevre_id": "ANKARA_2", "cevre_adi": "Ankara 2", "il": "ANKARA", "mv_sayisi": 11 }, "geometry": { "type": "Polygon", "coordinates": [ [ [ 33.1124, 40.0217 ], [ 33.1088, 40.0192 ], [ 33.1136, 40.0095 ], [ 33.1097, 40.0056 ], [ 33.1097, 40.0011 ], [ 33.092, 39.979 ], [ 33.0902, 39.9715 ], [ 33.0926, 39.9632 ], [ 33.0842, 39.9627 ], [ 33.0786, 39.9649 ], [ 33.0727, 39.9704 ], [ 33.0781, 39.9739 ], [ 33.0744, 39.9909 ], [ 33.0698, 39.9907 ], [ 33.0584, 39.989 ], [ 33.0533, 39.9864 ], [ 33.0279, 39.98 ], [ 33.0216, 39.9813 ], [ 33.018, 39.9801 ], [ 33.0143, 39.9754 ], [ 33.0092, 39.9733 ], [ 33.0052, 39.9678 ], [ 32.999, 39.9676 ], [ 32.9946, 39.964 ], [ 32.9892, 39.9638 ], [ 32.9848, 39.9488 ], [ 32.9743, 39.9523 ], [ 32.9614, 39.9648 ], [ 32.9627, 39.9723 ], [ 32.9548, 39.9698 ], [ 32.945, 39.9643 ], [ 32.9264, 39.9602 ], [ 32.9171, 39.9546 ], [ 32.9107, 39.9565 ], [ 32.909, 39.9531 ], [ 32.9104, 39.9518 ], [ 32.8979, 39.9559 ], [ 32.8908, 39.9481 ], [ 32.8894, 39.9433 ], [ 32.8802, 39.9417 ], [ 32.876, 39.9346 ], [ 32.872, 39.9341 ], [ 32.8674, 39.9288 ], [ 32.8508, 39.9294 ], [ 32.8387, 39.9368 ], [ 32.8406, 39.9389 ], [ 32.8307, 39.946 ], [ 32.8354, 39.9512 ], [ 32.8323, 39.9533 ], [ 32.8322, 39.9551 ], [ 32.8384, 39.9553 ], [ 32.8417, 39.9587 ], [ 32.8471, 39.9604 ], [ 32.8504, 39.9578 ], [ 32.835, 39.9701 ], [ 32.8319, 39.9688 ], [ 32.8178, 39.969 ], [ 32.8112, 39.977 ], [ 32.8114, 39.9856 ], [ 32.7994, 39.9909 ], [ 32.7999, 39.9941 ], [ 32.7965, 39.9981 ], [ 32.7961, 40.003 ], [ 32.7988, 40.0033 ], [ 32.7965, 40.0099 ], [ 32.7902, 40.016 ], [ 32.8015, 40.0299 ], [ 32.8032, 40.0358 ], [ 32.8005, 40.0392 ], [ 32.8038, 40.0451 ], [ 32.8014, 40.0472 ], [ 32.8024, 40.0567 ], [ 32.8057, 40.0663 ], [ 32.7906, 40.0778 ], [ 32.7912, 40.0812 ], [ 32.786, 40.0857 ], [ 32.787, 40.0923 ], [ 32.7748, 40.1034 ], [ 32.7701, 40.1049 ], [ 32.762, 40.1026 ], [ 32.7554, 40.105 ], [ 32.7458, 40.0997 ], [ 32.7403, 40.1003 ], [ 32.7375, 40.0994 ], [ 32.7382, 40.098 ], [ 32.7332, 40.0953 ], [ 32.7277, 40.0967 ], [ 32.7277, 40.0945 ], [ 32.7257, 40.0949 ], [ 32.7182, 40.0895 ], [ 32.7056, 40.0862 ], [ 32.6855, 40.0693 ], [ 32.6849, 40.0664 ], [ 32.6703, 40.0595 ], [ 32.6651, 40.059 ], [ 32.6603, 40.0533 ], [ 32.6532, 40.0489 ], [ 32.6557, 40.0466 ], [ 32.6532, 40.0456 ], [ 32.652, 40.0425 ], [ 32.6549, 40.0343 ], [ 32.6491, 40.0352 ], [ 32.6376, 40.0332 ], [ 32.6344, 40.0341 ], [ 32.6305, 40.0259 ], [ 32.6217, 40.0283 ], [ 32.618, 40.0316 ], [ 32.61, 40.0348 ], [ 32.599, 40.0357 ], [ 32.5983, 40.0372 ], [ 32.5875, 40.0393 ], [ 32.591, 40.0434 ], [ 32.5913, 40.048 ], [ 32.5879, 40.0494 ], [ 32.5863, 40.054 ], [ 32.5759, 40.0603 ], [ 32.5756, 40.063 ], [ 32.5849, 40.0761 ], [ 32.5924, 40.0729 ], [ 32.5959, 40.0774 ], [ 32.5909, 40.0802 ], [ 32.5943, 40.0853 ], [ 32.5937, 40.0924 ], [ 32.581, 40.1057 ], [ 32.5377, 40.1178 ], [ 32.5277, 40.133 ], [ 32.5286, 40.1518 ], [ 32.5204, 40.1588 ], [ 32.5274, 40.1649 ], [ 32.5259, 40.1679 ], [ 32.5284, 40.1717 ], [ 32.5395, 40.1785 ], [ 32.5355, 40.182 ], [ 32.5264, 40.1851 ], [ 32.5341, 40.1898 ], [ 32.5477, 40.191 ], [ 32.5489, 40.1923 ], [ 32.548, 40.197 ], [ 32.5498, 40.1994 ], [ 32.5445, 40.2072 ], [ 32.5394, 40.209 ], [ 32.5389, 40.2116 ], [ 32.5456, 40.2121 ], [ 32.5416, 40.2158 ], [ 32.5469, 40.2242 ], [ 32.5465, 40.2283 ], [ 32.5233, 40.2357 ], [ 32.5198, 40.2342 ], [ 32.515, 40.2391 ], [ 32.515814545454546, 40.2407 ], [ 32.5128, 40.2407 ], [ 32.51, 40.2389 ], [ 32.5011, 40.2422 ], [ 32.4847, 40.252 ], [ 32.4822, 40.2499 ], [ 32.4786, 40.2532 ], [ 32.4757, 40.2516 ], [ 32.4697, 40.252 ], [ 32.475, 40.2405 ], [ 32.457, 40.2365 ], [ 32.4556, 40.2303 ], [ 32.4373, 40.2187 ], [ 32.4281, 40.216 ], [ 32.426, 40.2169 ], [ 32.4192, 40.2124 ], [ 32.4146, 40.2125 ], [ 32.4089, 40.2102 ], [ 32.4039, 40.211 ], [ 32.397, 40.2081 ], [ 32.3862, 40.2094 ], [ 32.3826, 40.2098 ], [ 32.3763, 40.2058 ], [ 32.3725, 40.2061 ], [ 32.3685, 40.2041 ], [ 32.367, 40.1959 ], [ 32.3725, 40.1862 ], [ 32.3572, 40.1816 ], [ 32.3462, 40.1732 ], [ 32.3355, 40.1728 ], [ 32.332, 40.169 ], [ 32.3248, 40.1653 ], [ 32.3227, 40.1611 ], [ 32.3184, 40.1595 ], [ 32.3187, 40.1577 ], [ 32.3114, 40.1545 ], [ 32.3069, 40.1543 ], [ 32.3063, 40.1444 ], [ 32.2949, 40.134 ], [ 32.2852, 40.128 ], [ 32.2534, 40.1194 ], [ 32.2431, 40.1141 ], [ 32.2347, 40.104 ], [ 32.2269, 40.0776 ], [ 32.2206, 40.0699 ], [ 32.2128, 40.0639 ], [ 32.2007, 40.0618 ], [ 32.1938, 40.063 ], [ 32.1894, 40.0656 ], [ 32.1641, 40.0874 ], [ 32.1414, 40.1136 ], [ 32.1239, 40.1292 ], [ 32.1318, 40.14 ], [ 32.1334, 40.1487 ], [ 32.1319, 40.1525 ], [ 32.1237, 40.16 ], [ 32.1159, 40.1797 ], [ 32.1096, 40.185 ], [ 32.1053, 40.2237 ], [ 32.1096, 40.2317 ], [ 32.114, 40.2353 ], [ 32.1277, 40.2406 ], [ 32.1572, 40.2457 ], [ 32.1603, 40.2507 ], [ 32.1365, 40.2743 ], [ 32.1224, 40.2921 ], [ 32.1202, 40.3015 ], [ 32.1212, 40.3289 ], [ 32.1256, 40.3356 ], [ 32.1665, 40.3356 ], [ 32.1845, 40.3392 ], [ 32.2016, 40.3465 ], [ 32.2121, 40.3589 ], [ 32.213, 40.3728 ], [ 32.2102, 40.3816 ], [ 32.2007, 40.3867 ], [ 32.138, 40.3998 ], [ 32.1095, 40.4086 ], [ 32.0937, 40.4192 ], [ 32.1287, 40.4227 ], [ 32.1441, 40.4273 ], [ 32.1603, 40.4416 ], [ 32.156, 40.4613 ], [ 32.1426, 40.4619 ], [ 32.1312, 40.4657 ], [ 32.1307, 40.4763 ], [ 32.1405, 40.4866 ], [ 32.1664, 40.5026 ], [ 32.1805, 40.5158 ], [ 32.1824, 40.5297 ], [ 32.1888, 40.5388 ], [ 32.2054, 40.5479 ], [ 32.2133, 40.5499 ], [ 32.2071, 40.5508 ], [ 32.2245, 40.5561 ], [ 32.253, 40.5579 ], [ 32.2554, 40.5631 ], [ 32.2643, 40.5625 ], [ 32.2991, 40.5775 ], [ 32.3181, 40.5825 ], [ 32.3204, 40.5853 ], [ 32.3468, 40.5816 ], [ 32.3592, 40.5673 ], [ 32.3556, 40.5607 ], [ 32.3583, 40.5518 ], [ 32.3684, 40.5442 ], [ 32.3869, 40.5519 ], [ 32.3973, 40.5463 ], [ 32.4028, 40.5482 ], [ 32.409, 40.5541 ], [ 32.4312, 40.556 ], [ 32.435, 40.5589 ], [ 32.437, 40.5646 ], [ 32.4532, 40.5651 ], [ 32.4602, 40.5756 ], [ 32.4551, 40.5793 ], [ 32.4487, 40.581 ], [ 32.4427, 40.5867 ], [ 32.4372, 40.5988 ], [ 32.4402, 40.613 ], [ 32.4262, 40.6242 ], [ 32.4209, 40.6329 ], [ 32.4171, 40.6433 ], [ 32.4185, 40.6602 ], [ 32.4288, 40.6612 ], [ 32.4342, 40.6697 ], [ 32.4302, 40.6749 ], [ 32.4316, 40.6801 ], [ 32.4292, 40.6857 ], [ 32.4348, 40.6884 ], [ 32.4383, 40.6848 ], [ 32.4493, 40.6862 ], [ 32.4523, 40.684 ], [ 32.4597, 40.6852 ], [ 32.4678, 40.6773 ], [ 32.4987, 40.6777 ], [ 32.4979, 40.6818 ], [ 32.5013, 40.6923 ], [ 32.5, 40.709 ], [ 32.5135, 40.7298 ], [ 32.5276, 40.7361 ], [ 32.5436, 40.7366 ], [ 32.5673, 40.7421 ], [ 32.5707, 40.7511 ], [ 32.5753, 40.7548 ], [ 32.5761, 40.7578 ], [ 32.5819, 40.7602 ], [ 32.5955, 40.7548 ], [ 32.6053, 40.7557 ], [ 32.6231, 40.7601 ], [ 32.6329, 40.7606 ], [ 32.661, 40.7585 ], [ 32.6856, 40.7533 ], [ 32.6962, 40.7484 ], [ 32.7046, 40.7411 ], [ 32.713, 40.7259 ], [ 32.7372, 40.6996 ], [ 32.7481, 40.6833 ], [ 32.7649, 40.6766 ], [ 32.7783, 40.6671 ], [ 32.7825, 40.6623 ], [ 32.7928, 40.6629 ], [ 32.7983, 40.6607 ], [ 32.8203, 40.6596 ], [ 32.8342, 40.656 ], [ 32.8639, 40.6469 ], [ 32.892, 40.633 ], [ 32.898, 40.6278 ], [ 32.903, 40.619 ], [ 32.9067, 40.606 ], [ 32.9078, 40.5914 ], [ 32.9061, 40.5671 ], [ 32.892, 40.5095 ], [ 32.9355, 40.5287 ], [ 32.9725, 40.5415 ], [ 32.9829, 40.5381 ], [ 33.0081, 40.5159 ], [ 33.0159, 40.5073 ], [ 33.0189, 40.4994 ], [ 33.0184, 40.4959 ], [ 33.0327, 40.4807 ], [ 33.0569, 40.4674 ], [ 33.0633, 40.4668 ], [ 33.0707, 40.4631 ], [ 33.0802, 40.4615 ], [ 33.1023, 40.4638 ], [ 33.1097, 40.4693 ], [ 33.1165, 40.4711 ], [ 33.1545, 40.4602 ], [ 33.1731, 40.4495 ], [ 33.1953, 40.433 ], [ 33.2085, 40.4168 ], [ 33.2176, 40.391 ], [ 33.2099, 40.3768 ], [ 33.2274, 40.3523 ], [ 33.2358, 40.3499 ], [ 33.2416, 40.34 ], [ 33.2455, 40.3375 ], [ 33.2658, 40.3285 ], [ 33.2683, 40.3253 ], [ 33.2711, 40.3247 ], [ 33.2771, 40.3246 ], [ 33.2821, 40.3267 ], [ 33.2868, 40.3379 ], [ 33.2906, 40.3402 ], [ 33.2969, 40.3407 ], [ 33.3056, 40.3446 ], [ 33.3113, 40.3452 ], [ 33.3177, 40.3541 ], [ 33.3235, 40.3581 ], [ 33.331, 40.3591 ], [ 33.3356, 40.3617 ], [ 33.3372, 40.3718 ], [ 33.3285, 40.3833 ], [ 33.3297, 40.3903 ], [ 33.3353, 40.3985 ], [ 33.3396, 40.4014 ], [ 33.3557, 40.4045 ], [ 33.3945, 40.4074 ], [ 33.4381, 40.4059 ], [ 33.4584, 40.3975 ], [ 33.476, 40.3921 ], [ 33.4877, 40.38 ], [ 33.4995, 40.3609 ], [ 33.515, 40.3487 ], [ 33.5226, 40.3461 ], [ 33.5513, 40.3563 ], [ 33.5594, 40.3545 ], [ 33.5668, 40.3503 ], [ 33.6239, 40.3457 ], [ 33.6541, 40.3271 ], [ 33.6626, 40.3111 ], [ 33.6602, 40.297 ], [ 33.6572, 40.2936 ], [ 33.6478, 40.2938 ], [ 33.645, 40.2889 ], [ 33.6437, 40.28 ], [ 33.6395, 40.2798 ], [ 33.6309, 40.2852 ], [ 33.6281, 40.2849 ], [ 33.6262, 40.2816 ], [ 33.6262, 40.2759 ], [ 33.6209, 40.2701 ], [ 33.6199, 40.2572 ], [ 33.6256, 40.2427 ], [ 33.6062, 40.228 ], [ 33.6071, 40.2099 ], [ 33.5948, 40.1969 ], [ 33.5928, 40.1881 ], [ 33.5929, 40.1638 ], [ 33.6045, 40.1342 ], [ 33.6047, 40.1228 ], [ 33.599, 40.1051 ], [ 33.5773, 40.0888 ], [ 33.5502, 40.0842 ], [ 33.5182, 40.0683 ], [ 33.498, 40.0603 ], [ 33.4822, 40.0574 ], [ 33.4704, 40.0423 ], [ 33.4971, 40.0185 ], [ 33.5018, 39.9959 ], [ 33.4762, 39.9799 ], [ 33.4365, 39.9661 ], [ 33.4133, 39.9523 ], [ 33.4087, 39.96 ], [ 33.407, 39.9699 ], [ 33.3957, 39.9724 ], [ 33.3833, 39.9815 ], [ 33.3803, 39.9914 ], [ 33.3751, 39.9968 ], [ 33.3749, 40.0033 ], [ 33.3708, 40.0055 ], [ 33.3689, 40.0095 ], [ 33.3634, 40.0142 ], [ 33.3529, 40.0157 ], [ 33.349, 40.0142 ], [ 33.346, 40.0151 ], [ 33.3424, 40.0194 ], [ 33.3319, 40.0234 ], [ 33.3259, 40.0217 ], [ 33.3187, 40.0241 ], [ 33.3087, 40.0242 ], [ 33.2918, 40.0396 ], [ 33.2858, 40.0502 ], [ 33.2749, 40.0598 ], [ 33.2703, 40.0673 ], [ 33.265, 40.0677 ], [ 33.2625, 40.0707 ], [ 33.2578, 40.072 ], [ 33.2542, 40.0717 ], [ 33.2525, 40.0696 ], [ 33.2301, 40.0737 ], [ 33.2242, 40.0646 ], [ 33.2172, 40.0608 ], [ 33.2112, 40.0604 ], [ 33.2016, 40.0633 ], [ 33.1851, 40.0609 ], [ 33.1768, 40.0536 ], [ 33.1596, 40.0512 ], [ 33.1585, 40.0467 ], [ 33.1434, 40.0485 ], [ 33.1338, 40.0451 ], [ 33.1296, 40.0414 ], [ 33.1256, 40.034 ], [ 33.1215, 40.0312 ], [ 33.117241376451076, 40.030132006633501 ], [ 33.1166, 40.0272 ], [ 33.1109, 40.0247 ], [ 33.1124, 40.0217 ] ], [ [ 32.818344712932536, 40.215191552290747 ], [ 32.8177381590395, 40.216278771532977 ], [ 32.8158, 40.2102 ], [ 32.818344712932536, 40.215191552290747 ] ], [ [ 32.8232, 40.2104 ], [ 32.8339, 40.2043 ], [ 32.821847037701978, 40.211781149012566 ], [ 32.8232, 40.2104 ] ], [ [ 32.9887, 40.1112 ], [ 32.9902, 40.1132 ], [ 32.988060852197066, 40.111140079893474 ], [ 32.9887, 40.1112 ] ], [ [ 33.2081, 40.2606 ], [ 33.2059, 40.2523 ], [ 33.2043, 40.2441 ], [ 33.2081, 40.2606 ] ], [ [ 32.874199176954733, 40.032969958847737 ], [ 32.8762, 40.0397 ], [ 32.8733, 40.0335 ], [ 32.874199176954733, 40.032969958847737 ] ], [ [ 32.8928, 40.024 ], [ 32.8882, 40.0237 ], [ 32.895523198942513, 40.022876140118967 ], [ 32.8928, 40.024 ] ], [ [ 32.904035, 40.022745909090915 ], [ 32.900163815789469, 40.02169013157895 ], [ 32.9012, 40.0214 ], [ 32.904035, 40.022745909090915 ] ], [ [ 32.9121, 40.0276 ], [ 32.907281008902075, 40.024286943620176 ], [ 32.9111, 40.0261 ], [ 32.9121, 40.0276 ] ], [ [ 32.9270125, 40.052575 ], [ 32.9254, 40.0472 ], [ 32.9274, 40.0518 ], [ 32.9270125, 40.052575 ] ], [ [ 32.9278, 40.0552 ], [ 32.927588151658767, 40.054493838862562 ], [ 32.928720367278792, 40.055423873121867 ], [ 32.9278, 40.0552 ] ], [ [ 32.9352, 40.057 ], [ 32.932842857142866, 40.056426640926645 ], [ 32.935830815292491, 40.056870796867805 ], [ 32.9352, 40.057 ] ], [ [ 33.106887394485184, 40.027535396736099 ], [ 33.092998191681716, 40.024052211080054 ], [ 33.0944, 40.0241 ], [ 33.106887394485184, 40.027535396736099 ] ], [ [ 32.8869, 39.9829 ], [ 32.8931, 39.9835 ], [ 32.894015492957749, 39.984085915492962 ], [ 32.8869, 39.9829 ] ], [ [ 32.900150066934408, 39.992667068273093 ], [ 32.895054652071934, 39.984750977326037 ], [ 32.8956, 39.9851 ], [ 32.9003, 39.9924 ], [ 32.900150066934408, 39.992667068273093 ] ], [ [ 33.2727, 40.1427 ], [ 33.274225553662696, 40.139106473594545 ], [ 33.273, 40.1449 ], [ 33.2727, 40.1427 ] ], [ [ 32.8076, 40.2332 ], [ 32.807708282208587, 40.234282822085895 ], [ 32.8054, 40.2327 ], [ 32.8076, 40.2332 ] ], [ [ 32.6608, 40.3212 ], [ 32.657983908045971, 40.321803448275865 ], [ 32.667, 40.3167 ], [ 32.6608, 40.3212 ] ], [ [ 32.676845081967237, 40.294561475409836 ], [ 32.675142666666659, 40.294461333333338 ], [ 32.6756, 40.2942 ], [ 32.676845081967237, 40.294561475409836 ] ], [ [ 32.6826, 40.2949 ], [ 32.681386617100365, 40.294828624535313 ], [ 32.685, 40.294463636363638 ], [ 32.6826, 40.2949 ] ], [ [ 32.694353620497601, 40.292507872261417 ], [ 32.6936, 40.2929 ], [ 32.68901526717557, 40.293733587786264 ], [ 32.6903, 40.2926 ], [ 32.694353620497601, 40.292507872261417 ] ], [ [ 32.38931200585651, 40.21801786237188 ], [ 32.3903, 40.2189 ], [ 32.392105381165919, 40.224234080717487 ], [ 32.3914, 40.2238 ], [ 32.38931200585651, 40.21801786237188 ] ], [ [ 32.3405, 40.326 ], [ 32.321, 40.3386 ], [ 32.3451, 40.3217 ], [ 32.3405, 40.326 ] ], [ [ 32.3708, 40.2767 ], [ 32.3674, 40.2803 ], [ 32.37113091039943, 40.275219611370993 ], [ 32.3708, 40.2767 ] ], [ [ 32.3727, 40.2682 ], [ 32.372325738673673, 40.269874326986205 ], [ 32.372489621318373, 40.266951753155681 ], [ 32.3727, 40.2682 ] ], [ [ 32.340328069588494, 40.235513750418214 ], [ 32.3427, 40.2424 ], [ 32.3402, 40.2372 ], [ 32.340328069588494, 40.235513750418214 ] ], [ [ 32.352, 40.2205 ], [ 32.348631721798142, 40.222530873621707 ], [ 32.3607, 40.2121 ], [ 32.352, 40.2205 ] ], [ [ 32.863376528991246, 40.448439277204102 ], [ 32.867296139839773, 40.455460118614091 ], [ 32.8664, 40.4547 ], [ 32.863376528991246, 40.448439277204102 ] ], [ [ 32.879273111510798, 40.467079946043171 ], [ 32.8816, 40.4692 ], [ 32.882239158576049, 40.472185436893199 ], [ 32.879273111510798, 40.467079946043171 ] ], [ [ 32.888318842805965, 40.5005829493089 ], [ 32.889213890072426, 40.504763613123117 ], [ 32.889, 40.5044 ], [ 32.888318842805965, 40.5005829493089 ] ], [ [ 32.5897, 40.441 ], [ 32.5915, 40.451 ], [ 32.5875, 40.437 ], [ 32.5897, 40.441 ] ] ] } },
{ "type": "Feature", "properties": { "cevre_id": "ANKARA_3", "cevre_adi": "Ankara 3", "il": "ANKARA", "mv_sayisi": 12 }, "geometry": { "type": "Polygon", "coordinates": [ [ [ 32.7822, 39.9187 ], [ 32.7764, 39.9167 ], [ 32.7688, 39.9169 ], [ 32.7361, 39.9121 ], [ 32.7328, 39.9109 ], [ 32.7339, 39.9066 ], [ 32.6958, 39.9046 ], [ 32.6695, 39.889 ], [ 32.6378, 39.8669 ], [ 32.6287, 39.8629 ], [ 32.6261, 39.8577 ], [ 32.6258, 39.8507 ], [ 32.6159, 39.8468 ], [ 32.6069, 39.8276 ], [ 32.5949, 39.819 ], [ 32.5954, 39.8167 ], [ 32.603, 39.8205 ], [ 32.607, 39.8157 ], [ 32.6023, 39.8122 ], [ 32.606, 39.8069 ], [ 32.6158, 39.8027 ], [ 32.6272, 39.7944 ], [ 32.6331, 39.7936 ], [ 32.6334, 39.7889 ], [ 32.6388, 39.7849 ], [ 32.6431, 39.7865 ], [ 32.6457, 39.7796 ], [ 32.6484, 39.7797 ], [ 32.6412, 39.7761 ], [ 32.6421, 39.7755 ], [ 32.638, 39.7732 ], [ 32.6374, 39.77 ], [ 32.6336, 39.7681 ], [ 32.631, 39.7693 ], [ 32.6293, 39.7648 ], [ 32.6217, 39.7599 ], [ 32.6206, 39.7478 ], [ 32.6223, 39.7436 ], [ 32.6214, 39.7412 ], [ 32.6237, 39.7392 ], [ 32.6176, 39.7323 ], [ 32.6132, 39.7305 ], [ 32.599, 39.7313 ], [ 32.5969, 39.7289 ], [ 32.577, 39.7233 ], [ 32.577, 39.7215 ], [ 32.5712, 39.7151 ], [ 32.5715, 39.713 ], [ 32.5742, 39.7134 ], [ 32.5749, 39.7108 ], [ 32.573, 39.707 ], [ 32.5705, 39.7071 ], [ 32.5638, 39.6987 ], [ 32.5633, 39.694 ], [ 32.5665, 39.6931 ], [ 32.5649, 39.6902 ], [ 32.5694, 39.6878 ], [ 32.5677, 39.6788 ], [ 32.5712, 39.6767 ], [ 32.5675, 39.6738 ], [ 32.5688, 39.6676 ], [ 32.5605, 39.6625 ], [ 32.5518, 39.6679 ], [ 32.548, 39.6681 ], [ 32.545, 39.6654 ], [ 32.5458, 39.6633 ], [ 32.541, 39.6639 ], [ 32.5384, 39.6539 ], [ 32.5361, 39.6533 ], [ 32.5341, 39.6551 ], [ 32.5327, 39.6539 ], [ 32.5224, 39.6538 ], [ 32.5192, 39.6505 ], [ 32.5153, 39.6498 ], [ 32.5159, 39.6475 ], [ 32.5129, 39.6472 ], [ 32.5072, 39.6428 ], [ 32.5072, 39.64 ], [ 32.5032, 39.6359 ], [ 32.4975, 39.6359 ], [ 32.4831, 39.6404 ], [ 32.481, 39.6424 ], [ 32.4772, 39.6425 ], [ 32.4758, 39.6454 ], [ 32.4701, 39.6496 ], [ 32.4683, 39.6463 ], [ 32.4465, 39.6444 ], [ 32.4414, 39.641 ], [ 32.4381, 39.6345 ], [ 32.4185, 39.6268 ], [ 32.4172, 39.6303 ], [ 32.4122, 39.6321 ], [ 32.4096, 39.6284 ], [ 32.4067, 39.6288 ], [ 32.406, 39.6318 ], [ 32.4023, 39.6321 ], [ 32.4023, 39.6338 ], [ 32.4003, 39.634 ], [ 32.3987, 39.6388 ], [ 32.3955, 39.6368 ], [ 32.3946, 39.6326 ], [ 32.393, 39.6353 ], [ 32.3874, 39.6316 ], [ 32.3836, 39.6373 ], [ 32.3802, 39.6385 ], [ 32.3627, 39.6327 ], [ 32.3625, 39.6339 ], [ 32.356, 39.6328 ], [ 32.356, 39.6315 ], [ 32.3469, 39.6308 ], [ 32.345, 39.6274 ], [ 32.3385, 39.6269 ], [ 32.3353, 39.6215 ], [ 32.333, 39.6218 ], [ 32.3272, 39.6182 ], [ 32.3185, 39.6219 ], [ 32.3155, 39.6213 ], [ 32.3138, 39.6232 ], [ 32.3156, 39.624 ], [ 32.3128, 39.6259 ], [ 32.3125, 39.6311 ], [ 32.3102, 39.6341 ], [ 32.3141, 39.6375 ], [ 32.3133, 39.6413 ], [ 32.311, 39.641 ], [ 32.3105, 39.6424 ], [ 32.3127, 39.649 ], [ 32.3141, 39.6486 ], [ 32.3148, 39.6505 ], [ 32.3123, 39.6542 ], [ 32.3151, 39.6564 ], [ 32.3083, 39.6607 ], [ 32.3077, 39.6658 ], [ 32.3102, 39.6693 ], [ 32.3239, 39.6673 ], [ 32.3391, 39.6687 ], [ 32.3366, 39.6714 ], [ 32.3375, 39.6726 ], [ 32.3401, 39.6708 ], [ 32.3434, 39.6721 ], [ 32.347, 39.6714 ], [ 32.3514, 39.677 ], [ 32.3558, 39.6923 ], [ 32.3482, 39.6929 ], [ 32.3253, 39.7017 ], [ 32.3136, 39.7002 ], [ 32.2997, 39.6962 ], [ 32.289, 39.7147 ], [ 32.2933, 39.7202 ], [ 32.3006, 39.7233 ], [ 32.3094, 39.7248 ], [ 32.3079, 39.7272 ], [ 32.3103, 39.7281 ], [ 32.3084, 39.7283 ], [ 32.3072, 39.7315 ], [ 32.3055, 39.7307 ], [ 32.3046, 39.7324 ], [ 32.303, 39.7322 ], [ 32.3017, 39.7377 ], [ 32.2982, 39.7407 ], [ 32.2974, 39.7463 ], [ 32.2889, 39.7518 ], [ 32.2918, 39.753 ], [ 32.2937, 39.757 ], [ 32.2867, 39.7569 ], [ 32.2888, 39.7598 ], [ 32.2844, 39.761 ], [ 32.2855, 39.7642 ], [ 32.2814, 39.7654 ], [ 32.2822, 39.7675 ], [ 32.2756, 39.7673 ], [ 32.2721, 39.7728 ], [ 32.2679, 39.7742 ], [ 32.2662, 39.7766 ], [ 32.247, 39.7804 ], [ 32.2369, 39.7873 ], [ 32.2344, 39.7963 ], [ 32.2359, 39.8004 ], [ 32.2433, 39.8029 ], [ 32.252, 39.8115 ], [ 32.258, 39.8245 ], [ 32.261, 39.8273 ], [ 32.2633, 39.8379 ], [ 32.2716, 39.8501 ], [ 32.2718, 39.8528 ], [ 32.2668, 39.8557 ], [ 32.2596, 39.8557 ], [ 32.2582, 39.8623 ], [ 32.2527, 39.8647 ], [ 32.2442, 39.8617 ], [ 32.2403, 39.8585 ], [ 32.231, 39.8612 ], [ 32.2248, 39.8686 ], [ 32.2218, 39.865 ], [ 32.2191, 39.8668 ], [ 32.2158, 39.8656 ], [ 32.212, 39.8702 ], [ 32.2067, 39.871 ], [ 32.1977, 39.8711 ], [ 32.1917, 39.8683 ], [ 32.1892, 39.8701 ], [ 32.1909, 39.8751 ], [ 32.181, 39.8764 ], [ 32.1783, 39.8749 ], [ 32.1467, 39.8784 ], [ 32.1303, 39.8784 ], [ 32.0852, 39.8742 ], [ 32.0506, 39.8811 ], [ 32.0332, 39.8806 ], [ 32.0201, 39.8782 ], [ 31.9779, 39.8777 ], [ 31.9474, 39.8875 ], [ 31.9392, 39.8854 ], [ 31.9261, 39.8792 ], [ 31.912, 39.8761 ], [ 31.8694, 39.8722 ], [ 31.8638, 39.8778 ], [ 31.8525, 39.8782 ], [ 31.8204, 39.8692 ], [ 31.812, 39.8751 ], [ 31.8013, 39.8776 ], [ 31.7916, 39.8825 ], [ 31.7842, 39.8893 ], [ 31.7655, 39.8984 ], [ 31.7638, 39.9072 ], [ 31.7581, 39.9148 ], [ 31.7487, 39.9199 ], [ 31.7412, 39.9263 ], [ 31.7391, 39.935 ], [ 31.7402, 39.9439 ], [ 31.7505, 39.9597 ], [ 31.7451, 39.9669 ], [ 31.7336, 39.9683 ], [ 31.712, 39.9655 ], [ 31.702, 39.97 ], [ 31.7187, 40.009 ], [ 31.7222, 40.0172 ], [ 31.7191, 40.0197 ], [ 31.7046, 40.0212 ], [ 31.6977, 40.0191 ], [ 31.6805, 40.0081 ], [ 31.6617, 40.0066 ], [ 31.6599, 40.0103 ], [ 31.6666, 40.0251 ], [ 31.6667, 40.0367 ], [ 31.6725, 40.0439 ], [ 31.6742, 40.0501 ], [ 31.6718, 40.0536 ], [ 31.6663, 40.0541 ], [ 31.6614, 40.0517 ], [ 31.6564, 40.0419 ], [ 31.6489, 40.035 ], [ 31.6392, 40.0294 ], [ 31.6087, 40.0195 ], [ 31.6014, 40.0197 ], [ 31.5833, 40.0241 ], [ 31.5623, 40.0319 ], [ 31.5392, 40.0359 ], [ 31.5278, 40.0358 ], [ 31.519, 40.0295 ], [ 31.5131, 40.0209 ], [ 31.5042, 40.0207 ], [ 31.4936, 40.0245 ], [ 31.4841, 40.0339 ], [ 31.473, 40.0392 ], [ 31.4705, 40.0433 ], [ 31.4674, 40.0445 ], [ 31.4612, 40.0439 ], [ 31.4591, 40.0422 ], [ 31.459, 40.0326 ], [ 31.4552, 40.0285 ], [ 31.4466, 40.0281 ], [ 31.4376, 40.0214 ], [ 31.4257, 40.0199 ], [ 31.4176, 40.0235 ], [ 31.4128, 40.0234 ], [ 31.4023, 40.0168 ], [ 31.4, 40.0177 ], [ 31.3964, 40.028 ], [ 31.3898, 40.0311 ], [ 31.3878, 40.0338 ], [ 31.3893, 40.0363 ], [ 31.3981, 40.0413 ], [ 31.4051, 40.05 ], [ 31.4024, 40.0557 ], [ 31.3906, 40.0624 ], [ 31.3822, 40.0625 ], [ 31.3736, 40.0582 ], [ 31.347, 40.0508 ], [ 31.3415, 40.0466 ], [ 31.3342, 40.049 ], [ 31.3247, 40.0559 ], [ 31.3082, 40.0602 ], [ 31.298, 40.0621 ], [ 31.2897, 40.0595 ], [ 31.2792, 40.0596 ], [ 31.2693, 40.0637 ], [ 31.2555, 40.0616 ], [ 31.2377, 40.0616 ], [ 31.2087, 40.0562 ], [ 31.2034, 40.0485 ], [ 31.1941, 40.047 ], [ 31.1762, 40.0485 ], [ 31.1621, 40.0516 ], [ 31.1506, 40.0651 ], [ 31.1395, 40.0672 ], [ 31.123, 40.0659 ], [ 31.1207, 40.0671 ], [ 31.1204, 40.071 ], [ 31.1183, 40.0725 ], [ 31.1146, 40.0712 ], [ 31.11, 40.0634 ], [ 31.1011, 40.0537 ], [ 31.0957, 40.0537 ], [ 31.0937, 40.0579 ], [ 31.0912, 40.0588 ], [ 31.0827, 40.0524 ], [ 31.077, 40.0501 ], [ 31.0503, 40.0539 ], [ 31.0291, 40.0477 ], [ 31.0199, 40.0433 ], [ 31.0037, 40.0307 ], [ 30.9956, 40.0294 ], [ 30.9787, 40.0317 ], [ 30.9684, 40.0312 ], [ 30.9558, 40.0345 ], [ 30.9385, 40.0295 ], [ 30.9269, 40.0369 ], [ 30.9129, 40.0382 ], [ 30.9036, 40.0451 ], [ 30.8987, 40.0526 ], [ 30.8967, 40.0528 ], [ 30.8901, 40.0481 ], [ 30.8842, 40.0481 ], [ 30.8711, 40.0604 ], [ 30.8543, 40.064 ], [ 30.8507, 40.07 ], [ 30.8513, 40.0789 ], [ 30.8452, 40.0869 ], [ 30.8433, 40.0923 ], [ 30.8483, 40.1054 ], [ 30.8451, 40.1147 ], [ 30.8375, 40.1253 ], [ 30.8342, 40.1443 ], [ 30.8401, 40.1489 ], [ 30.84, 40.1525 ], [ 30.8446, 40.1606 ], [ 30.8584, 40.1669 ], [ 30.8615, 40.1723 ], [ 30.8675, 40.1727 ], [ 30.8699, 40.1769 ], [ 30.8746, 40.1789 ], [ 30.8812, 40.1769 ], [ 30.8911, 40.1778 ], [ 30.8926, 40.182 ], [ 30.8957, 40.1843 ], [ 30.9065, 40.1835 ], [ 30.9126, 40.1796 ], [ 30.9164, 40.1789 ], [ 30.9187, 40.18 ], [ 30.9253, 40.1776 ], [ 30.9394, 40.1795 ], [ 30.9462, 40.1841 ], [ 30.9515, 40.201 ], [ 30.9561, 40.2047 ], [ 30.9658, 40.2084 ], [ 30.9875, 40.2092 ], [ 30.9925, 40.2131 ], [ 31.0023, 40.2169 ], [ 31.0018, 40.2191 ], [ 31.0164, 40.2238 ], [ 31.0464, 40.2276 ], [ 31.053, 40.2312 ], [ 31.0518, 40.2338 ], [ 31.0562, 40.2382 ], [ 31.0679, 40.2423 ], [ 31.0722, 40.2481 ], [ 31.0706, 40.2511 ], [ 31.0535, 40.2603 ], [ 31.0493, 40.2654 ], [ 31.0569, 40.2836 ], [ 31.0664, 40.2899 ], [ 31.0614, 40.2972 ], [ 31.0616, 40.3074 ], [ 31.0517, 40.3112 ], [ 31.0561, 40.3164 ], [ 31.0639, 40.3216 ], [ 31.0619, 40.3255 ], [ 31.0664, 40.3271 ], [ 31.0548, 40.3451 ], [ 31.0693, 40.3496 ], [ 31.0791, 40.3507 ], [ 31.0911, 40.3563 ], [ 31.1063, 40.3589 ], [ 31.1246, 40.3653 ], [ 31.1383, 40.3549 ], [ 31.1533, 40.3476 ], [ 31.165, 40.3506 ], [ 31.1823, 40.3502 ], [ 31.1972, 40.3531 ], [ 31.2044, 40.3522 ], [ 31.2057, 40.341 ], [ 31.2129, 40.3389 ], [ 31.2131, 40.3375 ], [ 31.2164, 40.3374 ], [ 31.2233, 40.3402 ], [ 31.2356, 40.3347 ], [ 31.2524, 40.3333 ], [ 31.2669, 40.3491 ], [ 31.2911, 40.3426 ], [ 31.3326, 40.3433 ], [ 31.3406, 40.3414 ], [ 31.3551, 40.3433 ], [ 31.3737, 40.3518 ], [ 31.3825, 40.363 ], [ 31.393, 40.3677 ], [ 31.4085, 40.3707 ], [ 31.4295, 40.3629 ], [ 31.4479, 40.3614 ], [ 31.4465, 40.3543 ], [ 31.4356, 40.3366 ], [ 31.4386, 40.331 ], [ 31.4162, 40.3176 ], [ 31.3993, 40.3103 ], [ 31.3931, 40.3061 ], [ 31.3877, 40.2876 ], [ 31.3972, 40.2824 ], [ 31.4193, 40.2887 ], [ 31.4296, 40.2884 ], [ 31.4406, 40.2932 ], [ 31.45, 40.2927 ], [ 31.4567, 40.297 ], [ 31.468, 40.2997 ], [ 31.4741, 40.298 ], [ 31.4766, 40.3024 ], [ 31.4894, 40.3045 ], [ 31.4963, 40.3026 ], [ 31.5059, 40.3058 ], [ 31.5082, 40.3012 ], [ 31.5179, 40.2934 ], [ 31.5382, 40.2897 ], [ 31.5505, 40.2845 ], [ 31.5515, 40.2767 ], [ 31.5629, 40.2804 ], [ 31.5888, 40.2729 ], [ 31.5902, 40.2692 ], [ 31.6043, 40.2731 ], [ 31.6256, 40.2838 ], [ 31.6396, 40.289 ], [ 31.6544, 40.3002 ], [ 31.696, 40.311 ], [ 31.6965, 40.3096 ], [ 31.6918, 40.3061 ], [ 31.6934, 40.3022 ], [ 31.6863, 40.301 ], [ 31.686806055045874, 40.300192721712534 ], [ 31.6969, 40.2995 ], [ 31.7076, 40.3053 ], [ 31.7171, 40.3088 ], [ 31.7219, 40.3087 ], [ 31.7271, 40.3114 ], [ 31.7366, 40.3125 ], [ 31.7411, 40.3112 ], [ 31.7448, 40.3151 ], [ 31.7456, 40.3307 ], [ 31.7496, 40.3315 ], [ 31.7526, 40.334 ], [ 31.7698, 40.331 ], [ 31.8053, 40.315 ], [ 31.8198, 40.312 ], [ 31.8242, 40.3195 ], [ 31.8278, 40.3196 ], [ 31.8296, 40.3161 ], [ 31.8368, 40.3136 ], [ 31.8459, 40.3065 ], [ 31.8537, 40.3058 ], [ 31.8572, 40.3094 ], [ 31.8657, 40.3103 ], [ 31.8718, 40.3131 ], [ 31.8745, 40.3201 ], [ 31.8896, 40.3284 ], [ 31.9017, 40.3396 ], [ 31.9067, 40.3424 ], [ 31.9145, 40.3438 ], [ 31.9245, 40.3541 ], [ 31.9312, 40.3569 ], [ 31.938, 40.3576 ], [ 31.9467, 40.3537 ], [ 31.9583, 40.3534 ], [ 31.9772, 40.3575 ], [ 31.9812, 40.3653 ], [ 31.9969, 40.3721 ], [ 32.0015, 40.3765 ], [ 32.0044, 40.3866 ], [ 32.0096, 40.3923 ], [ 32.0139, 40.3937 ], [ 32.0243, 40.4015 ], [ 32.0268, 40.4059 ], [ 32.0493, 40.4191 ], [ 32.0593, 40.4215 ], [ 32.0937, 40.4192 ], [ 32.1095, 40.4086 ], [ 32.138, 40.3998 ], [ 32.2007, 40.3867 ], [ 32.2102, 40.3816 ], [ 32.213, 40.3728 ], [ 32.2121, 40.3589 ], [ 32.2016, 40.3465 ], [ 32.1845, 40.3392 ], [ 32.1665, 40.3356 ], [ 32.1256, 40.3356 ], [ 32.1212, 40.3289 ], [ 32.1202, 40.3015 ], [ 32.1224, 40.2921 ], [ 32.1365, 40.2743 ], [ 32.1593, 40.2531 ], [ 32.16, 40.2483 ], [ 32.1572, 40.2457 ], [ 32.1518, 40.2442 ], [ 32.1277, 40.2406 ], [ 32.114, 40.2353 ], [ 32.1068, 40.2278 ], [ 32.1057, 40.2174 ], [ 32.1096, 40.185 ], [ 32.1159, 40.1797 ], [ 32.1237, 40.16 ], [ 32.1319, 40.1525 ], [ 32.1334, 40.1441 ], [ 32.1239, 40.1292 ], [ 32.1414, 40.1136 ], [ 32.1641, 40.0874 ], [ 32.1894, 40.0656 ], [ 32.1938, 40.063 ], [ 32.2056, 40.0618 ], [ 32.2169, 40.0666 ], [ 32.2269, 40.0776 ], [ 32.2347, 40.104 ], [ 32.2431, 40.1141 ], [ 32.2534, 40.1194 ], [ 32.2852, 40.128 ], [ 32.2949, 40.134 ], [ 32.3063, 40.1444 ], [ 32.3069, 40.1543 ], [ 32.3114, 40.1545 ], [ 32.3187, 40.1577 ], [ 32.3184, 40.1595 ], [ 32.3227, 40.1611 ], [ 32.3248, 40.1653 ], [ 32.332, 40.169 ], [ 32.3355, 40.1728 ], [ 32.3462, 40.1732 ], [ 32.3572, 40.1816 ], [ 32.3725, 40.1862 ], [ 32.367, 40.1959 ], [ 32.3685, 40.2041 ], [ 32.3725, 40.2061 ], [ 32.3763, 40.2058 ], [ 32.3826, 40.2098 ], [ 32.397, 40.2081 ], [ 32.4039, 40.211 ], [ 32.4089, 40.2102 ], [ 32.4146, 40.2125 ], [ 32.4192, 40.2124 ], [ 32.426, 40.2169 ], [ 32.4281, 40.216 ], [ 32.4382, 40.2191 ], [ 32.4556, 40.2303 ], [ 32.457, 40.2365 ], [ 32.475, 40.2405 ], [ 32.4697, 40.252 ], [ 32.4757, 40.2516 ], [ 32.4786, 40.2532 ], [ 32.4822, 40.2499 ], [ 32.4847, 40.252 ], [ 32.5028, 40.2414 ], [ 32.51, 40.2389 ], [ 32.5128, 40.2407 ], [ 32.5163, 40.2407 ], [ 32.515, 40.2391 ], [ 32.5198, 40.2342 ], [ 32.5233, 40.2357 ], [ 32.5465, 40.2283 ], [ 32.5469, 40.2242 ], [ 32.5416, 40.2158 ], [ 32.5456, 40.2121 ], [ 32.5389, 40.2116 ], [ 32.5394, 40.209 ], [ 32.5445, 40.2072 ], [ 32.5498, 40.1994 ], [ 32.5477, 40.191 ], [ 32.5341, 40.1898 ], [ 32.5264, 40.1851 ], [ 32.5355, 40.182 ], [ 32.5395, 40.1785 ], [ 32.5284, 40.1717 ], [ 32.5259, 40.1679 ], [ 32.5274, 40.1649 ], [ 32.5233, 40.1606 ], [ 32.516, 40.1561 ], [ 32.5204, 40.1588 ], [ 32.5286, 40.1518 ], [ 32.5277, 40.133 ], [ 32.5377, 40.1178 ], [ 32.581, 40.1057 ], [ 32.5937, 40.0924 ], [ 32.5943, 40.0853 ], [ 32.5909, 40.0802 ], [ 32.5959, 40.0774 ], [ 32.5924, 40.0729 ], [ 32.5849, 40.0761 ], [ 32.5756, 40.063 ], [ 32.5759, 40.0603 ], [ 32.5863, 40.054 ], [ 32.5879, 40.0494 ], [ 32.5855, 40.0489 ], [ 32.5913, 40.048 ], [ 32.591, 40.0434 ], [ 32.5875, 40.0393 ], [ 32.5983, 40.0372 ], [ 32.599, 40.0357 ], [ 32.61, 40.0348 ], [ 32.618, 40.0316 ], [ 32.6217, 40.0283 ], [ 32.6305, 40.0259 ], [ 32.6344, 40.0341 ], [ 32.6376, 40.0332 ], [ 32.6491, 40.0352 ], [ 32.6549, 40.0343 ], [ 32.652, 40.0425 ], [ 32.6532, 40.0456 ], [ 32.6557, 40.0466 ], [ 32.6532, 40.0489 ], [ 32.6603, 40.0533 ], [ 32.6651, 40.059 ], [ 32.6703, 40.0595 ], [ 32.6849, 40.0664 ], [ 32.6855, 40.0693 ], [ 32.7056, 40.0862 ], [ 32.7182, 40.0895 ], [ 32.7257, 40.0949 ], [ 32.7277, 40.0945 ], [ 32.7277, 40.0967 ], [ 32.7332, 40.0953 ], [ 32.7382, 40.098 ], [ 32.7375, 40.0994 ], [ 32.7458, 40.0997 ], [ 32.755, 40.1049 ], [ 32.7623, 40.1026 ], [ 32.7709, 40.1049 ], [ 32.7779, 40.1011 ], [ 32.7817, 40.0959 ], [ 32.7866, 40.0928 ], [ 32.7861, 40.0853 ], [ 32.7912, 40.0812 ], [ 32.7906, 40.0778 ], [ 32.8057, 40.0663 ], [ 32.8024, 40.0567 ], [ 32.8014, 40.0472 ], [ 32.8038, 40.0451 ], [ 32.8005, 40.0392 ], [ 32.8032, 40.0358 ], [ 32.8015, 40.0299 ], [ 32.7902, 40.016 ], [ 32.7965, 40.0099 ], [ 32.7988, 40.0033 ], [ 32.7961, 40.003 ], [ 32.7965, 39.9981 ], [ 32.7999, 39.9941 ], [ 32.7994, 39.9909 ], [ 32.8114, 39.9856 ], [ 32.8112, 39.977 ], [ 32.8178, 39.969 ], [ 32.8319, 39.9688 ], [ 32.835, 39.9701 ], [ 32.8471, 39.9604 ], [ 32.8417, 39.9587 ], [ 32.8384, 39.9553 ], [ 32.8322, 39.9551 ], [ 32.8323, 39.9533 ], [ 32.8354, 39.9512 ], [ 32.8307, 39.946 ], [ 32.8406, 39.9389 ], [ 32.8374, 39.9351 ], [ 32.8194, 39.9315 ], [ 32.8141, 39.922 ], [ 32.8145, 39.9127 ], [ 32.8073, 39.911 ], [ 32.8022, 39.9153 ], [ 32.7979, 39.9259 ], [ 32.794035243902442, 39.930573658536581 ], [ 32.7992, 39.9226 ], [ 32.7893, 39.9181 ], [ 32.7822, 39.9187 ] ], [ [ 32.4662, 39.9596 ], [ 32.4485, 39.9756 ], [ 32.466199859353026, 39.959590576652595 ], [ 32.4662, 39.9596 ] ], [ [ 32.5379, 39.754 ], [ 32.551626998223803, 39.750752753108351 ], [ 32.5512, 39.7515 ], [ 32.5379, 39.754 ] ], [ [ 32.601154169914267, 39.993504286827743 ], [ 32.599867730496456, 39.990514184397163 ], [ 32.6011, 39.9915 ], [ 32.601154169914267, 39.993504286827743 ] ], [ [ 32.598987418655092, 39.998769848156186 ], [ 32.6024, 39.9964 ], [ 32.602212076749439, 39.99596320541761 ], [ 32.603327652485902, 39.996804459251663 ], [ 32.598987418655092, 39.998769848156186 ] ], [ [ 32.656929824561402, 39.985407017543864 ], [ 32.655837860082308, 39.990184362139914 ], [ 32.6558, 39.9892 ], [ 32.656929824561402, 39.985407017543864 ] ], [ [ 32.6883, 39.9588 ], [ 32.664107648183567, 39.970601147227526 ], [ 32.6642, 39.9705 ], [ 32.6883, 39.9588 ] ], [ [ 32.793648484370067, 39.931170760972527 ], [ 32.7973, 39.9365 ], [ 32.7935, 39.9314 ], [ 32.793648484370067, 39.931170760972527 ] ], [ [ 32.581, 40.0519 ], [ 32.5789, 40.0492 ], [ 32.5746, 40.0393 ], [ 32.581, 40.0519 ] ], [ [ 32.5868, 39.9963 ], [ 32.5927, 39.9965 ], [ 32.592908206245468, 39.99658191721133 ], [ 32.5868, 39.9963 ] ], [ [ 32.597488785046743, 39.998384112149537 ], [ 32.59874649122807, 39.998878947368418 ], [ 32.5987, 39.9989 ], [ 32.597488785046743, 39.998384112149537 ] ], [ [ 32.07134, 40.03456 ], [ 32.065421516623076, 40.026513522599913 ], [ 32.0696, 40.0315 ], [ 32.07134, 40.03456 ] ], [ [ 31.6964, 40.2891 ], [ 31.687059063690814, 40.299789112683705 ], [ 31.6905, 40.2943 ], [ 31.6964, 40.2891 ] ] ] } },
{ "type": "Feature", "properties": { "cevre_id": "ANTALYA", "cevre_adi": "ANTALYA", "il": "ANTALYA", "mv_sayisi": 17 }, "geometry": { "type": "MultiPolygon", "coordinates": [ [ [ [ 29.63902854919462, 36.121250152587947 ], [ 29.645696640014933, 36.115695953369368 ], [ 29.627916336059741, 36.107639312744141 ], [ 29.62874984741228, 36.111251831054972 ], [ 29.63902854919462, 36.121250152587947 ] ] ], [ [ [ 29.662639617920206, 36.136531829834098 ], [ 29.660417556762752, 36.130138397216967 ], [ 29.654581069946573, 36.132915496826286 ], [ 29.654861450195369, 36.13430404663103 ], [ 29.662639617920206, 36.136531829834098 ] ] ], [ [ [ 29.755695343017862, 36.141250610351506 ], [ 29.766250610351619, 36.131526947021712 ], [ 29.738750457763615, 36.122638702392692 ], [ 29.740415573120174, 36.127082824707315 ], [ 29.755695343017862, 36.141250610351506 ] ] ], [ [ [ 29.655416488647745, 36.144306182861555 ], [ 29.656250000000284, 36.142917633056811 ], [ 29.653194427490291, 36.141250610351506 ], [ 29.653194427490291, 36.143470764160213 ], [ 29.655416488647745, 36.144306182861555 ] ] ], [ [ [ 29.624584197998104, 36.153472900390796 ], [ 29.627916336059741, 36.15152740478544 ], [ 29.62180519104021, 36.150695800781477 ], [ 29.62208366394043, 36.152362823486442 ], [ 29.624584197998104, 36.153472900390796 ] ] ], [ [ [ 29.632085800170955, 36.153472900390796 ], [ 29.632360458374308, 36.152084350586051 ], [ 29.62874984741228, 36.15152740478544 ], [ 29.629028320312671, 36.152362823486442 ], [ 29.632085800170955, 36.153472900390796 ] ] ], [ [ [ 29.492082595825138, 36.16041564941429 ], [ 29.494581222534237, 36.157081604003849 ], [ 29.496528625488338, 36.159584045410156 ], [ 29.51736068725603, 36.157081604003849 ], [ 29.486249923706339, 36.150695800781477 ], [ 29.492082595825138, 36.16041564941429 ] ] ], [ [ [ 29.626806259155558, 36.162639617919979 ], [ 29.627082824706974, 36.160972595215071 ], [ 29.624860763549862, 36.159862518310717 ], [ 29.624027252197322, 36.162082672119425 ], [ 29.626806259155558, 36.162639617919979 ] ] ], [ [ [ 29.629304885864315, 36.163471221923771 ], [ 29.630138397216854, 36.162361145019815 ], [ 29.629583358764705, 36.16041564941429 ], [ 29.627916336059741, 36.161529541015625 ], [ 29.629304885864315, 36.163471221923771 ] ] ], [ [ [ 29.592914581298885, 36.166526794433821 ], [ 29.589860916137752, 36.149860382080135 ], [ 29.607084274292049, 36.144584655761946 ], [ 29.559305191040096, 36.120971679687784 ], [ 29.592914581298885, 36.166526794433821 ] ] ], [ [ [ 29.872915267944506, 36.169029235839901 ], [ 29.873472213745117, 36.167640686035384 ], [ 29.870693206787394, 36.16624832153343 ], [ 29.871250152587947, 36.168750762939737 ], [ 29.872915267944506, 36.169029235839901 ] ] ], [ [ [ 29.836805343628214, 36.171249389648438 ], [ 29.838193893432788, 36.168193817138786 ], [ 29.836250305175838, 36.167083740234432 ], [ 29.834026336669979, 36.169029235839901 ], [ 29.836805343628214, 36.171249389648438 ] ] ], [ [ [ 29.833196640014933, 36.169303894043139 ], [ 29.83263969421381, 36.171249389648438 ], [ 29.836250305175838, 36.172084808349609 ], [ 29.835971832275504, 36.171249389648438 ], [ 29.833196640014933, 36.169303894043139 ] ] ], [ [ [ 29.548471450805721, 36.187084197998161 ], [ 29.551807403564737, 36.184028625488281 ], [ 29.551807403564737, 36.182918548583928 ], [ 29.545972824096623, 36.184581756592081 ], [ 29.548471450805721, 36.187084197998161 ] ] ], [ [ [ 29.912639617919979, 36.191528320312557 ], [ 29.912361145019645, 36.188194274902344 ], [ 29.910417556762866, 36.188194274902344 ], [ 29.909860610961914, 36.189304351806697 ], [ 29.912639617919979, 36.191528320312557 ] ] ], [ [ [ 30.407638549804744, 36.192081451415959 ], [ 30.409025192261026, 36.179584503174055 ], [ 30.406806945800724, 36.1754150390625 ], [ 30.402639389038143, 36.190971374512003 ], [ 30.407638549804744, 36.192081451415959 ] ] ], [ [ [ 29.914861679077148, 36.197639465332088 ], [ 29.881250381469727, 36.169029235839901 ], [ 29.881805419921932, 36.176807403564567 ], [ 29.840694427490291, 36.169029235839901 ], [ 29.914861679077148, 36.197639465332088 ] ] ], [ [ [ 30.405416488647404, 36.202915191650504 ], [ 30.402915954589901, 36.196804046630973 ], [ 30.399305343628214, 36.197639465332088 ], [ 30.401805877685717, 36.202362060547102 ], [ 30.405416488647404, 36.202915191650504 ] ] ], [ [ [ 29.439306259155558, 36.204582214355639 ], [ 29.437084197998104, 36.199306488037394 ], [ 29.435417175293139, 36.199028015136832 ], [ 29.434860229492358, 36.203472137451456 ], [ 29.439306259155558, 36.204582214355639 ] ] ], [ [ [ 29.899305343627987, 36.206527709961108 ], [ 29.903747558593807, 36.203750610351847 ], [ 29.902639389038029, 36.20124816894554 ], [ 29.899026870727596, 36.202640533447493 ], [ 29.899305343627987, 36.206527709961108 ] ] ], [ [ [ 29.90736007690424, 36.21291732788103 ], [ 29.902639389038029, 36.206806182861328 ], [ 29.89486122131359, 36.209304809570426 ], [ 29.897361755371094, 36.211528778076115 ], [ 29.90736007690424, 36.21291732788103 ] ] ], [ [ [ 29.365417480468921, 36.218193054199446 ], [ 29.351528167724894, 36.210140228271769 ], [ 29.346250534057901, 36.208751678467024 ], [ 29.347360610962085, 36.214027404785384 ], [ 29.365417480468921, 36.218193054199446 ] ] ], [ [ [ 29.37402725219755, 36.224582672119368 ], [ 29.373470306396769, 36.219860076904354 ], [ 29.367639541626033, 36.220695495605696 ], [ 29.369028091430948, 36.224029541015568 ], [ 29.37402725219755, 36.224582672119368 ] ] ], [ [ [ 30.472917556762752, 36.240695953369425 ], [ 30.4809703826906, 36.232082366943644 ], [ 30.479583740234432, 36.230140686035327 ], [ 30.469863891601619, 36.23680496215843 ], [ 30.472917556762752, 36.240695953369425 ] ] ], [ [ [ 30.144306182861499, 36.265415191650618 ], [ 30.142915725708178, 36.263748168945483 ], [ 30.139862060546932, 36.264862060547046 ], [ 30.139862060546932, 36.265415191650618 ], [ 30.144306182861499, 36.265415191650618 ] ] ], [ [ [ 30.553472518921069, 36.460971832275504 ], [ 30.554027557373104, 36.457359313964844 ], [ 30.547082901001147, 36.457359313964844 ], [ 30.550693511963175, 36.460971832275504 ], [ 30.553472518921069, 36.460971832275504 ] ] ], [ [ [ 31.663749694824162, 36.647640228271541 ], [ 31.664306640625284, 36.645973205566406 ], [ 31.661249160766658, 36.64708328247093 ], [ 31.661249160766658, 36.647640228271541 ], [ 31.663749694824162, 36.647640228271541 ] ] ], [ [ [ 30.589305877685547, 36.804306030273438 ], [ 30.590415954589901, 36.803195953369084 ], [ 30.590415954589901, 36.800693511963175 ], [ 30.587917327880859, 36.802082061767578 ], [ 30.589305877685547, 36.804306030273438 ] ] ], [ [ [ 31.449348449707315, 37.344013214111385 ], [ 31.727830886840934, 37.327564239501953 ], [ 31.846702575683764, 37.288299560546989 ], [ 32.232948303222827, 37.000308990478572 ], [ 32.291046142578409, 36.850933074951172 ], [ 32.42606353759777, 36.820728302002067 ], [ 32.470584869384822, 36.751125335693303 ], [ 32.456497192382983, 36.674057006835994 ], [ 32.503814697265682, 36.561042785644645 ], [ 32.554233551025561, 36.508216857910099 ], [ 32.658142089843807, 36.446079254150504 ], [ 32.635822296142521, 36.383594512939453 ], [ 32.646621704101562, 36.283443450927678 ], [ 32.580059051513729, 36.110248565673771 ], [ 32.534862518310604, 36.092082977295036 ], [ 32.487915039062443, 36.109027862549055 ], [ 32.295417785644815, 36.234306335449503 ], [ 32.274860382080135, 36.289028167724609 ], [ 32.215972900390796, 36.335693359375057 ], [ 32.165973663330135, 36.417083740234375 ], [ 32.029582977294979, 36.538192749023438 ], [ 32.005695343017749, 36.542915344238565 ], [ 32.00041580200201, 36.530418395996151 ], [ 31.985696792602653, 36.527362823486442 ], [ 31.96875, 36.555973052978629 ], [ 31.774583816528605, 36.604026794433594 ], [ 31.7459716796875, 36.638195037841911 ], [ 31.672082901001033, 36.644027709960881 ], [ 31.561250686645565, 36.71180725097679 ], [ 31.386249542236385, 36.76402664184576 ], [ 31.387083053589151, 36.780693054199446 ], [ 31.329584121704386, 36.809307098388842 ], [ 31.006526947021769, 36.858196258544979 ], [ 30.757360458374194, 36.844860076904354 ], [ 30.700138092041072, 36.88458251953125 ], [ 30.622360229492358, 36.850692749023665 ], [ 30.574861526489542, 36.794860839843864 ], [ 30.571250915527514, 36.674861907958984 ], [ 30.554582595825252, 36.645973205566406 ], [ 30.559858322143668, 36.611526489257869 ], [ 30.591527938843058, 36.589305877685604 ], [ 30.557916641235295, 36.543472290039176 ], [ 30.56541633605957, 36.532638549804631 ], [ 30.541528701782397, 36.522361755371094 ], [ 30.507362365722827, 36.468750000000171 ], [ 30.509580612182788, 36.439861297607592 ], [ 30.481252670288143, 36.434028625488224 ], [ 30.491807937622127, 36.421527862548771 ], [ 30.476804733276538, 36.398750305175952 ], [ 30.529584884643498, 36.334304809570312 ], [ 30.467081069946573, 36.314304351806754 ], [ 30.468194961547908, 36.299026489257812 ], [ 30.488750457763842, 36.299304962158203 ], [ 30.487638473510742, 36.279026031494254 ], [ 30.405693054199389, 36.209304809570426 ], [ 30.408193588256893, 36.275417327880973 ], [ 30.370136260986499, 36.26874923706049 ], [ 30.28125190734869, 36.314582824707145 ], [ 30.20041656494169, 36.31541824340826 ], [ 30.149583816528491, 36.300971984863509 ], [ 30.151805877685604, 36.27208328247076 ], [ 30.138193130493221, 36.277915954590071 ], [ 30.116529464721737, 36.247360229492188 ], [ 30.06152534484869, 36.259582519531477 ], [ 29.98125076293951, 36.214309692382983 ], [ 29.922361373901424, 36.234027862548942 ], [ 29.890972137451172, 36.211528778076115 ], [ 29.886804580688533, 36.193748474121264 ], [ 29.845972061157283, 36.196254730224894 ], [ 29.829027175903377, 36.189029693603459 ], [ 29.85041618347185, 36.193195343017692 ], [ 29.800693511963175, 36.165416717529297 ], [ 29.829305648803768, 36.169029235839901 ], [ 29.792638778686694, 36.142917633056811 ], [ 29.75986289978033, 36.14014053344755 ], [ 29.78347206115734, 36.157917022705362 ], [ 29.722917556762866, 36.163471221923771 ], [ 29.682638168335018, 36.130416870117188 ], [ 29.678195953369197, 36.152915954589844 ], [ 29.654581069946573, 36.147083282470874 ], [ 29.630416870117244, 36.16958236694353 ], [ 29.641805648803768, 36.183750152587891 ], [ 29.650417327881144, 36.173473358154354 ], [ 29.64486122131342, 36.196254730224894 ], [ 29.583749771118221, 36.185974121093977 ], [ 29.630416870117244, 36.205417633056754 ], [ 29.45875167846674, 36.221248626709098 ], [ 29.441528320312671, 36.210414886474609 ], [ 29.455139160156307, 36.225692749023722 ], [ 29.411806106567553, 36.224304199218807 ], [ 29.404306411743448, 36.244304656982536 ], [ 29.417085647583292, 36.260692596435831 ], [ 29.392917633056925, 36.264026641845703 ], [ 29.368473052978572, 36.262638092041129 ], [ 29.374862670898494, 36.248748779296932 ], [ 29.353197097778605, 36.229583740234375 ], [ 29.313749313354549, 36.246807098388786 ], [ 29.25625228881853, 36.300140380859546 ], [ 29.29875755310087, 36.31876373291044 ], [ 29.328477859497241, 36.401874542236442 ], [ 29.327091217041129, 36.442317962646428 ], [ 29.574020385742472, 36.614864349365291 ], [ 29.604988098144702, 36.779148101806754 ], [ 29.6735973358156, 36.874767303466967 ], [ 29.684257507324503, 36.919002532958984 ], [ 29.752204895019474, 36.935413360595703 ], [ 29.809103012085018, 36.99095535278326 ], [ 29.848285675048999, 37.121871948242188 ], [ 29.920265197754077, 37.188228607177848 ], [ 30.04769325256342, 37.237758636474666 ], [ 30.315387725830249, 37.307170867919922 ], [ 30.361600875854663, 37.299709320068359 ], [ 30.393476486206112, 37.243175506591911 ], [ 30.444126129150561, 37.223617553711222 ], [ 30.750419616699276, 37.236431121826399 ], [ 30.805181503296183, 37.224578857421989 ], [ 30.881935119628906, 37.36235427856451 ], [ 30.93602561950712, 37.373794555664062 ], [ 30.996772766113452, 37.342758178710994 ], [ 31.17972755432146, 37.389701843261946 ], [ 31.238805770874023, 37.421794891357592 ], [ 31.323301315307617, 37.424388885498161 ], [ 31.374643325805607, 37.370304107666016 ], [ 31.449348449707315, 37.344013214111385 ] ] ] ] } },
{ "type": "Feature", "properties": { "cevre_id": "ARDAHAN", "cevre_adi": "ARDAHAN", "il": "ARDAHAN", "mv_sayisi": 2 }, "geometry": { "type": "MultiPolygon", "coordinates": [ [ [ [ 42.7628822326663, 41.584369659423828 ], [ 42.83630752563505, 41.582843780517578 ], [ 42.820827484130973, 41.535919189453182 ], [ 42.793460845947436, 41.516441345215071 ], [ 42.809623718261776, 41.492660522461051 ], [ 42.851924896240519, 41.472785949707088 ], [ 42.866203308105639, 41.499107360839901 ], [ 42.895412445068644, 41.503696441650391 ], [ 42.904537200927791, 41.48081207275402 ], [ 42.969593048095817, 41.451511383056868 ], [ 43.024772644043026, 41.378250122070256 ], [ 43.101520538330135, 41.354579925537166 ], [ 43.129611968994197, 41.317916870117244 ], [ 43.2023353576663, 41.300365447998047 ], [ 43.123920440674112, 41.254093170166243 ], [ 43.192096710205249, 41.252113342285213 ], [ 43.23177719116228, 41.192749023437557 ], [ 43.226543426513956, 41.176059722900447 ], [ 43.28223037719755, 41.181869506835994 ], [ 43.263774871826172, 41.155364990234432 ], [ 43.262226104736612, 41.090145111083928 ], [ 43.226165771484432, 41.03093338012718 ], [ 43.174381256103572, 41.003044128418082 ], [ 43.072074890136776, 40.985820770263615 ], [ 42.915225982666072, 40.927501678466967 ], [ 42.875198364257983, 40.858581542968807 ], [ 42.869586944580135, 40.770298004150391 ], [ 42.836013793945597, 40.713542938232649 ], [ 42.704601287841854, 40.681495666503849 ], [ 42.611167907714787, 40.640113830566349 ], [ 42.548084259033487, 40.640731811523608 ], [ 42.491706848144645, 40.721416473388786 ], [ 42.379020690918253, 40.834453582763729 ], [ 42.332916259765796, 40.924530029296875 ], [ 42.330814361572322, 40.982887268066406 ], [ 42.398357391357706, 41.085273742675895 ], [ 42.489646911621378, 41.156017303466797 ], [ 42.557403564453296, 41.185615539550724 ], [ 42.583225250244084, 41.226352691650391 ], [ 42.531871795654581, 41.300823211670149 ], [ 42.472846984863565, 41.439739227295036 ], [ 42.520328521728686, 41.440048217773381 ], [ 42.516136169433878, 41.479164123535156 ], [ 42.569499969482422, 41.510925292968977 ], [ 42.579868316650447, 41.566108703613565 ], [ 42.60232162475603, 41.583797454833984 ], [ 42.708301544189737, 41.598007202148438 ], [ 42.7628822326663, 41.584369659423828 ] ] ] ] } },
{ "type": "Feature", "properties": { "cevre_id": "ARTVIN", "cevre_adi": "ARTVIN", "il": "ARTVIN", "mv_sayisi": 2 }, "geometry": { "type": "MultiPolygon", "coordinates": [ [ [ [ 41.589607238769531, 41.513298034667912 ], [ 41.654953002929801, 41.483612060546932 ], [ 41.708831787109546, 41.497718811035156 ], [ 41.715652465820597, 41.475139617919979 ], [ 41.781242370605753, 41.464168548584098 ], [ 41.823112487792969, 41.434616088867415 ], [ 41.955184936523722, 41.524646759033146 ], [ 42.048130035400447, 41.494529724121151 ], [ 42.087154388427905, 41.511764526367131 ], [ 42.183895111084041, 41.514514923095987 ], [ 42.203910827637003, 41.493595123291016 ], [ 42.281776428222656, 41.495216369628906 ], [ 42.334022521972599, 41.471023559570369 ], [ 42.407653808593693, 41.466583251953125 ], [ 42.472846984863565, 41.439739227295036 ], [ 42.531871795654581, 41.300823211670149 ], [ 42.583225250244084, 41.226352691650391 ], [ 42.557403564453296, 41.185615539550724 ], [ 42.489646911621378, 41.156017303466797 ], [ 42.398357391357706, 41.085273742675895 ], [ 42.330814361572322, 40.982887268066406 ], [ 42.273120880127124, 40.965312957763899 ], [ 42.099296569824219, 40.963840484619254 ], [ 42.012680053711108, 40.930656433105469 ], [ 41.973175048828125, 40.856365203857422 ], [ 41.903701782226847, 40.640537261963004 ], [ 41.824424743652514, 40.618213653564567 ], [ 41.714237213134709, 40.660503387451229 ], [ 41.648216247558651, 40.661705017089844 ], [ 41.428695678710994, 40.563056945800724 ], [ 41.362621307373104, 40.57928466796875 ], [ 41.33960342407255, 40.650157928466797 ], [ 41.396972656250171, 40.744716644287223 ], [ 41.385581970214901, 40.772174835205362 ], [ 41.199081420898494, 40.780246734619141 ], [ 41.122306823730469, 40.808452606201172 ], [ 41.337032318115291, 41.031253814697266 ], [ 41.407253265380916, 41.065059661865291 ], [ 41.423980712890739, 41.093452453613395 ], [ 41.409259796142578, 41.117176055908317 ], [ 41.368812561035213, 41.11997222900402 ], [ 41.306770324707202, 41.155185699462834 ], [ 41.255619049072322, 41.208522796630916 ], [ 41.247852325439737, 41.255607604980412 ], [ 41.211475372314453, 41.302917480468693 ], [ 41.272361755371378, 41.344860076904354 ], [ 41.41069412231451, 41.386528015136776 ], [ 41.474029541015796, 41.461528778076172 ], [ 41.521804809570369, 41.482639312744254 ], [ 41.548194885253849, 41.526275634765625 ], [ 41.589607238769531, 41.513298034667912 ] ] ] ] } },
{ "type": "Feature", "properties": { "cevre_id": "AYDIN", "cevre_adi": "AYDIN", "il": "AYDIN", "mv_sayisi": 8 }, "geometry": { "type": "MultiPolygon", "coordinates": [ [ [ [ 27.329860687256087, 37.331249237060774 ], [ 27.333749771118505, 37.33013916015625 ], [ 27.331527709961392, 37.321804046630803 ], [ 27.325416564941463, 37.325416564941463 ], [ 27.329860687256087, 37.331249237060774 ] ] ], [ [ [ 27.41152763366739, 37.413471221923885 ], [ 27.410692214965877, 37.409027099609489 ], [ 27.407917022705533, 37.409027099609489 ], [ 27.408470153808935, 37.411804199218977 ], [ 27.41152763366739, 37.413471221923885 ] ] ], [ [ [ 27.181804656982422, 37.563472747802905 ], [ 27.182916641235352, 37.561248779297159 ], [ 27.182361602783374, 37.560138702392805 ], [ 27.180416107177848, 37.561248779297159 ], [ 27.181804656982422, 37.563472747802905 ] ] ], [ [ [ 27.140417098998967, 37.613750457763729 ], [ 27.142360687256257, 37.606250762939453 ], [ 27.159860610962312, 37.586807250976847 ], [ 27.139028549194791, 37.607360839843807 ], [ 27.140417098998967, 37.613750457763729 ] ] ], [ [ [ 27.005971908569677, 37.653472900390852 ], [ 27.004583358764762, 37.64930725097679 ], [ 26.999860763550146, 37.64930725097679 ], [ 27.001249313354492, 37.652084350585938 ], [ 27.005971908569677, 37.653472900390852 ] ] ], [ [ [ 27.014862060547102, 37.65513992309576 ], [ 27.014028549194336, 37.652362823486499 ], [ 27.009304046630973, 37.65263748168968 ], [ 27.010139465332486, 37.654304504394645 ], [ 27.014862060547102, 37.65513992309576 ] ] ], [ [ [ 27.01847267150896, 37.692638397216967 ], [ 27.018194198608398, 37.69041824340826 ], [ 27.015972137451456, 37.690692901611499 ], [ 27.015693664550895, 37.692359924316406 ], [ 27.01847267150896, 37.692638397216967 ] ] ], [ [ [ 28.815587997436808, 38.036735534668082 ], [ 28.869655609131087, 37.982742309570426 ], [ 28.793079376220817, 37.906478881836222 ], [ 28.764228820800781, 37.84311676025402 ], [ 28.849018096923828, 37.763168334961165 ], [ 28.87846755981451, 37.691711425781534 ], [ 28.740436553955192, 37.600101470947266 ], [ 28.614013671875057, 37.610515594482536 ], [ 28.573816299438533, 37.591552734375114 ], [ 28.550529479980753, 37.570991516113224 ], [ 28.556762695312727, 37.544166564941406 ], [ 28.604200363159407, 37.47769927978527 ], [ 28.461118698120117, 37.497226715088004 ], [ 28.294479370117188, 37.586898803710994 ], [ 28.220544815063704, 37.562210083007926 ], [ 28.14990234375, 37.47454833984375 ], [ 27.884967803955192, 37.457042694091797 ], [ 27.698598861694563, 37.497177124023381 ], [ 27.506229400634936, 37.574592590332145 ], [ 27.444992065429744, 37.505565643310604 ], [ 27.414861679077262, 37.415702819824332 ], [ 27.368749618530614, 37.399581909179688 ], [ 27.359861373901424, 37.372081756591854 ], [ 27.329305648803711, 37.378471374511776 ], [ 27.330415725708065, 37.342639923095874 ], [ 27.28541755676315, 37.35625076293951 ], [ 27.253749847412507, 37.335693359375 ], [ 27.191528320312955, 37.35374832153343 ], [ 27.217916488647461, 37.392360687255973 ], [ 27.209028244019009, 37.398750305175895 ], [ 27.230693817138729, 37.405693054199219 ], [ 27.218471527099837, 37.419860839843807 ], [ 27.227638244628849, 37.472362518310774 ], [ 27.22513961792032, 37.487915039062727 ], [ 27.181804656982422, 37.474029541015682 ], [ 27.202638626099088, 37.489860534668026 ], [ 27.200971603393782, 37.516250610351506 ], [ 27.194583892822266, 37.532638549804972 ], [ 27.189861297607649, 37.49124908447294 ], [ 27.180139541626431, 37.482917785644531 ], [ 27.191528320312955, 37.545696258545036 ], [ 27.167917251586971, 37.536251068115234 ], [ 27.159585952758732, 37.58541488647478 ], [ 27.17541885376022, 37.56180572509777 ], [ 27.170974731445426, 37.559028625488452 ], [ 27.171249389648835, 37.549304962158317 ], [ 27.174583435058707, 37.547637939453352 ], [ 27.217361450195483, 37.590694427490348 ], [ 27.124305725097656, 37.630973815918026 ], [ 27.002916336059627, 37.659027099609602 ], [ 27.031248092651424, 37.690139770507869 ], [ 27.099306106567496, 37.680416107177734 ], [ 27.229305267333984, 37.720695495605582 ], [ 27.266525268554801, 37.785694122314453 ], [ 27.267639160156534, 37.815692901611385 ], [ 27.235416412353516, 37.839027404785327 ], [ 27.241249084472884, 37.860137939453239 ], [ 27.263193130493164, 37.865970611572209 ], [ 27.26513862609886, 37.891803741455135 ], [ 27.354568481445369, 37.891254425049055 ], [ 27.441749572753963, 37.916114807128963 ], [ 27.494209289550838, 37.943946838378906 ], [ 27.523767471313477, 37.982322692871321 ], [ 27.72010993957548, 37.985515594482536 ], [ 27.77575492858881, 37.972328186035156 ], [ 27.923608779907283, 37.995086669921932 ], [ 27.938676834106502, 38.018360137939396 ], [ 27.953668594360352, 38.006706237793026 ], [ 28.071899414062727, 38.029426574707259 ], [ 28.249021530151367, 38.019001007080078 ], [ 28.579666137695369, 38.110542297363395 ], [ 28.696769714355526, 38.111129760742301 ], [ 28.71974372863798, 38.099273681640739 ], [ 28.711700439453409, 38.077957153320426 ], [ 28.815587997436808, 38.036735534668082 ] ] ] ] } },
{ "type": "Feature", "properties": { "cevre_id": "BALIKESIR", "cevre_adi": "BALIKESIR", "il": "BALIKESIR", "mv_sayisi": 9 }, "geometry": { "type": "MultiPolygon", "coordinates": [ [ [ [ 26.598749160766658, 39.303470611572322 ], [ 26.602916717529297, 39.283195495605582 ], [ 26.577360153198185, 39.277084350586051 ], [ 26.590972900390966, 39.301807403564567 ], [ 26.598749160766658, 39.303470611572322 ] ] ], [ [ [ 26.529584884643782, 39.32097244262718 ], [ 26.527362823486669, 39.320415496826399 ], [ 26.524860382080021, 39.321250915527571 ], [ 26.530696868896541, 39.322082519531534 ], [ 26.529584884643782, 39.32097244262718 ] ] ], [ [ [ 26.659305572509879, 39.324584960937614 ], [ 26.659305572509879, 39.322917938232479 ], [ 26.656248092651424, 39.323749542236271 ], [ 26.656248092651424, 39.324584960937614 ], [ 26.659305572509879, 39.324584960937614 ] ] ], [ [ [ 26.539304733276765, 39.331806182861328 ], [ 26.543750762939396, 39.325416564941406 ], [ 26.530696868896541, 39.324584960937614 ], [ 26.531806945800895, 39.331806182861328 ], [ 26.539304733276765, 39.331806182861328 ] ] ], [ [ [ 26.606527328491325, 39.342918395996037 ], [ 26.612638473510856, 39.333194732666243 ], [ 26.595138549804801, 39.336250305175724 ], [ 26.602083206177099, 39.342639923095646 ], [ 26.606527328491325, 39.342918395996037 ] ] ], [ [ [ 26.577638626098746, 39.344860076904354 ], [ 26.579862594604833, 39.339305877685774 ], [ 26.572917938232536, 39.333194732666243 ], [ 26.574306488037109, 39.341526031494141 ], [ 26.577638626098746, 39.344860076904354 ] ] ], [ [ [ 26.695138931274528, 39.349582672119368 ], [ 26.696805953979492, 39.343193054199446 ], [ 26.683471679687443, 39.344860076904354 ], [ 26.683471679687443, 39.346805572509879 ], [ 26.695138931274528, 39.349582672119368 ] ] ], [ [ [ 26.595138549804801, 39.350418090820312 ], [ 26.601526260376147, 39.344306945800952 ], [ 26.585695266723803, 39.342918395996037 ], [ 26.585695266723803, 39.348751068115405 ], [ 26.595138549804801, 39.350418090820312 ] ] ], [ [ [ 26.672359466552734, 39.354583740234375 ], [ 26.671527862548942, 39.352359771728459 ], [ 26.664861679077603, 39.352085113525618 ], [ 26.666250228881779, 39.353473663330192 ], [ 26.672359466552734, 39.354583740234375 ] ] ], [ [ [ 26.697082519531648, 39.372360229492188 ], [ 26.698749542236385, 39.369304656982536 ], [ 26.695693969726904, 39.367362976074219 ], [ 26.694028854370174, 39.371528625488224 ], [ 26.697082519531648, 39.372360229492188 ] ] ], [ [ [ 26.727081298828182, 39.379306793213061 ], [ 26.727363586425952, 39.376804351806641 ], [ 26.724027633667106, 39.377082824707202 ], [ 26.724306106567496, 39.378471374511946 ], [ 26.727081298828182, 39.379306793213061 ] ] ], [ [ [ 26.768474578857422, 39.3795814514163 ], [ 26.768474578857422, 39.374862670898494 ], [ 26.759860992431584, 39.372638702392578 ], [ 26.761249542236328, 39.375972747802848 ], [ 26.768474578857422, 39.3795814514163 ] ] ], [ [ [ 26.707916259765625, 39.382637023925781 ], [ 26.709583282471101, 39.373748779296932 ], [ 26.703195571899414, 39.374027252197493 ], [ 26.702917098999023, 39.379859924316463 ], [ 26.707916259765625, 39.382637023925781 ] ] ], [ [ [ 26.572360992431584, 39.385139465332031 ], [ 26.575416564941463, 39.380973815918196 ], [ 26.569585800170898, 39.378192901611555 ], [ 26.56847381591831, 39.384029388427678 ], [ 26.572360992431584, 39.385139465332031 ] ] ], [ [ [ 26.614583969116552, 39.395973205566406 ], [ 26.670139312744197, 39.389862060547046 ], [ 26.623195648193416, 39.370140075683878 ], [ 26.690694808960131, 39.333473205566463 ], [ 26.622638702392635, 39.32652664184593 ], [ 26.607915878296069, 39.351806640625227 ], [ 26.623472213745572, 39.356529235839844 ], [ 26.617359161377067, 39.380416870117415 ], [ 26.598749160766658, 39.385692596435831 ], [ 26.614583969116552, 39.395973205566406 ] ] ], [ [ [ 26.590139389038029, 39.397361755371321 ], [ 26.603195190429858, 39.394859313964844 ], [ 26.588193893433072, 39.367637634277571 ], [ 26.575695037842024, 39.389862060547046 ], [ 26.590139389038029, 39.397361755371321 ] ] ], [ [ [ 26.712360382080021, 39.409862518310604 ], [ 26.711526870727653, 39.40625 ], [ 26.705972671509244, 39.405693054199389 ], [ 26.706806182861442, 39.408195495605469 ], [ 26.712360382080021, 39.409862518310604 ] ] ], [ [ [ 27.790136337280671, 40.378192901611328 ], [ 27.78791427612299, 40.373748779297102 ], [ 27.781805038452603, 40.372917175292969 ], [ 27.781251907348633, 40.375694274902628 ], [ 27.790136337280671, 40.378192901611328 ] ] ], [ [ [ 28.091806411743221, 40.454582214355469 ], [ 28.094028472900504, 40.449584960937671 ], [ 28.085971832275447, 40.452083587646769 ], [ 28.090415954590071, 40.455417633056641 ], [ 28.091806411743221, 40.454582214355469 ] ] ], [ [ [ 28.066804885864656, 40.462917327881087 ], [ 28.074861526489315, 40.460971832275391 ], [ 28.080415725708292, 40.451805114746378 ], [ 28.062915802002237, 40.457637786865348 ], [ 28.066804885864656, 40.462917327881087 ] ] ], [ [ [ 27.66319465637207, 40.466804504394759 ], [ 27.667085647583463, 40.446250915527401 ], [ 27.655696868896769, 40.445415496826456 ], [ 27.650693893432617, 40.452915191650561 ], [ 27.66319465637207, 40.466804504394759 ] ] ], [ [ [ 28.098747253418139, 40.469306945801009 ], [ 28.105417251587028, 40.468750000000227 ], [ 28.105417251587028, 40.467918395996094 ], [ 28.098194122314908, 40.465972900390568 ], [ 28.098747253418139, 40.469306945801009 ] ] ], [ [ [ 27.565971374511832, 40.46958160400402 ], [ 27.566804885864201, 40.467361450195312 ], [ 27.564306259155671, 40.465415954590014 ], [ 27.561807632446573, 40.468471527099666 ], [ 27.565971374511832, 40.46958160400402 ] ] ], [ [ [ 27.621250152587891, 40.511249542236612 ], [ 27.623750686645565, 40.497638702392805 ], [ 27.651527404785554, 40.493194580078409 ], [ 27.632360458374023, 40.472084045410327 ], [ 27.649583816528263, 40.452083587646769 ], [ 27.577917098999478, 40.462638854980696 ], [ 27.582639694213924, 40.482639312744425 ], [ 27.607915878295842, 40.481529235840071 ], [ 27.599304199218807, 40.508750915527344 ], [ 27.621250152587891, 40.511249542236612 ] ] ], [ [ [ 27.709583282470703, 40.525970458984602 ], [ 27.710418701171875, 40.525138854980469 ], [ 27.710136413574673, 40.522651672363281 ], [ 27.708196640014933, 40.524581909179688 ], [ 27.709583282470703, 40.525970458984602 ] ] ], [ [ [ 27.583471298217887, 40.528194427490519 ], [ 27.586250305175781, 40.505695343017692 ], [ 27.580415725708008, 40.494583129882756 ], [ 27.572360992431754, 40.498195648193416 ], [ 27.583471298217887, 40.528194427490519 ] ] ], [ [ [ 27.753751754760799, 40.528472900390909 ], [ 27.777360916137809, 40.526248931884993 ], [ 27.784860610961914, 40.505973815918253 ], [ 27.794305801392056, 40.519306182861328 ], [ 27.870695114136197, 40.517082214355412 ], [ 28.031805038452546, 40.48125076293951 ], [ 28.005971908569279, 40.439861297607479 ], [ 27.89680480957071, 40.390415191650618 ], [ 27.954584121704443, 40.352916717529411 ], [ 28.060693740845124, 40.382362365722713 ], [ 28.215667724609546, 40.398193359375057 ], [ 28.139453887939794, 40.313388824463118 ], [ 28.1234397888187, 40.209861755371264 ], [ 28.123510360717773, 40.113769531250057 ], [ 28.138450622558594, 40.078830718994254 ], [ 28.210941314697379, 40.031188964843977 ], [ 28.30317497253418, 39.869155883789006 ], [ 28.337900161743448, 39.864250183105639 ], [ 28.521211624145621, 39.766258239746321 ], [ 28.67019081115734, 39.755977630615234 ], [ 28.787443161010913, 39.624740600586165 ], [ 28.909473419189453, 39.622993469238338 ], [ 28.947071075439453, 39.605796813964844 ], [ 28.96330642700218, 39.589256286621321 ], [ 28.934938430786246, 39.550872802734546 ], [ 28.940580368041935, 39.519817352295036 ], [ 28.883300781250227, 39.366607666015625 ], [ 28.793338775634766, 39.283752441406364 ], [ 28.661375045776367, 39.2337074279788 ], [ 28.662187576294059, 39.163825988769474 ], [ 28.602897644042969, 39.180034637451399 ], [ 28.466716766357536, 39.12395095825201 ], [ 28.166194915771484, 39.042678833007926 ], [ 28.112621307373274, 39.062858581543026 ], [ 28.057016372680835, 39.172363281250114 ], [ 27.997142791748161, 39.220520019531421 ], [ 27.895751953125114, 39.236072540283203 ], [ 27.882318496704102, 39.269546508789062 ], [ 27.917137145996037, 39.329010009765625 ], [ 27.896583557128906, 39.357212066650447 ], [ 27.881540298462085, 39.345581054687614 ], [ 27.791463851928711, 39.357288360595817 ], [ 27.679256439208984, 39.346874237060547 ], [ 27.612707138061694, 39.360099792480469 ], [ 27.516485214233455, 39.413845062255859 ], [ 27.407686233520792, 39.381515502929688 ], [ 27.176755905151424, 39.421466827392578 ], [ 26.957500457763672, 39.259422302246094 ], [ 26.784910202026708, 39.171764373779297 ], [ 26.739028930664062, 39.20041656494152 ], [ 26.718196868896541, 39.259029388427791 ], [ 26.60958480834978, 39.272361755371264 ], [ 26.625415802002124, 39.31152725219755 ], [ 26.650417327880859, 39.323471069335881 ], [ 26.656806945800781, 39.303749084472713 ], [ 26.630418777465877, 39.297084808349609 ], [ 26.670972824097134, 39.279026031494368 ], [ 26.663749694824276, 39.305137634277628 ], [ 26.689029693603572, 39.313194274902344 ], [ 26.701803207397859, 39.340694427490348 ], [ 26.805694580078239, 39.392082214355753 ], [ 26.797084808349609, 39.43236160278343 ], [ 26.854860305786133, 39.439861297607706 ], [ 26.858472824096964, 39.477359771728516 ], [ 26.931249618530273, 39.485416412353743 ], [ 26.953470230102539, 39.55180740356451 ], [ 26.922639846802042, 39.583751678466797 ], [ 26.881250381470011, 39.585140228271541 ], [ 26.838472366333235, 39.557918548584098 ], [ 26.774583816528548, 39.571250915527344 ], [ 26.662944793701286, 39.558475494384822 ], [ 26.666587829589901, 39.650680541992415 ], [ 26.688920974731445, 39.697902679443416 ], [ 26.738092422485522, 39.718643188476676 ], [ 26.845289230346737, 39.710056304931641 ], [ 26.980264663696403, 39.782161712646541 ], [ 27.091777801513672, 39.810173034668082 ], [ 27.157159805297852, 39.810306549072379 ], [ 27.264280319214095, 39.7708168029788 ], [ 27.423446655273494, 39.829936981201286 ], [ 27.472572326660156, 39.887615203857592 ], [ 27.492630004882812, 39.939807891845987 ], [ 27.487668991088924, 39.964015960693473 ], [ 27.450334548950195, 39.989673614501953 ], [ 27.506595611572436, 40.120361328124943 ], [ 27.472787857055835, 40.201057434082031 ], [ 27.575317382812614, 40.271160125732422 ], [ 27.587085723877124, 40.318195343017692 ], [ 27.632917404174975, 40.326805114746151 ], [ 27.659584045410213, 40.306804656982365 ], [ 27.760972976684513, 40.306251525878963 ], [ 27.879861831665039, 40.374305725097884 ], [ 27.824306488037394, 40.399581909179801 ], [ 27.795139312744254, 40.384029388428019 ], [ 27.783193588256779, 40.409027099609432 ], [ 27.745416641235749, 40.430416107177905 ], [ 27.751806259155671, 40.449306488037109 ], [ 27.686527252197664, 40.47236251831049 ], [ 27.685140609741325, 40.503192901611385 ], [ 27.753751754760799, 40.528472900390909 ] ] ], [ [ [ 27.517639160156477, 40.537918090820312 ], [ 27.552917480469148, 40.521251678466797 ], [ 27.523471832275447, 40.500415802002124 ], [ 27.537082672119254, 40.488193511962834 ], [ 27.489582061767692, 40.467918395996094 ], [ 27.478193283081168, 40.494026184082202 ], [ 27.517639160156477, 40.537918090820312 ] ] ], [ [ [ 27.501806259155728, 40.553749084472656 ], [ 27.506526947021939, 40.547637939453125 ], [ 27.465139389038313, 40.539028167724837 ], [ 27.467084884643612, 40.547637939453125 ], [ 27.501806259155728, 40.553749084472656 ] ] ], [ [ [ 27.759582519531364, 40.633472442627237 ], [ 27.758750915527401, 40.631248474121321 ], [ 27.756526947021882, 40.631805419921932 ], [ 27.756526947021882, 40.632915496826286 ], [ 27.759582519531364, 40.633472442627237 ] ] ], [ [ [ 27.485416412353459, 40.647083282470874 ], [ 27.489860534668082, 40.646251678467081 ], [ 27.488193511962947, 40.636528015136719 ], [ 27.479585647583463, 40.641529083252067 ], [ 27.485416412353459, 40.647083282470874 ] ] ], [ [ [ 27.679027557373388, 40.664028167724894 ], [ 27.680414199829158, 40.662361145019588 ], [ 27.676805496216275, 40.658473968505973 ], [ 27.676527023315884, 40.661251068115234 ], [ 27.679027557373388, 40.664028167724894 ] ] ], [ [ [ 27.635416030884244, 40.668193817138956 ], [ 27.744028091430835, 40.632637023925895 ], [ 27.608749389648608, 40.574306488037337 ], [ 27.529306411743562, 40.596805572509822 ], [ 27.532638549805029, 40.646804809570483 ], [ 27.635416030884244, 40.668193817138956 ] ] ] ] } },
{ "type": "Feature", "properties": { "cevre_id": "BARTIN", "cevre_adi": "BARTIN", "il": "BARTIN", "mv_sayisi": 2 }, "geometry": { "type": "MultiPolygon", "coordinates": [ [ [ [ 32.389305114746037, 41.755416870117415 ], [ 32.389862060547159, 41.751804351806584 ], [ 32.388748168945483, 41.751251220703352 ], [ 32.387084960937557, 41.753749847412109 ], [ 32.389305114746037, 41.755416870117415 ] ] ], [ [ [ 32.684158325195597, 41.834438323974609 ], [ 32.761165618896655, 41.7322998046875 ], [ 32.827293395996094, 41.595649719238395 ], [ 32.925575256347713, 41.553955078125 ], [ 32.823165893554801, 41.513092041015739 ], [ 32.790679931640682, 41.525810241699276 ], [ 32.755634307861499, 41.489173889160384 ], [ 32.697933197021541, 41.464015960693359 ], [ 32.631797790527401, 41.355781555175781 ], [ 32.428539276123217, 41.254291534424055 ], [ 32.354038238525447, 41.238491058349723 ], [ 32.305126190185717, 41.306194305420036 ], [ 32.025470733642521, 41.548965454101506 ], [ 32.028751373291186, 41.5745849609375 ], [ 32.062084197998331, 41.570137023925724 ], [ 32.052082061767635, 41.581527709961051 ], [ 32.149307250976676, 41.606803894043139 ], [ 32.179862976074503, 41.632083892822266 ], [ 32.173473358154581, 41.640693664550895 ], [ 32.228748321533317, 41.670696258545036 ], [ 32.224582672119425, 41.685695648193587 ], [ 32.283195495605582, 41.719581604004134 ], [ 32.340415954589957, 41.722915649414006 ], [ 32.382083892822322, 41.753749847412109 ], [ 32.415416717529354, 41.739582061767862 ], [ 32.498748779297159, 41.801528930664062 ], [ 32.572917938232592, 41.810974121093864 ], [ 32.580139160156307, 41.827362060546932 ], [ 32.684158325195597, 41.834438323974609 ] ] ] ] } },
{ "type": "Feature", "properties": { "cevre_id": "BATMAN", "cevre_adi": "BATMAN", "il": "BATMAN", "mv_sayisi": 5 }, "geometry": { "type": "MultiPolygon", "coordinates": [ [ [ [ 41.585723876953239, 38.542404174804631 ], [ 41.632225036621151, 38.507755279541129 ], [ 41.660923004150447, 38.426647186279524 ], [ 41.680023193359546, 38.348678588867188 ], [ 41.678192138671932, 38.206798553466911 ], [ 41.646144866943303, 38.102352142333984 ], [ 41.606689453125057, 38.038478851318416 ], [ 41.481277465820483, 38.021247863769588 ], [ 41.480823516845874, 37.986244201660156 ], [ 41.432540893554744, 37.956413269043082 ], [ 41.412120819091797, 37.915779113769588 ], [ 41.518661499023608, 37.858474731445312 ], [ 41.731639862060717, 37.855056762695312 ], [ 41.737926483154467, 37.825572967529297 ], [ 41.700920104980582, 37.777687072753963 ], [ 41.754611968994254, 37.742950439453352 ], [ 41.838973999023494, 37.764217376709212 ], [ 41.868240356445597, 37.75908279418951 ], [ 41.873889923095703, 37.740245819091911 ], [ 41.686473846435604, 37.675868988037109 ], [ 41.573192596435604, 37.577484130859318 ], [ 41.446121215820597, 37.554428100585938 ], [ 41.189006805420092, 37.556800842285384 ], [ 41.051280975341967, 37.718517303466911 ], [ 41.051792144775675, 37.739574432373047 ], [ 41.099601745605469, 37.769512176513672 ], [ 41.112369537353572, 37.804702758789062 ], [ 41.051677703857592, 37.825115203857536 ], [ 41.033123016357365, 37.85990142822277 ], [ 41.105842590332315, 37.916297912597713 ], [ 41.21151351928728, 38.105602264404354 ], [ 41.229358673095987, 38.176044464111442 ], [ 41.215206146240291, 38.216220855712891 ], [ 41.214923858642749, 38.333042144775504 ], [ 41.232952117920036, 38.391651153564453 ], [ 41.261119842529354, 38.437309265136662 ], [ 41.351188659667969, 38.471626281738565 ], [ 41.421379089355469, 38.477153778076229 ], [ 41.434333801269474, 38.497291564941463 ], [ 41.416931152344034, 38.522247314453125 ], [ 41.430313110351847, 38.530883789062727 ], [ 41.585723876953239, 38.542404174804631 ] ] ] ] } },
{ "type": "Feature", "properties": { "cevre_id": "BAYBURT", "cevre_adi": "BAYBURT", "il": "BAYBURT", "mv_sayisi": 1 }, "geometry": { "type": "MultiPolygon", "coordinates": [ [ [ [ 40.501987457275391, 40.524814605712834 ], [ 40.526885986328182, 40.48198318481451 ], [ 40.562980651855526, 40.301593780517692 ], [ 40.631130218505916, 40.247417449951229 ], [ 40.787620544433651, 40.227943420410156 ], [ 40.797706604004077, 40.20346832275402 ], [ 40.764133453369254, 40.153934478759993 ], [ 40.646137237548828, 40.112617492675838 ], [ 40.477390289306697, 40.024570465087891 ], [ 40.375061035156307, 40.02386474609375 ], [ 40.110889434814737, 40.070037841796875 ], [ 39.879669189453125, 40.008300781250227 ], [ 39.784755706787053, 39.931087493896484 ], [ 39.704856872558651, 39.975437164306754 ], [ 39.69057846069353, 40.013889312744141 ], [ 39.740722656250057, 40.076663970947322 ], [ 39.801929473876896, 40.115879058837834 ], [ 39.817634582519815, 40.150131225585938 ], [ 39.823432922363452, 40.249820709228686 ], [ 39.854560852050838, 40.325550079345703 ], [ 39.883670806884822, 40.347225189209098 ], [ 39.988433837890625, 40.368972778320369 ], [ 40.045112609863338, 40.420150756836051 ], [ 40.092983245849553, 40.512348175048885 ], [ 40.209720611572209, 40.500190734863338 ], [ 40.483478546142749, 40.535343170166016 ], [ 40.501987457275391, 40.524814605712834 ] ] ] ] } },
{ "type": "Feature", "properties": { "cevre_id": "BILECIK", "cevre_adi": "BILECIK", "il": "BILECIK", "mv_sayisi": 2 }, "geometry": { "type": "MultiPolygon", "coordinates": [ [ [ [ 30.137876510620288, 40.368118286132756 ], [ 30.303726196289119, 40.402862548828125 ], [ 30.465574264526424, 40.388984680175838 ], [ 30.623834609985408, 40.335178375244254 ], [ 30.726753234863338, 40.171913146972656 ], [ 30.571363449096623, 40.146877288818587 ], [ 30.523212432861612, 40.006732940673942 ], [ 30.464849472045955, 39.950893402099553 ], [ 30.356210708618221, 39.937023162841797 ], [ 30.248657226562784, 39.854907989502067 ], [ 30.124433517456339, 39.86803054809593 ], [ 30.058496475219783, 39.843624114990291 ], [ 29.999553680419922, 39.771701812744368 ], [ 30.002939224243164, 39.72935867309593 ], [ 30.044765472412166, 39.693233489990234 ], [ 29.952077865600756, 39.682159423828352 ], [ 29.722852706909237, 39.740993499756087 ], [ 29.686740875244311, 39.825405120849609 ], [ 29.692924499511889, 39.879703521728629 ], [ 29.677007675170842, 39.90554428100603 ], [ 29.770895004272631, 39.906505584716797 ], [ 29.788568496704158, 39.930061340332031 ], [ 29.789287567138956, 39.967704772949276 ], [ 29.723556518554972, 40.001693725586051 ], [ 29.688011169433651, 40.062843322753963 ], [ 29.731378555297908, 40.190849304199446 ], [ 29.799266815185717, 40.23756027221674 ], [ 29.831523895263729, 40.285297393798999 ], [ 29.805931091308707, 40.345359802246151 ], [ 29.805280685424862, 40.410087585449162 ], [ 29.838851928711108, 40.472503662109546 ], [ 29.891553878784464, 40.515071868896598 ], [ 29.941497802734432, 40.531528472900391 ], [ 29.981578826904297, 40.465568542480753 ], [ 30.137876510620288, 40.368118286132756 ] ] ] ] } },
{ "type": "Feature", "properties": { "cevre_id": "BINGOL", "cevre_adi": "BINGOL", "il": "BINGOL", "mv_sayisi": 3 }, "geometry": { "type": "MultiPolygon", "coordinates": [ [ [ [ 40.94224929809576, 39.514541625976676 ], [ 41.029521942138842, 39.465995788574389 ], [ 41.131034851074503, 39.458778381347713 ], [ 41.2186927795413, 39.355339050292969 ], [ 41.187362670898608, 39.332496643066406 ], [ 41.171733856201286, 39.289340972900618 ], [ 41.204399108886776, 39.163555145263672 ], [ 41.237564086914119, 39.154129028320312 ], [ 41.274139404297046, 39.11057281494152 ], [ 41.274494171142635, 39.029556274414062 ], [ 41.155948638915959, 38.904884338378963 ], [ 41.266304016113281, 38.725601196289119 ], [ 40.910102844238338, 38.59239578247093 ], [ 40.525421142578239, 38.612251281738281 ], [ 40.498672485351619, 38.592788696289062 ], [ 40.475734710693473, 38.510738372802791 ], [ 40.444808959960938, 38.478462219238395 ], [ 40.292148590088061, 38.474792480468977 ], [ 40.297912597656534, 38.549640655517635 ], [ 40.239471435546932, 38.608070373535327 ], [ 40.241252899169922, 38.645938873291016 ], [ 40.287933349609432, 38.726707458496264 ], [ 40.356822967529467, 38.725006103515625 ], [ 40.386886596679744, 38.806564331054801 ], [ 40.353523254394588, 38.862052917480582 ], [ 40.320285797119254, 38.869812011718977 ], [ 40.286796569824276, 38.944255828857422 ], [ 40.284648895263956, 39.041481018066634 ], [ 40.397838592529467, 39.155838012695312 ], [ 40.387489318847713, 39.195796966552734 ], [ 40.354022979736385, 39.226116180419922 ], [ 40.009773254394702, 39.089889526367244 ], [ 40.041889190673828, 39.13946533203125 ], [ 40.030498504638729, 39.199466705322322 ], [ 40.064739227295206, 39.267978668213118 ], [ 40.098674774170206, 39.314281463623047 ], [ 40.202064514160213, 39.288890838623047 ], [ 40.390830993652344, 39.382858276367244 ], [ 40.335334777832031, 39.427463531494254 ], [ 40.516521453857479, 39.503990173339901 ], [ 40.543228149414062, 39.547782897949219 ], [ 40.683464050293139, 39.511699676513729 ], [ 40.862430572509766, 39.565601348876896 ], [ 40.909385681152628, 39.550853729248104 ], [ 40.94224929809576, 39.514541625976676 ] ] ] ] } },
{ "type": "Feature", "properties": { "cevre_id": "BITLIS", "cevre_adi": "BITLIS", "il": "BITLIS", "mv_sayisi": 3 }, "geometry": { "type": "MultiPolygon", "coordinates": [ [ [ [ 43.136371612548828, 38.927921295166129 ], [ 43.197910308838004, 38.880172729492301 ], [ 43.196823120117244, 38.828151702880916 ], [ 43.178493499756144, 38.797534942626953 ], [ 43.056091308593864, 38.723304748535213 ], [ 42.964450836181754, 38.617881774902457 ], [ 42.946243286133097, 38.614349365234375 ], [ 42.889171600341797, 38.524917602539062 ], [ 42.729610443115291, 38.458221435546932 ], [ 42.687786102295092, 38.42295074462902 ], [ 42.739238739013615, 38.277294158935774 ], [ 42.718544006347599, 38.206073760986328 ], [ 42.755676269531307, 38.175254821777344 ], [ 42.798957824707088, 38.168399810791072 ], [ 42.777313232421875, 38.127155303955135 ], [ 42.835700988769702, 38.065505981445369 ], [ 42.739116668701172, 38.013481140137003 ], [ 42.498088836669979, 38.109996795654354 ], [ 42.371692657470646, 38.138420104980582 ], [ 42.298156738281534, 38.187786102295092 ], [ 42.207908630371378, 38.216938018798828 ], [ 42.095233917236385, 38.200767517089957 ], [ 42.025947570801065, 38.129459381103572 ], [ 41.979003906250057, 38.156253814697379 ], [ 41.916576385498331, 38.148315429687614 ], [ 41.67486572265625, 38.195190429687727 ], [ 41.679077148437671, 38.358547210693587 ], [ 41.633453369140568, 38.505153656005859 ], [ 41.592666625976733, 38.540195465088175 ], [ 41.522182464599609, 38.541912078857706 ], [ 41.570167541504077, 38.585006713867188 ], [ 41.621696472167969, 38.599525451660213 ], [ 41.863296508789006, 38.590469360351506 ], [ 41.940517425537166, 38.61808013916027 ], [ 42.056205749511776, 38.694751739501953 ], [ 42.054039001464844, 38.728683471679744 ], [ 41.998836517334155, 38.788616180419922 ], [ 42.002147674560604, 38.814769744873104 ], [ 42.136615753173885, 38.823856353759766 ], [ 42.139972686767578, 38.870315551757812 ], [ 42.310134887695426, 38.935634613037109 ], [ 42.489585876464901, 38.926681518554801 ], [ 42.561199188232479, 38.943355560302791 ], [ 42.68435287475603, 38.926906585693416 ], [ 42.76899337768549, 38.940402984619141 ], [ 42.749843597412166, 39.03714752197277 ], [ 42.827857971191406, 39.065090179443473 ], [ 43.022483825683651, 39.095493316650561 ], [ 43.005714416503963, 38.986183166503963 ], [ 43.136371612548828, 38.927921295166129 ] ] ] ] } },
{ "type": "Feature", "properties": { "cevre_id": "BOLU", "cevre_adi": "BOLU", "il": "BOLU", "mv_sayisi": 3 }, "geometry": { "type": "MultiPolygon", "coordinates": [ [ [ [ 31.912191390991495, 41.019451141357422 ], [ 32.285209655761889, 41.008300781250057 ], [ 32.281967163086108, 40.941097259521712 ], [ 32.508003234863281, 40.862258911132926 ], [ 32.540092468261776, 40.808795928955362 ], [ 32.521430969238395, 40.72862625122093 ], [ 32.430423736572266, 40.651794433593921 ], [ 32.475936889648608, 40.530227661133097 ], [ 32.387969970703068, 40.423839569091854 ], [ 32.323070526123217, 40.412849426269759 ], [ 32.145553588867188, 40.424667358398494 ], [ 31.903352737426701, 40.345611572265568 ], [ 31.793645858764819, 40.331817626953182 ], [ 31.705093383789347, 40.343944549560661 ], [ 31.566928863525675, 40.308551788330078 ], [ 31.26392936706543, 40.346771240234375 ], [ 31.144269943237418, 40.399055480957031 ], [ 31.060733795165959, 40.415752410888672 ], [ 31.037288665771484, 40.376319885253849 ], [ 31.047548294067383, 40.272563934326399 ], [ 30.955003738403605, 40.22293853759777 ], [ 30.873971939086914, 40.140346527099609 ], [ 30.726753234863338, 40.171913146972656 ], [ 30.636177062988338, 40.308456420898438 ], [ 30.623834609985408, 40.335178375244254 ], [ 30.6464271545413, 40.38548660278343 ], [ 30.595918655395678, 40.44455718994152 ], [ 30.676174163818644, 40.518318176269588 ], [ 30.82930183410673, 40.519855499267521 ], [ 30.910825729370401, 40.538562774658203 ], [ 30.946756362915096, 40.572784423828068 ], [ 30.954557418823242, 40.682250976562614 ], [ 31.026567459106445, 40.659542083740291 ], [ 31.190750122070483, 40.681797027587891 ], [ 31.264896392822322, 40.646827697753906 ], [ 31.360944747924918, 40.661460876464957 ], [ 31.427059173584041, 40.701335906982649 ], [ 31.431516647338981, 40.805057525634766 ], [ 31.469253540039233, 40.870956420898438 ], [ 31.604228973388729, 40.881336212158203 ], [ 31.690898895263956, 40.914676666259709 ], [ 31.739530563354549, 40.948451995849609 ], [ 31.757904052734432, 40.987693786621094 ], [ 31.757919311523551, 41.01557540893549 ], [ 31.736297607421932, 41.042720794677734 ], [ 31.912191390991495, 41.019451141357422 ] ] ] ] } },
{ "type": "Feature", "properties": { "cevre_id": "BURDUR", "cevre_adi": "BURDUR", "il": "BURDUR", "mv_sayisi": 3 }, "geometry": { "type": "MultiPolygon", "coordinates": [ [ [ [ 30.540763854980469, 37.703563690185774 ], [ 30.651264190673999, 37.700595855712834 ], [ 30.702602386474609, 37.677967071533203 ], [ 30.76529884338396, 37.525596618652287 ], [ 30.907865524292163, 37.398216247558594 ], [ 30.915895462036417, 37.372486114502067 ], [ 30.870082855224666, 37.353584289550781 ], [ 30.805181503296183, 37.224578857421989 ], [ 30.750419616699276, 37.236431121826229 ], [ 30.444126129150561, 37.223617553711051 ], [ 30.393476486206112, 37.243175506591911 ], [ 30.356336593627987, 37.302886962890625 ], [ 30.288280487060547, 37.305519104003906 ], [ 30.04769325256342, 37.237758636474666 ], [ 29.877441406250057, 37.16139221191429 ], [ 29.84602165222185, 37.116844177246207 ], [ 29.824424743652401, 37.014255523681868 ], [ 29.737199783325195, 36.927200317382869 ], [ 29.684257507324503, 36.919002532958984 ], [ 29.624629974365291, 36.997509002685661 ], [ 29.546728134155217, 37.027606964111555 ], [ 29.511768341064737, 37.024211883545036 ], [ 29.446117401123161, 36.964389801025391 ], [ 29.394460678100643, 36.952030181884766 ], [ 29.4083900451663, 37.010311126709269 ], [ 29.387758255004826, 37.076091766357536 ], [ 29.395507812500284, 37.152175903320312 ], [ 29.44138145446783, 37.236316680908317 ], [ 29.523260116577433, 37.315151214599609 ], [ 29.579244613647518, 37.41019439697277 ], [ 29.579534530639592, 37.435356140136832 ], [ 29.530990600586108, 37.462604522705078 ], [ 29.526779174804858, 37.591384887695597 ], [ 29.865327835083292, 37.770553588867358 ], [ 29.994150161743335, 37.78136062622076 ], [ 30.03392410278326, 37.719333648681641 ], [ 30.081167221069279, 37.703464508056584 ], [ 30.32950592041027, 37.839897155761832 ], [ 30.371025085449276, 37.830280303955362 ], [ 30.438201904296932, 37.754367828369425 ], [ 30.540763854980469, 37.703563690185774 ] ] ] ] } },
{ "type": "Feature", "properties": { "cevre_id": "BURSA_1", "cevre_adi": "Bursa 1", "il": "BURSA", "mv_sayisi": 10 }, "geometry": { "type": "MultiPolygon", "coordinates": [ [ [ [ 29.0494, 39.7161 ], [ 28.9987, 39.6752 ], [ 28.981, 39.6564 ], [ 28.9679, 39.6453 ], [ 28.9393, 39.6291 ], [ 28.9376, 39.6269 ], [ 28.9322, 39.6252 ], [ 28.9092, 39.6269 ], [ 28.9061, 39.6287 ], [ 28.8977, 39.6281 ], [ 28.8862, 39.621 ], [ 28.8658, 39.6187 ], [ 28.8578, 39.6222 ], [ 28.8471, 39.6199 ], [ 28.8187, 39.6216 ], [ 28.8118, 39.6257 ], [ 28.8011, 39.6287 ], [ 28.7809, 39.6608 ], [ 28.7666, 39.6625 ], [ 28.7653, 39.6661 ], [ 28.7701, 39.6797 ], [ 28.7647, 39.6844 ], [ 28.7623, 39.6909 ], [ 28.7451, 39.6958 ], [ 28.7344, 39.7011 ], [ 28.729, 39.7111 ], [ 28.7267, 39.7311 ], [ 28.7283, 39.7529 ], [ 28.7221, 39.7658 ], [ 28.7091, 39.7753 ], [ 28.6945, 39.7776 ], [ 28.6784, 39.7753 ], [ 28.65, 39.7547 ], [ 28.5925, 39.7488 ], [ 28.5687, 39.7447 ], [ 28.5534, 39.7441 ], [ 28.545, 39.7452 ], [ 28.5158, 39.7588 ], [ 28.5012, 39.7629 ], [ 28.4805, 39.787 ], [ 28.4675, 39.7994 ], [ 28.4376, 39.8394 ], [ 28.4246, 39.8488 ], [ 28.4084, 39.8536 ], [ 28.3694, 39.8579 ], [ 28.344, 39.8624 ], [ 28.3141, 39.8759 ], [ 28.2819, 39.8936 ], [ 28.2673, 39.9042 ], [ 28.2627, 39.9201 ], [ 28.2658, 39.9519 ], [ 28.2635, 39.9595 ], [ 28.2171, 39.9974 ], [ 28.1979, 40.01 ], [ 28.1961, 40.0366 ], [ 28.2007, 40.0678 ], [ 28.1999, 40.0731 ], [ 28.1647, 40.1073 ], [ 28.1417, 40.1202 ], [ 28.134, 40.1302 ], [ 28.1325, 40.1385 ], [ 28.1248, 40.1561 ], [ 28.1264, 40.1756 ], [ 28.1325, 40.1897 ], [ 28.1333, 40.205 ], [ 28.1318, 40.2144 ], [ 28.108, 40.2321 ], [ 28.0804, 40.2568 ], [ 28.0812, 40.2615 ], [ 28.0889, 40.2639 ], [ 28.1333, 40.2615 ], [ 28.1571, 40.265 ], [ 28.1717, 40.2733 ], [ 28.1748, 40.3068 ], [ 28.1786, 40.3133 ], [ 28.1971, 40.3274 ], [ 28.2178, 40.3516 ], [ 28.2285, 40.3781 ], [ 28.2285, 40.3994 ], [ 28.2409, 40.4015 ], [ 28.2567, 40.4019 ], [ 28.2674, 40.4002 ], [ 28.2698, 40.401 ], [ 28.282, 40.3981 ], [ 28.2851, 40.3982 ], [ 28.2864, 40.4004 ], [ 28.2861, 40.3992 ], [ 28.2888, 40.399 ], [ 28.2889, 40.3989 ], [ 28.2855, 40.398 ], [ 28.2894, 40.3974 ], [ 28.2902, 40.3999 ], [ 28.286, 40.4014 ], [ 28.2862, 40.4016 ], [ 28.2905, 40.4002 ], [ 28.2906, 40.3975 ], [ 28.297, 40.396 ], [ 28.3149, 40.3988 ], [ 28.3229, 40.3982 ], [ 28.3311, 40.4011 ], [ 28.3442, 40.4016 ], [ 28.3643, 40.398 ], [ 28.3683, 40.4005 ], [ 28.3684, 40.3981 ], [ 28.3717, 40.3984 ], [ 28.3714, 40.4008 ], [ 28.3671, 40.4018 ], [ 28.3715, 40.4012 ], [ 28.372, 40.3988 ], [ 28.3809, 40.3967 ], [ 28.4113, 40.3936 ], [ 28.4672, 40.3959 ], [ 28.5097, 40.3954 ], [ 28.5777, 40.3745 ], [ 28.5744, 40.3701 ], [ 28.5726, 40.3559 ], [ 28.5648, 40.3314 ], [ 28.5539, 40.3205 ], [ 28.5548, 40.3155 ], [ 28.5704, 40.3062 ], [ 28.5772, 40.3052 ], [ 28.5847, 40.3067 ], [ 28.5925, 40.3105 ], [ 28.6027, 40.3062 ], [ 28.6114, 40.3048 ], [ 28.618, 40.3074 ], [ 28.6217, 40.3114 ], [ 28.6239, 40.3121 ], [ 28.6264, 40.3107 ], [ 28.6313, 40.2957 ], [ 28.6338, 40.2938 ], [ 28.6432, 40.2933 ], [ 28.6478, 40.291 ], [ 28.6677, 40.2684 ], [ 28.6724, 40.2721 ], [ 28.6851, 40.2761 ], [ 28.6963, 40.273 ], [ 28.7044, 40.2792 ], [ 28.7134, 40.2732 ], [ 28.7175, 40.2728 ], [ 28.7274, 40.2754 ], [ 28.7399, 40.2811 ], [ 28.7501, 40.2816 ], [ 28.7555, 40.2804 ], [ 28.7604, 40.2773 ], [ 28.7657, 40.2709 ], [ 28.7727, 40.2662 ], [ 28.7738, 40.2674 ], [ 28.7767, 40.2633 ], [ 28.7799, 40.2624 ], [ 28.7822, 40.264 ], [ 28.7856, 40.2628 ], [ 28.7911, 40.2646 ], [ 28.7932, 40.2614 ], [ 28.7963, 40.261 ], [ 28.8023, 40.2661 ], [ 28.8054, 40.2645 ], [ 28.8123, 40.2644 ], [ 28.8135, 40.2627 ], [ 28.8092, 40.2606 ], [ 28.8124, 40.2569 ], [ 28.8154, 40.259 ], [ 28.819, 40.2573 ], [ 28.8204, 40.2585 ], [ 28.8425, 40.2609 ], [ 28.8465, 40.263 ], [ 28.8503, 40.2625 ], [ 28.8562, 40.2668 ], [ 28.8612, 40.2758 ], [ 28.8762, 40.2765 ], [ 28.8842, 40.2739 ], [ 28.8895, 40.2768 ], [ 28.905, 40.273 ], [ 28.9156, 40.2727 ], [ 28.9203, 40.2734 ], [ 28.9215, 40.276 ], [ 28.9273, 40.2749 ], [ 28.9277, 40.2766 ], [ 28.9301, 40.277 ], [ 28.9297, 40.2796 ], [ 28.9323, 40.2806 ], [ 28.9337, 40.2782 ], [ 28.936, 40.2797 ], [ 28.946099371069185, 40.270510482180285 ], [ 28.9342, 40.2825 ], [ 28.9379, 40.2948 ], [ 28.9406, 40.2978 ], [ 28.9499, 40.3006 ], [ 28.9542, 40.2996 ], [ 28.9601, 40.3034 ], [ 28.9713, 40.3186 ], [ 28.9983, 40.3383 ], [ 29.0499, 40.3397 ], [ 29.0904, 40.3447 ], [ 29.1202, 40.3378 ], [ 29.1737, 40.3361 ], [ 29.1858, 40.3335 ], [ 29.1983, 40.3278 ], [ 29.2293, 40.3266 ], [ 29.2309, 40.3236 ], [ 29.2208, 40.314 ], [ 29.2253, 40.3116 ], [ 29.2188, 40.3074 ], [ 29.2194, 40.3042 ], [ 29.2153, 40.3007 ], [ 29.2084, 40.3001 ], [ 29.2052, 40.3012 ], [ 29.2061, 40.2969 ], [ 29.2009, 40.2933 ], [ 29.1955, 40.286 ], [ 29.1774, 40.2813 ], [ 29.1697, 40.2833 ], [ 29.1619, 40.2806 ], [ 29.157, 40.2852 ], [ 29.1518, 40.2831 ], [ 29.1429, 40.2744 ], [ 29.1386, 40.274 ], [ 29.1328, 40.2701 ], [ 29.1312, 40.2667 ], [ 29.1354, 40.2627 ], [ 29.1338, 40.2583 ], [ 29.135, 40.2516 ], [ 29.1222, 40.2432 ], [ 29.1164, 40.2422 ], [ 29.1207, 40.2388 ], [ 29.1203, 40.2375 ], [ 29.1168, 40.2392 ], [ 29.1079, 40.2373 ], [ 29.1001, 40.2375 ], [ 29.097, 40.2324 ], [ 29.0906, 40.2321 ], [ 29.0863, 40.1994 ], [ 29.0754, 40.1849 ], [ 29.0626, 40.1765 ], [ 29.0612, 40.1713 ], [ 29.0796, 40.1414 ], [ 29.0824, 40.1397 ], [ 29.1005, 40.138 ], [ 29.1026, 40.1247 ], [ 29.1093, 40.1187 ], [ 29.1321, 40.1218 ], [ 29.133, 40.1313 ], [ 29.1303, 40.1361 ], [ 29.1642, 40.1306 ], [ 29.1735, 40.134 ], [ 29.1785, 40.1321 ], [ 29.1836, 40.1349 ], [ 29.1886, 40.13 ], [ 29.186, 40.1223 ], [ 29.1886, 40.1203 ], [ 29.1993, 40.1255 ], [ 29.2054, 40.1234 ], [ 29.2101, 40.1196 ], [ 29.2075, 40.1153 ], [ 29.2065, 40.1048 ], [ 29.2124, 40.1048 ], [ 29.2169, 40.1094 ], [ 29.219, 40.108 ], [ 29.2272, 40.1137 ], [ 29.2308, 40.1135 ], [ 29.2344, 40.1067 ], [ 29.232, 40.1028 ], [ 29.2353, 40.1021 ], [ 29.2384, 40.105 ], [ 29.2423, 40.1015 ], [ 29.2388, 40.0786 ], [ 29.2351, 40.0699 ], [ 29.2698, 40.0496 ], [ 29.2403, 40.0241 ], [ 29.2249, 40.0163 ], [ 29.2002, 39.9918 ], [ 29.1899, 39.9916 ], [ 29.1563, 39.998 ], [ 29.1461, 39.9971 ], [ 29.1187, 40.0075 ], [ 29.105, 40.0087 ], [ 29.1022, 40.008 ], [ 29.0972, 39.9864 ], [ 29.1013, 39.9728 ], [ 29.1178, 39.9536 ], [ 29.1212, 39.945 ], [ 29.119, 39.9298 ], [ 29.1091, 39.9184 ], [ 29.1022, 39.9022 ], [ 29.0898, 39.8851 ], [ 29.0885, 39.8818 ], [ 29.0907, 39.8713 ], [ 29.1028, 39.8592 ], [ 29.1028, 39.8509 ], [ 29.1044, 39.8492 ], [ 29.1268, 39.839 ], [ 29.147, 39.8257 ], [ 29.161, 39.8021 ], [ 29.1479, 39.7969 ], [ 29.1169, 39.7736 ], [ 29.091, 39.7572 ], [ 29.064, 39.746 ], [ 29.0556, 39.7292 ], [ 29.0556, 39.7247 ], [ 29.0494, 39.7161 ] ], [ [ 28.6795, 40.1174 ], [ 28.6886, 40.112 ], [ 28.679241129842595, 40.117692508652439 ], [ 28.6795, 40.1174 ] ], [ [ 28.71550603384842, 40.105659087564383 ], [ 28.7116, 40.1072 ], [ 28.6886, 40.112 ], [ 28.71550603384842, 40.105659087564383 ] ], [ [ 28.9517, 40.0634 ], [ 28.9321, 40.0696 ], [ 28.929418866644038, 40.069865897522909 ], [ 28.9517, 40.0634 ] ], [ [ 29.056971140939599, 40.046809395973156 ], [ 29.0547, 40.0458 ], [ 29.0475, 40.037 ], [ 29.056971140939599, 40.046809395973156 ] ], [ [ 28.796358807082935, 39.832110121155637 ], [ 28.7822, 39.8298 ], [ 28.7928, 39.8312 ], [ 28.796358807082935, 39.832110121155637 ] ], [ [ 28.763477572168767, 39.852534270910425 ], [ 28.7632, 39.8538 ], [ 28.7611, 39.8574 ], [ 28.763477572168767, 39.852534270910425 ] ], [ [ 28.9906, 40.2263 ], [ 28.956111137682779, 40.251676748125455 ], [ 28.9562, 40.2515 ], [ 28.9906, 40.2263 ] ], [ [ 28.948846464646468, 40.266126262626251 ], [ 28.9474, 40.2692 ], [ 28.947199575875814, 40.269401942488756 ], [ 28.948846464646468, 40.266126262626251 ] ] ], [ [ [ 28.5428, 40.5533 ], [ 28.542, 40.5531 ], [ 28.5426, 40.5541 ], [ 28.54, 40.5548 ], [ 28.5358, 40.5491 ], [ 28.5396, 40.5369 ], [ 28.5455, 40.5268 ], [ 28.542, 40.5163 ], [ 28.5261, 40.5114 ], [ 28.5241, 40.5082 ], [ 28.524, 40.5117 ], [ 28.5159, 40.5217 ], [ 28.5243, 40.5342 ], [ 28.5269, 40.5549 ], [ 28.5251, 40.5598 ], [ 28.5183, 40.5655 ], [ 28.527, 40.5646 ], [ 28.5385, 40.5675 ], [ 28.5546, 40.5649 ], [ 28.5505, 40.5599 ], [ 28.55, 40.5565 ], [ 28.5435, 40.5551 ], [ 28.5428, 40.5533 ] ] ] ] } },
{ "type": "Feature", "properties": { "cevre_id": "BURSA_2", "cevre_adi": "Bursa 2", "il": "BURSA", "mv_sayisi": 10 }, "geometry": { "type": "Polygon", "coordinates": [ [ [ 29.2651, 39.688 ], [ 29.2545, 39.6784 ], [ 29.2333, 39.6661 ], [ 29.2268, 39.6584 ], [ 29.2174, 39.6306 ], [ 29.2098, 39.6206 ], [ 29.1992, 39.612 ], [ 29.1821, 39.6051 ], [ 29.1627, 39.6051 ], [ 29.0756, 39.6106 ], [ 29.0715, 39.6124 ], [ 29.0433, 39.6129 ], [ 29.0221, 39.6101 ], [ 29.0115, 39.6042 ], [ 28.9844, 39.6175 ], [ 28.9499, 39.6252 ], [ 28.943, 39.6287 ], [ 28.9376, 39.6269 ], [ 28.9393, 39.6291 ], [ 28.9679, 39.6453 ], [ 28.981, 39.6564 ], [ 28.9987, 39.6752 ], [ 29.0494, 39.7161 ], [ 29.0556, 39.7247 ], [ 29.0565, 39.7318 ], [ 29.064, 39.746 ], [ 29.091, 39.7572 ], [ 29.1169, 39.7736 ], [ 29.1479, 39.7969 ], [ 29.1557, 39.8009 ], [ 29.161242305215712, 39.801889697359954 ], [ 29.161, 39.8021 ], [ 29.147, 39.8257 ], [ 29.1268, 39.839 ], [ 29.1044, 39.8492 ], [ 29.1028, 39.8509 ], [ 29.1028, 39.8592 ], [ 29.0907, 39.8713 ], [ 29.0885, 39.8818 ], [ 29.0898, 39.8851 ], [ 29.1022, 39.9022 ], [ 29.1091, 39.9184 ], [ 29.119, 39.9298 ], [ 29.1212, 39.9374 ], [ 29.1212, 39.945 ], [ 29.1178, 39.9536 ], [ 29.1013, 39.9728 ], [ 29.0979, 39.9835 ], [ 29.0972, 39.9864 ], [ 29.1022, 40.008 ], [ 29.1119, 40.0087 ], [ 29.1187, 40.0075 ], [ 29.1461, 39.9971 ], [ 29.1563, 39.998 ], [ 29.1899, 39.9916 ], [ 29.2002, 39.9918 ], [ 29.2249, 40.0163 ], [ 29.2403, 40.0241 ], [ 29.2698, 40.0496 ], [ 29.2351, 40.0699 ], [ 29.2388, 40.0786 ], [ 29.2423, 40.1015 ], [ 29.2384, 40.105 ], [ 29.2353, 40.1021 ], [ 29.232, 40.1028 ], [ 29.2344, 40.1067 ], [ 29.2308, 40.1135 ], [ 29.2272, 40.1137 ], [ 29.219, 40.108 ], [ 29.2169, 40.1094 ], [ 29.2124, 40.1048 ], [ 29.2065, 40.1048 ], [ 29.2075, 40.1153 ], [ 29.2101, 40.1196 ], [ 29.2082, 40.1217 ], [ 29.1993, 40.1255 ], [ 29.1886, 40.1203 ], [ 29.186, 40.1223 ], [ 29.1886, 40.13 ], [ 29.188780520977406, 40.13015850622407 ], [ 29.1836, 40.1349 ], [ 29.1785, 40.1321 ], [ 29.1735, 40.134 ], [ 29.1642, 40.1306 ], [ 29.1303, 40.1361 ], [ 29.133, 40.1313 ], [ 29.1321, 40.1218 ], [ 29.1093, 40.1187 ], [ 29.1026, 40.1247 ], [ 29.1005, 40.138 ], [ 29.0824, 40.1397 ], [ 29.0796, 40.1414 ], [ 29.0612, 40.1713 ], [ 29.0626, 40.1765 ], [ 29.0754, 40.1849 ], [ 29.0863, 40.1994 ], [ 29.0906, 40.2321 ], [ 29.097, 40.2324 ], [ 29.1001, 40.2375 ], [ 29.1079, 40.2373 ], [ 29.1168, 40.2392 ], [ 29.1203, 40.2375 ], [ 29.1207, 40.2388 ], [ 29.1164, 40.2422 ], [ 29.1222, 40.2432 ], [ 29.136553552382587, 40.252613693445724 ], [ 29.1346, 40.2522 ], [ 29.1338, 40.2583 ], [ 29.1354, 40.2627 ], [ 29.1312, 40.2667 ], [ 29.1328, 40.2701 ], [ 29.1386, 40.274 ], [ 29.1429, 40.2744 ], [ 29.1497, 40.2818 ], [ 29.157, 40.2852 ], [ 29.1619, 40.2806 ], [ 29.1697, 40.2833 ], [ 29.1774, 40.2813 ], [ 29.1955, 40.286 ], [ 29.2009, 40.2933 ], [ 29.2061, 40.2969 ], [ 29.2052, 40.3012 ], [ 29.2084, 40.3001 ], [ 29.2173, 40.3017 ], [ 29.2194, 40.3042 ], [ 29.2188, 40.3074 ], [ 29.2253, 40.3116 ], [ 29.2208, 40.314 ], [ 29.2309, 40.3236 ], [ 29.2285, 40.3309 ], [ 29.2293, 40.3266 ], [ 29.2033, 40.3271 ], [ 29.1983, 40.3278 ], [ 29.1858, 40.3335 ], [ 29.1737, 40.3361 ], [ 29.1202, 40.3378 ], [ 29.0904, 40.3447 ], [ 29.0499, 40.3397 ], [ 28.9983, 40.3383 ], [ 28.9713, 40.3186 ], [ 28.9601, 40.3034 ], [ 28.9542, 40.2996 ], [ 28.9499, 40.3006 ], [ 28.9406, 40.2978 ], [ 28.9379, 40.2948 ], [ 28.9343, 40.2837 ], [ 28.936, 40.2797 ], [ 28.9342, 40.2781 ], [ 28.9326, 40.2805 ], [ 28.9302, 40.28 ], [ 28.9301, 40.277 ], [ 28.9277, 40.2766 ], [ 28.9273, 40.2749 ], [ 28.9215, 40.276 ], [ 28.9203, 40.2734 ], [ 28.9109, 40.2727 ], [ 28.8895, 40.2768 ], [ 28.8842, 40.2739 ], [ 28.8762, 40.2765 ], [ 28.8612, 40.2758 ], [ 28.8562, 40.2668 ], [ 28.8503, 40.2625 ], [ 28.8465, 40.263 ], [ 28.8425, 40.2609 ], [ 28.8204, 40.2585 ], [ 28.819, 40.2573 ], [ 28.8154, 40.259 ], [ 28.8124, 40.2569 ], [ 28.8092, 40.2606 ], [ 28.8135, 40.2627 ], [ 28.8123, 40.2644 ], [ 28.8054, 40.2645 ], [ 28.8023, 40.2661 ], [ 28.7963, 40.261 ], [ 28.7932, 40.2614 ], [ 28.7911, 40.2646 ], [ 28.7856, 40.2628 ], [ 28.7816, 40.264 ], [ 28.7799, 40.2624 ], [ 28.7761, 40.2636 ], [ 28.7738, 40.2674 ], [ 28.7727, 40.2662 ], [ 28.7657, 40.2709 ], [ 28.7604, 40.2773 ], [ 28.7555, 40.2804 ], [ 28.7455, 40.282 ], [ 28.7175, 40.2728 ], [ 28.7134, 40.2732 ], [ 28.7044, 40.2792 ], [ 28.6963, 40.273 ], [ 28.6851, 40.2761 ], [ 28.682, 40.2756 ], [ 28.6724, 40.2721 ], [ 28.6677, 40.2684 ], [ 28.6478, 40.291 ], [ 28.6432, 40.2933 ], [ 28.6338, 40.2938 ], [ 28.6313, 40.2957 ], [ 28.6264, 40.3107 ], [ 28.6239, 40.3121 ], [ 28.618, 40.3074 ], [ 28.6114, 40.3048 ], [ 28.6027, 40.3062 ], [ 28.5925, 40.3105 ], [ 28.5847, 40.3067 ], [ 28.5772, 40.3052 ], [ 28.5704, 40.3062 ], [ 28.5648, 40.3088 ], [ 28.5548, 40.3155 ], [ 28.5533, 40.3181 ], [ 28.5539, 40.3205 ], [ 28.5648, 40.3314 ], [ 28.5726, 40.3559 ], [ 28.5744, 40.3701 ], [ 28.5777, 40.3745 ], [ 28.6162, 40.3666 ], [ 28.6324, 40.3644 ], [ 28.6343, 40.3657 ], [ 28.6387, 40.3628 ], [ 28.6651, 40.3615 ], [ 28.6738, 40.3636 ], [ 28.6779, 40.3665 ], [ 28.6771, 40.3713 ], [ 28.6741, 40.3725 ], [ 28.6755, 40.3747 ], [ 28.6925, 40.375 ], [ 28.7004, 40.3778 ], [ 28.7087, 40.3762 ], [ 28.7169, 40.378 ], [ 28.7228, 40.3777 ], [ 28.7237, 40.3795 ], [ 28.7257, 40.3791 ], [ 28.7255, 40.3818 ], [ 28.7273, 40.3831 ], [ 28.7343, 40.3821 ], [ 28.7393, 40.3861 ], [ 28.7413, 40.3856 ], [ 28.7418, 40.3869 ], [ 28.7529, 40.3901 ], [ 28.7626, 40.391 ], [ 28.7715, 40.3943 ], [ 28.7964, 40.3943 ], [ 28.7997, 40.3928 ], [ 28.8, 40.3933 ], [ 28.8009, 40.3935 ], [ 28.8033, 40.3926 ], [ 28.8003, 40.3932 ], [ 28.8023, 40.3913 ], [ 28.8113, 40.3918 ], [ 28.8286, 40.3856 ], [ 28.8294, 40.3838 ], [ 28.8363, 40.3837 ], [ 28.8478, 40.3809 ], [ 28.8529, 40.3812 ], [ 28.8644, 40.3853 ], [ 28.8723, 40.384 ], [ 28.87, 40.3836 ], [ 28.8798, 40.3817 ], [ 28.8932, 40.3713 ], [ 28.902, 40.369 ], [ 28.9113, 40.3622 ], [ 28.9263, 40.3558 ], [ 28.9299, 40.356 ], [ 28.9313, 40.357 ], [ 28.9353, 40.3573 ], [ 28.9307, 40.3559 ], [ 28.9461, 40.3562 ], [ 28.9533, 40.3594 ], [ 28.9652, 40.3586 ], [ 28.9776, 40.3558 ], [ 28.9962, 40.3587 ], [ 29.0274, 40.3622 ], [ 29.0322, 40.3653 ], [ 29.0346, 40.3653 ], [ 29.0322, 40.364 ], [ 29.0525, 40.3624 ], [ 29.0631, 40.3677 ], [ 29.0676, 40.373 ], [ 29.0699, 40.3791 ], [ 29.0699, 40.3867 ], [ 29.0673, 40.3902 ], [ 29.0758, 40.4001 ], [ 29.0787, 40.4078 ], [ 29.0834, 40.4099 ], [ 29.0814, 40.411 ], [ 29.0821, 40.4121 ], [ 29.0758, 40.4142 ], [ 29.0849, 40.4115 ], [ 29.0812, 40.4144 ], [ 29.0827, 40.4161 ], [ 29.0815, 40.4168 ], [ 29.0876, 40.4143 ], [ 29.0887, 40.4153 ], [ 29.0859, 40.4171 ], [ 29.088, 40.4171 ], [ 29.0865, 40.419 ], [ 29.0905, 40.4168 ], [ 29.0957, 40.4191 ], [ 29.1066, 40.4151 ], [ 29.1084, 40.4169 ], [ 29.1185, 40.419 ], [ 29.1166, 40.4176 ], [ 29.1208, 40.4171 ], [ 29.1357, 40.423 ], [ 29.1417, 40.4217 ], [ 29.145, 40.4236 ], [ 29.1519, 40.4223 ], [ 29.1541, 40.4234 ], [ 29.1547, 40.4261 ], [ 29.1531, 40.432 ], [ 29.1514, 40.4317 ], [ 29.1527, 40.4321 ], [ 29.1512, 40.4365 ], [ 29.1323, 40.4451 ], [ 29.1308, 40.448 ], [ 29.1232, 40.4525 ], [ 29.1214, 40.4554 ], [ 29.1152, 40.4567 ], [ 29.1066, 40.4621 ], [ 29.1032, 40.4664 ], [ 29.0983, 40.4679 ], [ 29.0905, 40.475 ], [ 29.0851, 40.4754 ], [ 29.0822, 40.4778 ], [ 29.0702, 40.4768 ], [ 29.0646, 40.4787 ], [ 29.06, 40.4773 ], [ 29.0548, 40.4792 ], [ 29.051, 40.4782 ], [ 29.0485, 40.4794 ], [ 29.0325, 40.48 ], [ 29.031, 40.4786 ], [ 29.0256, 40.4792 ], [ 29.0213, 40.477 ], [ 29.017, 40.4705 ], [ 29.0107, 40.47 ], [ 29.0098, 40.4746 ], [ 29.0071, 40.4769 ], [ 28.9937, 40.4821 ], [ 28.9882, 40.4897 ], [ 28.9996, 40.4989 ], [ 29.0097, 40.5123 ], [ 29.0044, 40.5204 ], [ 29.0047, 40.5276 ], [ 29.0096, 40.5497 ], [ 29.0164, 40.5589 ], [ 29.0151, 40.562 ], [ 29.0197, 40.5698 ], [ 29.0302, 40.5747 ], [ 29.0303, 40.579 ], [ 29.0423, 40.5739 ], [ 29.0515, 40.5656 ], [ 29.0614, 40.5609 ], [ 29.0638, 40.5629 ], [ 29.0726, 40.5645 ], [ 29.0752, 40.5704 ], [ 29.0838, 40.5754 ], [ 29.0949, 40.5767 ], [ 29.099, 40.5757 ], [ 29.0992, 40.5668 ], [ 29.1045, 40.57 ], [ 29.1107, 40.5707 ], [ 29.1253, 40.5669 ], [ 29.1294, 40.5744 ], [ 29.1328, 40.5771 ], [ 29.1484, 40.5756 ], [ 29.158, 40.5642 ], [ 29.1565, 40.5581 ], [ 29.1527, 40.5552 ], [ 29.1532, 40.5535 ], [ 29.1628, 40.5471 ], [ 29.1672, 40.5466 ], [ 29.1657, 40.5441 ], [ 29.167, 40.5417 ], [ 29.1726, 40.5375 ], [ 29.179, 40.5355 ], [ 29.1857, 40.5378 ], [ 29.2053, 40.5351 ], [ 29.2055, 40.5293 ], [ 29.2136, 40.5242 ], [ 29.2178, 40.5234 ], [ 29.2215, 40.5246 ], [ 29.2263, 40.5213 ], [ 29.2306, 40.5206 ], [ 29.2341, 40.5219 ], [ 29.2375, 40.5292 ], [ 29.2416, 40.5321 ], [ 29.2535, 40.5322 ], [ 29.2565, 40.5361 ], [ 29.27, 40.5365 ], [ 29.2744, 40.533 ], [ 29.2785, 40.5361 ], [ 29.2814, 40.5361 ], [ 29.2889, 40.5353 ], [ 29.2984, 40.5315 ], [ 29.302, 40.5297 ], [ 29.304, 40.5263 ], [ 29.3057, 40.5279 ], [ 29.3117, 40.528 ], [ 29.3146, 40.5245 ], [ 29.3172, 40.5281 ], [ 29.3166, 40.5314 ], [ 29.3251, 40.5405 ], [ 29.333, 40.5584 ], [ 29.3459, 40.5677 ], [ 29.3752, 40.5619 ], [ 29.377, 40.5626 ], [ 29.3824, 40.5606 ], [ 29.3867, 40.555 ], [ 29.39, 40.5533 ], [ 29.3975, 40.5503 ], [ 29.4049, 40.5508 ], [ 29.4156, 40.5472 ], [ 29.4217, 40.5434 ], [ 29.4268, 40.5443 ], [ 29.4363, 40.5424 ], [ 29.4407, 40.5433 ], [ 29.4474, 40.5407 ], [ 29.4495, 40.5481 ], [ 29.4471, 40.5524 ], [ 29.4564, 40.5545 ], [ 29.4569, 40.5633 ], [ 29.4701, 40.5674 ], [ 29.4717, 40.5659 ], [ 29.4815, 40.5645 ], [ 29.4862, 40.5574 ], [ 29.4926, 40.5555 ], [ 29.4925, 40.5465 ], [ 29.4976, 40.5408 ], [ 29.495, 40.5362 ], [ 29.503, 40.5254 ], [ 29.505301332622622, 40.523553251599132 ], [ 29.5042, 40.5247 ], [ 29.504, 40.5273 ], [ 29.5055, 40.5291 ], [ 29.5145, 40.5299 ], [ 29.5258, 40.5241 ], [ 29.532, 40.5237 ], [ 29.5354, 40.5273 ], [ 29.5419, 40.5269 ], [ 29.5443, 40.5297 ], [ 29.5466, 40.5297 ], [ 29.5459, 40.5271 ], [ 29.5527, 40.5247 ], [ 29.5527, 40.5211 ], [ 29.5557, 40.5232 ], [ 29.5531, 40.529 ], [ 29.5544, 40.5329 ], [ 29.5508, 40.5371 ], [ 29.55, 40.5409 ], [ 29.5576, 40.5497 ], [ 29.5602, 40.5496 ], [ 29.5599, 40.5471 ], [ 29.5628, 40.5461 ], [ 29.5609, 40.5439 ], [ 29.5646, 40.5364 ], [ 29.574, 40.5382 ], [ 29.576, 40.5412 ], [ 29.5776, 40.5389 ], [ 29.5814, 40.5397 ], [ 29.5813, 40.5446 ], [ 29.5827, 40.5453 ], [ 29.5867, 40.5386 ], [ 29.5936, 40.5483 ], [ 29.6, 40.5494 ], [ 29.6002, 40.5433 ], [ 29.604, 40.5458 ], [ 29.6039, 40.5427 ], [ 29.6059, 40.5428 ], [ 29.6071, 40.5455 ], [ 29.6088, 40.5428 ], [ 29.6107, 40.5434 ], [ 29.611, 40.5415 ], [ 29.6146, 40.5425 ], [ 29.6146, 40.545 ], [ 29.6165, 40.5426 ], [ 29.6166, 40.5442 ], [ 29.6193, 40.5453 ], [ 29.619, 40.544 ], [ 29.6213, 40.5431 ], [ 29.622, 40.5446 ], [ 29.6276, 40.5463 ], [ 29.6308, 40.5529 ], [ 29.6343, 40.5536 ], [ 29.6359, 40.5561 ], [ 29.6374, 40.5549 ], [ 29.6397, 40.5574 ], [ 29.6429, 40.558 ], [ 29.6445, 40.5644 ], [ 29.6619, 40.5705 ], [ 29.6617, 40.5736 ], [ 29.6645, 40.577 ], [ 29.6763, 40.583 ], [ 29.6791, 40.5868 ], [ 29.6844, 40.59 ], [ 29.6864, 40.596 ], [ 29.6855, 40.5993 ], [ 29.6836, 40.6001 ], [ 29.6839, 40.6029 ], [ 29.686, 40.6032 ], [ 29.6853, 40.6021 ], [ 29.6868, 40.6019 ], [ 29.6923, 40.6041 ], [ 29.7026, 40.6135 ], [ 29.7057, 40.6111 ], [ 29.7096, 40.6106 ], [ 29.7148, 40.6115 ], [ 29.7329, 40.6101 ], [ 29.7348, 40.6063 ], [ 29.751, 40.6016 ], [ 29.762, 40.6005 ], [ 29.7649, 40.599 ], [ 29.7665, 40.5999 ], [ 29.7817, 40.5945 ], [ 29.7947, 40.594 ], [ 29.8134, 40.5839 ], [ 29.8191, 40.583 ], [ 29.8579, 40.584 ], [ 29.8688, 40.5813 ], [ 29.8826, 40.5735 ], [ 29.8906, 40.5724 ], [ 29.894, 40.574 ], [ 29.906, 40.5692 ], [ 29.9078, 40.5597 ], [ 29.9055, 40.5577 ], [ 29.9104, 40.5518 ], [ 29.9102, 40.5496 ], [ 29.9062, 40.553 ], [ 29.905, 40.5513 ], [ 29.9036, 40.5282 ], [ 29.9051, 40.5274 ], [ 29.9327, 40.5334 ], [ 29.9552, 40.5397 ], [ 29.9719, 40.526 ], [ 29.9761, 40.5154 ], [ 29.9737, 40.5166 ], [ 29.9444, 40.5108 ], [ 29.8902, 40.4838 ], [ 29.8786, 40.4746 ], [ 29.875, 40.4678 ], [ 29.8746, 40.4604 ], [ 29.877, 40.4521 ], [ 29.8902, 40.4395 ], [ 29.891, 40.4273 ], [ 29.8814, 40.4162 ], [ 29.8749, 40.4159 ], [ 29.8557, 40.4101 ], [ 29.8368, 40.3981 ], [ 29.828, 40.383 ], [ 29.8232, 40.3655 ], [ 29.8187, 40.3609 ], [ 29.8119, 40.3595 ], [ 29.806, 40.36 ], [ 29.7394, 40.3683 ], [ 29.7018, 40.3615 ], [ 29.6673, 40.3477 ], [ 29.6489, 40.3555 ], [ 29.6048, 40.3615 ], [ 29.5805, 40.3558 ], [ 29.5466, 40.3582 ], [ 29.5196, 40.3506 ], [ 29.5133, 40.3496 ], [ 29.5084, 40.3508 ], [ 29.4661, 40.3575 ], [ 29.4533, 40.3541 ], [ 29.4263, 40.3411 ], [ 29.4144, 40.3394 ], [ 29.4026, 40.3418 ], [ 29.3967, 40.3378 ], [ 29.3734, 40.3316 ], [ 29.349715114964191, 40.314428458349042 ], [ 29.3529, 40.3119 ], [ 29.3787, 40.305 ], [ 29.3945, 40.2976 ], [ 29.4116, 40.279 ], [ 29.4126, 40.2672 ], [ 29.4082, 40.2612 ], [ 29.4076, 40.2572 ], [ 29.4141, 40.2439 ], [ 29.4272, 40.2334 ], [ 29.4592, 40.2244 ], [ 29.4658, 40.2177 ], [ 29.4698, 40.2091 ], [ 29.4903, 40.2106 ], [ 29.5038, 40.2079 ], [ 29.5339, 40.1937 ], [ 29.5469, 40.1825 ], [ 29.5488, 40.1799 ], [ 29.5494, 40.1689 ], [ 29.5581, 40.1552 ], [ 29.5628, 40.1528 ], [ 29.5703, 40.1523 ], [ 29.5793, 40.1537 ], [ 29.6001, 40.1604 ], [ 29.611, 40.1613 ], [ 29.6228, 40.1532 ], [ 29.6269, 40.144 ], [ 29.6381, 40.134 ], [ 29.6555, 40.1276 ], [ 29.6614, 40.1273 ], [ 29.6729, 40.1307 ], [ 29.7018, 40.1459 ], [ 29.7099, 40.1459 ], [ 29.7047, 40.1327 ], [ 29.7051, 40.1226 ], [ 29.7135, 40.1036 ], [ 29.7223, 40.0901 ], [ 29.7347, 40.0431 ], [ 29.7435, 40.0213 ], [ 29.748, 40.0163 ], [ 29.7548, 40.0016 ], [ 29.7545, 39.9844 ], [ 29.7516, 39.9712 ], [ 29.754, 39.9635 ], [ 29.758, 39.9568 ], [ 29.7684, 39.9463 ], [ 29.7672, 39.9356 ], [ 29.7475, 39.9168 ], [ 29.7399, 39.9079 ], [ 29.7375, 39.9018 ], [ 29.7367, 39.8671 ], [ 29.7387, 39.8533 ], [ 29.7152, 39.8551 ], [ 29.7022, 39.8537 ], [ 29.6917, 39.8569 ], [ 29.6699, 39.8715 ], [ 29.657, 39.8842 ], [ 29.6517, 39.8828 ], [ 29.6428, 39.8742 ], [ 29.6058, 39.861 ], [ 29.5799, 39.8592 ], [ 29.5658, 39.8601 ], [ 29.5452, 39.8637 ], [ 29.4993, 39.8742 ], [ 29.4628, 39.8855 ], [ 29.451, 39.8837 ], [ 29.4434, 39.8805 ], [ 29.4387, 39.8719 ], [ 29.4363, 39.8582 ], [ 29.4369, 39.8423 ], [ 29.4304, 39.8277 ], [ 29.4175, 39.8132 ], [ 29.3634, 39.7818 ], [ 29.3292, 39.7599 ], [ 29.3175, 39.7513 ], [ 29.3051, 39.7381 ], [ 29.2892, 39.7185 ], [ 29.2833, 39.7076 ], [ 29.2651, 39.688 ] ], [ [ 29.191728209366403, 40.198970578512395 ], [ 29.1871, 40.1994 ], [ 29.1787, 40.1984 ], [ 29.191728209366403, 40.198970578512395 ] ], [ [ 29.208935294117648, 40.208735294117645 ], [ 29.2087, 40.2087 ], [ 29.2054, 40.2052 ], [ 29.208935294117648, 40.208735294117645 ] ], [ [ 29.2212, 40.2112 ], [ 29.2153, 40.2118 ], [ 29.215209517426274, 40.211468230563 ], [ 29.2212, 40.2112 ] ], [ [ 29.2892, 40.2955 ], [ 29.289919246615668, 40.296127427898774 ], [ 29.2827, 40.2929 ], [ 29.2892, 40.2955 ] ], [ [ 29.2939, 40.2996 ], [ 29.294127198124269, 40.300698124267292 ], [ 29.292303680336477, 40.298207465825435 ], [ 29.2939, 40.2996 ] ], [ [ 29.323715763424897, 40.331642341004702 ], [ 29.3152, 40.338 ], [ 29.3231, 40.332 ], [ 29.323715763424897, 40.331642341004702 ] ], [ [ 29.3837, 39.9145 ], [ 29.3753, 39.9214 ], [ 29.3793, 39.9178 ], [ 29.3837, 39.9145 ] ], [ [ 29.3883, 39.9133 ], [ 29.392519241982502, 39.913625364431489 ], [ 29.3837, 39.9145 ], [ 29.3883, 39.9133 ] ], [ [ 29.4328, 39.9164 ], [ 29.429860865337869, 39.91615374817696 ], [ 29.439, 39.9145 ], [ 29.4328, 39.9164 ] ], [ [ 29.414416924670206, 40.178906344707279 ], [ 29.4555, 40.1994 ], [ 29.4179, 40.1813 ], [ 29.414416924670206, 40.178906344707279 ] ], [ [ 29.290947381095744, 40.373968934376883 ], [ 29.2966, 40.3739 ], [ 29.304253860929688, 40.375263618901265 ], [ 29.290947381095744, 40.373968934376883 ] ] ] } },
{ "type": "Feature", "properties": { "cevre_id": "CANAKKALE", "cevre_adi": "CANAKKALE", "il": "CANAKKALE", "mv_sayisi": 4 }, "geometry": { "type": "MultiPolygon", "coordinates": [ [ [ [ 26.053472518920898, 39.847362518310547 ], [ 26.075693130493164, 39.836528778076399 ], [ 26.083751678466797, 39.801250457763729 ], [ 26.061805725098111, 39.787082672119141 ], [ 25.962083816528377, 39.837081909179801 ], [ 26.053472518920898, 39.847362518310547 ] ] ], [ [ [ 26.08652687072788, 39.920417785644815 ], [ 26.087360382080078, 39.917640686035156 ], [ 26.081247329712312, 39.918193817138899 ], [ 26.084304809570369, 39.920139312744254 ], [ 26.08652687072788, 39.920417785644815 ] ] ], [ [ [ 26.053194046020508, 39.931526184081974 ], [ 26.053747177124478, 39.929862976074389 ], [ 26.050138473511026, 39.929862976074389 ], [ 26.051250457763786, 39.931526184081974 ], [ 26.053194046020508, 39.931526184081974 ] ] ], [ [ [ 26.060972213745174, 39.940692901611555 ], [ 26.072916030884244, 39.936248779297159 ], [ 26.078472137451229, 39.938472747803019 ], [ 26.079860687255973, 39.937362670898665 ], [ 26.067640304565487, 39.931251525879134 ], [ 26.060972213745174, 39.940692901611555 ] ] ], [ [ [ 25.944583892822322, 40.24124908447277 ], [ 25.977083206176758, 40.216251373291186 ], [ 25.965972900390625, 40.150138854980469 ], [ 25.988470077514876, 40.144306182861328 ], [ 26.013748168945597, 40.163749694824446 ], [ 25.993749618530444, 40.131526947021484 ], [ 25.739027023315487, 40.090694427490178 ], [ 25.665136337280273, 40.12430572509777 ], [ 25.670694351196403, 40.153751373291243 ], [ 25.785137176513729, 40.210414886474666 ], [ 25.842916488647461, 40.211250305176009 ], [ 25.944583892822322, 40.24124908447277 ] ] ], [ [ [ 26.714027404785156, 40.388748168945312 ], [ 26.715414047241666, 40.381248474121207 ], [ 26.705415725708121, 40.383193969726506 ], [ 26.707082748413427, 40.385971069336165 ], [ 26.714027404785156, 40.388748168945312 ] ] ], [ [ [ 27.286527633666935, 40.475139617920149 ], [ 27.333749771118335, 40.411251068115291 ], [ 27.304861068725756, 40.400970458984375 ], [ 27.308750152588175, 40.371807098388786 ], [ 27.493196487426928, 40.307083129882756 ], [ 27.580728530883732, 40.311885833740291 ], [ 27.575317382812614, 40.271160125732422 ], [ 27.468250274658146, 40.194686889648551 ], [ 27.50711631774908, 40.125858306884766 ], [ 27.450334548950195, 39.989673614501953 ], [ 27.487668991088924, 39.964015960693473 ], [ 27.492630004882812, 39.939807891845987 ], [ 27.472572326660156, 39.887615203857592 ], [ 27.423446655273494, 39.829936981201286 ], [ 27.264280319214095, 39.7708168029788 ], [ 27.157159805297852, 39.810306549072379 ], [ 27.091777801513672, 39.810173034668082 ], [ 26.980264663696403, 39.782161712646541 ], [ 26.845289230346737, 39.710056304931641 ], [ 26.723983764648665, 39.715759277343864 ], [ 26.688920974731445, 39.697902679443416 ], [ 26.669155120849837, 39.659816741943473 ], [ 26.669305801391658, 39.557640075683707 ], [ 26.657917022705135, 39.55180740356451 ], [ 26.459581375122013, 39.521251678466854 ], [ 26.376249313354549, 39.496528625488281 ], [ 26.368194580078296, 39.480415344238395 ], [ 26.264862060546875, 39.483196258545036 ], [ 26.24180793762207, 39.463748931884709 ], [ 26.229858398437784, 39.474582672119254 ], [ 26.131250381469783, 39.452915191650391 ], [ 26.063194274902287, 39.478195190429688 ], [ 26.105693817138672, 39.585414886474723 ], [ 26.142360687255916, 39.612640380859375 ], [ 26.163473129272404, 39.659305572509936 ], [ 26.139862060546818, 39.75708389282255 ], [ 26.158472061157227, 39.776527404785156 ], [ 26.163751602172795, 39.817916870117188 ], [ 26.137083053588924, 39.840972900390625 ], [ 26.159305572509993, 39.882915496826229 ], [ 26.149858474731616, 39.915695190429631 ], [ 26.177362442016602, 39.989032745361271 ], [ 26.198194503784123, 40.009860992431641 ], [ 26.269582748413086, 40.000694274902401 ], [ 26.333194732666186, 40.02763748168951 ], [ 26.365972518920955, 40.100139617920149 ], [ 26.409860610961914, 40.119304656982365 ], [ 26.397361755371037, 40.145694732666016 ], [ 26.40875053405756, 40.154861450195597 ], [ 26.403194427490405, 40.196804046630859 ], [ 26.449028015136832, 40.194026947021598 ], [ 26.524583816528605, 40.217643737792969 ], [ 26.572639465331974, 40.280139923095703 ], [ 26.606527328491325, 40.281250000000227 ], [ 26.693195343017635, 40.352916717529411 ], [ 26.689861297607365, 40.365695953369254 ], [ 26.752359390258903, 40.402915954590071 ], [ 26.91319465637207, 40.406528472900504 ], [ 26.953193664550952, 40.383750915527457 ], [ 27.03319358825695, 40.389583587646428 ], [ 27.089860916137923, 40.442081451416186 ], [ 27.155138015747127, 40.452083587646598 ], [ 27.205139160156421, 40.434307098388899 ], [ 27.286527633666935, 40.475139617920149 ] ] ], [ [ [ 27.042612075805948, 40.748050689697322 ], [ 27.029438018799055, 40.590694427490291 ], [ 26.996250152588118, 40.555694580078182 ], [ 26.900138854980412, 40.536251068115178 ], [ 26.699306488037166, 40.454303741455078 ], [ 26.700138092041129, 40.419860839843921 ], [ 26.641250610351619, 40.403194427490291 ], [ 26.631248474121094, 40.362361907958984 ], [ 26.591249465942383, 40.321250915527514 ], [ 26.509859085083065, 40.288192749023551 ], [ 26.424583435058878, 40.220695495605469 ], [ 26.358194351196516, 40.203193664550781 ], [ 26.380973815918139, 40.143196105957145 ], [ 26.224304199218807, 40.049583435058707 ], [ 26.16986083984375, 40.045970916748274 ], [ 26.278472900390682, 40.215694427490234 ], [ 26.278749465942496, 40.253749847412223 ], [ 26.229305267334212, 40.288749694824332 ], [ 26.246528625488281, 40.299583435058651 ], [ 26.242641448974609, 40.313751220703239 ], [ 26.21846961975109, 40.319583892822209 ], [ 26.308471679687443, 40.365970611572266 ], [ 26.331806182861612, 40.363750457763899 ], [ 26.455694198608569, 40.441528320312614 ], [ 26.625415802002124, 40.508472442626953 ], [ 26.703750610351562, 40.510417938232649 ], [ 26.747360229492131, 40.559028625488565 ], [ 26.748750686645451, 40.546249389648722 ], [ 26.769584655761776, 40.545139312744368 ], [ 26.834863662719783, 40.581249237060831 ], [ 26.81875038146967, 40.647083282470703 ], [ 26.759315490722713, 40.691379547119141 ], [ 26.783828735351562, 40.746200561523438 ], [ 26.858566284179631, 40.744842529296875 ], [ 26.987554550170955, 40.802059173584212 ], [ 27.024887084960881, 40.791057586670206 ], [ 27.042612075805948, 40.748050689697322 ] ] ] ] } },
{ "type": "Feature", "properties": { "cevre_id": "CANKIRI", "cevre_adi": "CANKIRI", "il": "CANKIRI", "mv_sayisi": 2 }, "geometry": { "type": "MultiPolygon", "coordinates": [ [ [ [ 33.78607177734375, 40.962490081787223 ], [ 33.829746246337947, 40.916145324707031 ], [ 34.035892486572322, 40.850971221923771 ], [ 34.057151794433594, 40.800819396972884 ], [ 34.044857025146541, 40.680839538574446 ], [ 34.103481292724723, 40.520450592041016 ], [ 34.159305572509822, 40.431739807129134 ], [ 34.156948089599609, 40.398799896240234 ], [ 34.107196807861499, 40.32553863525402 ], [ 33.965469360351619, 40.260776519775504 ], [ 33.718235015869425, 40.280345916748047 ], [ 33.409862518310717, 40.38897705078125 ], [ 33.364143371581974, 40.385932922363338 ], [ 33.330764770507756, 40.334743499756087 ], [ 33.267429351806697, 40.331134796142805 ], [ 33.220985412597713, 40.351249694824446 ], [ 33.171745300293139, 40.434806823730526 ], [ 32.961448669433707, 40.595668792724837 ], [ 32.654914855957088, 40.702560424804744 ], [ 32.50134658813505, 40.704257965088004 ], [ 32.539924621582145, 40.797550201416129 ], [ 32.519256591796875, 40.839225769043082 ], [ 32.587478637695256, 40.891880035400618 ], [ 32.691940307617301, 40.957851409912166 ], [ 33.027935028076456, 41.016464233398438 ], [ 33.077140808105639, 41.088871002197266 ], [ 33.185474395752067, 41.074455261230469 ], [ 33.2963294982913, 41.024673461914062 ], [ 33.349895477295206, 40.974697113037223 ], [ 33.407623291015909, 40.959419250488281 ], [ 33.834877014160099, 41.095668792724723 ], [ 33.858146667480412, 41.077766418457259 ], [ 33.860649108886719, 41.052822113037109 ], [ 33.791225433349666, 40.995929718017521 ], [ 33.78607177734375, 40.962490081787223 ] ] ] ] } },
{ "type": "Feature", "properties": { "cevre_id": "CORUM", "cevre_adi": "CORUM", "il": "CORUM", "mv_sayisi": 4 }, "geometry": { "type": "MultiPolygon", "coordinates": [ [ [ [ 34.819057464599666, 41.201721191406307 ], [ 34.852119445800952, 41.197719573974553 ], [ 34.892101287841854, 41.253662109375114 ], [ 34.940605163574389, 41.202041625976562 ], [ 34.979225158691463, 41.083278656005803 ], [ 35.018234252929858, 41.074756622314453 ], [ 35.093154907226506, 41.090541839599609 ], [ 35.091331481933651, 41.03227615356468 ], [ 35.04957199096674, 40.951412200927791 ], [ 35.046043395996037, 40.852909088134766 ], [ 35.025100708007983, 40.843399047851676 ], [ 35.094558715820312, 40.695533752441634 ], [ 35.161132812500057, 40.668243408203352 ], [ 35.257038116455192, 40.666099548340014 ], [ 35.346443176269815, 40.641204833984489 ], [ 35.427715301513729, 40.615207672119254 ], [ 35.462039947509822, 40.578224182129134 ], [ 35.448406219482365, 40.467723846435661 ], [ 35.343681335449276, 40.358325958251953 ], [ 35.332336425781193, 40.228908538818416 ], [ 35.288646697998104, 40.213741302490234 ], [ 35.167774200439567, 40.213230133056697 ], [ 35.178745269775561, 40.090763092041016 ], [ 35.056995391845987, 40.029792785644531 ], [ 34.919666290283487, 40.050796508789062 ], [ 34.789379119873331, 39.992351531982479 ], [ 34.394672393798885, 39.991836547851562 ], [ 34.32065582275419, 39.947689056396484 ], [ 34.154014587402514, 39.933532714843977 ], [ 34.054344177246151, 39.904911041259879 ], [ 34.065956115722713, 39.955085754394759 ], [ 34.199172973633097, 40.039722442627067 ], [ 34.149837493896769, 40.073364257812557 ], [ 34.105388641357536, 40.131149291992415 ], [ 34.081195831299112, 40.222751617431641 ], [ 33.965469360351619, 40.260776519775504 ], [ 34.107196807861499, 40.32553863525402 ], [ 34.161037445068416, 40.412143707275391 ], [ 34.044857025146541, 40.680839538574446 ], [ 34.057151794433594, 40.800819396972884 ], [ 34.035892486572322, 40.850971221923771 ], [ 34.277767181396541, 40.927242279053019 ], [ 34.279071807861328, 40.976325988769645 ], [ 34.226070404052791, 41.00858306884777 ], [ 34.210571289062614, 41.040046691894645 ], [ 34.290962219238452, 41.167438507080078 ], [ 34.431076049804972, 41.304927825927734 ], [ 34.466541290283374, 41.306472778320369 ], [ 34.521492004394815, 41.276542663574332 ], [ 34.819057464599666, 41.201721191406307 ] ] ] ] } },
{ "type": "Feature", "properties": { "cevre_id": "DENIZLI", "cevre_adi": "DENIZLI", "il": "DENIZLI", "mv_sayisi": 7 }, "geometry": { "type": "MultiPolygon", "coordinates": [ [ [ [ 29.85498237609869, 38.425605773925838 ], [ 29.928991317749194, 38.406925201416016 ], [ 30.041721343994197, 38.233726501464901 ], [ 30.020292282104776, 38.176223754882812 ], [ 29.924520492553825, 38.10348129272478 ], [ 29.665998458862475, 37.988689422607479 ], [ 29.663770675659237, 37.852550506591854 ], [ 29.720468521118221, 37.852550506591854 ], [ 29.815368652343921, 37.819053649902571 ], [ 29.845273971557788, 37.760818481445312 ], [ 29.526779174804858, 37.591384887695597 ], [ 29.530990600586108, 37.462604522705078 ], [ 29.579534530639592, 37.435356140136832 ], [ 29.579244613647518, 37.41019439697277 ], [ 29.523260116577433, 37.315151214599609 ], [ 29.411666870117244, 37.189678192138672 ], [ 29.387758255004826, 37.076091766357536 ], [ 29.334857940673885, 37.035694122314396 ], [ 29.328029632568416, 36.956314086914062 ], [ 29.262014389038256, 36.881359100341911 ], [ 29.190946578979549, 36.88718414306652 ], [ 29.081838607788143, 36.991504669189453 ], [ 29.07584381103527, 37.047645568847656 ], [ 29.05659675598173, 37.074577331542969 ], [ 29.063364028930664, 37.104351043701286 ], [ 29.032991409301701, 37.144401550293026 ], [ 28.928304672241268, 37.20682525634777 ], [ 28.786222457886026, 37.244335174560661 ], [ 28.74400711059576, 37.355293273925781 ], [ 28.614433288574332, 37.393478393554688 ], [ 28.611564636230753, 37.472900390625114 ], [ 28.550529479980753, 37.570991516113224 ], [ 28.60674095153837, 37.60981369018549 ], [ 28.740436553955192, 37.600101470947266 ], [ 28.879573822021712, 37.697002410888672 ], [ 28.849018096923828, 37.763168334961165 ], [ 28.764228820800781, 37.84311676025402 ], [ 28.793079376220817, 37.906478881836222 ], [ 28.866380691528377, 37.993259429931697 ], [ 28.799518585205362, 38.047832489013899 ], [ 28.70470046997076, 38.087642669677734 ], [ 28.789449691772518, 38.141899108886719 ], [ 28.801586151123104, 38.218879699707145 ], [ 28.920953750610408, 38.265453338623104 ], [ 29.221260070800781, 38.195537567138956 ], [ 29.425903320312671, 38.261734008789119 ], [ 29.544113159179631, 38.195339202880973 ], [ 29.575918197631779, 38.191772460937557 ], [ 29.594125747680607, 38.27232742309593 ], [ 29.64810752868658, 38.344112396240348 ], [ 29.683517456054972, 38.430995941162166 ], [ 29.755413055419922, 38.454109191894531 ], [ 29.85498237609869, 38.425605773925838 ] ] ] ] } },
{ "type": "Feature", "properties": { "cevre_id": "DIYARBAKIR", "cevre_adi": "DIYARBAKIR", "il": "DIYARBAKIR", "mv_sayisi": 12 }, "geometry": { "type": "MultiPolygon", "coordinates": [ [ [ [ 41.393245697021484, 38.593929290771541 ], [ 41.381370544433594, 38.54735183715826 ], [ 41.433452606201456, 38.492698669433651 ], [ 41.418430328369311, 38.475776672363338 ], [ 41.351188659667969, 38.471626281738565 ], [ 41.247844696045206, 38.426227569580135 ], [ 41.214923858642749, 38.333042144775504 ], [ 41.215206146240291, 38.216220855712891 ], [ 41.229358673095987, 38.176044464111442 ], [ 41.21151351928728, 38.105602264404354 ], [ 41.105842590332315, 37.916297912597713 ], [ 41.033603668212947, 37.862644195556868 ], [ 41.051677703857592, 37.825115203857536 ], [ 41.112369537353572, 37.804702758789062 ], [ 41.094944000244311, 37.765148162841854 ], [ 41.051792144775675, 37.739574432373047 ], [ 40.802249908447322, 37.717403411865234 ], [ 40.752021789550895, 37.730331420898494 ], [ 40.715831756591854, 37.761577606201286 ], [ 40.647644042968807, 37.766258239746207 ], [ 40.602046966553019, 37.787681579589844 ], [ 40.542995452880859, 37.733390808105526 ], [ 40.535087585449276, 37.675189971923942 ], [ 40.516101837158203, 37.650424957275504 ], [ 40.418190002441463, 37.645885467529297 ], [ 40.27312088012701, 37.567569732666243 ], [ 40.09448623657255, 37.589130401611555 ], [ 40.017303466796989, 37.556312561035099 ], [ 39.881374359130916, 37.556331634521541 ], [ 39.86167144775402, 37.603641510009822 ], [ 39.860469818115519, 37.746318817138786 ], [ 39.823242187500171, 37.787952423095646 ], [ 39.761566162109659, 37.833415985107422 ], [ 39.661567687988338, 37.840167999267692 ], [ 39.413627624511832, 37.995002746581974 ], [ 39.254795074462947, 37.99920654296875 ], [ 39.178749084472827, 38.030654907226676 ], [ 39.227375030517692, 38.078433990478629 ], [ 39.244228363037109, 38.172023773193416 ], [ 39.205017089843693, 38.191299438476562 ], [ 39.160182952880916, 38.173336029052962 ], [ 39.111736297607479, 38.184692382812727 ], [ 39.142269134521541, 38.273216247558651 ], [ 39.119144439697436, 38.338256835937557 ], [ 39.266990661621378, 38.368110656738281 ], [ 39.338535308837947, 38.338188171386719 ], [ 39.398700714111612, 38.33542633056652 ], [ 39.571472167968921, 38.369537353515682 ], [ 39.733974456787223, 38.371265411376953 ], [ 39.811115264892749, 38.4249267578125 ], [ 39.862014770507869, 38.498165130615462 ], [ 40.054641723632869, 38.475044250488395 ], [ 40.437953948974666, 38.476139068603516 ], [ 40.466030120849894, 38.492721557617415 ], [ 40.497112274170206, 38.590145111084098 ], [ 40.525421142578239, 38.612251281738281 ], [ 40.910102844238338, 38.59239578247093 ], [ 41.266304016113281, 38.725601196289119 ], [ 41.371963500976506, 38.643035888672102 ], [ 41.393245697021484, 38.593929290771541 ] ] ] ] } },
{ "type": "Feature", "properties": { "cevre_id": "DUZCE", "cevre_adi": "DUZCE", "il": "DUZCE", "mv_sayisi": 3 }, "geometry": { "type": "MultiPolygon", "coordinates": [ [ [ [ 31.339487075805778, 41.135826110839787 ], [ 31.43902778625494, 41.056297302246037 ], [ 31.736297607421932, 41.042720794677734 ], [ 31.757919311523551, 41.01557540893549 ], [ 31.757904052734432, 40.987693786621094 ], [ 31.735439300537166, 40.944499969482479 ], [ 31.668218612671012, 40.904876708984375 ], [ 31.604228973388729, 40.881336212158203 ], [ 31.469253540039233, 40.870956420898438 ], [ 31.431516647338981, 40.805057525634766 ], [ 31.427059173584041, 40.701335906982649 ], [ 31.360944747924918, 40.661460876464957 ], [ 31.264896392822322, 40.646827697753906 ], [ 31.190750122070483, 40.681797027587891 ], [ 31.026567459106445, 40.659542083740291 ], [ 30.954557418823242, 40.682250976562614 ], [ 30.986114501953296, 40.72135162353527 ], [ 30.89267539978033, 40.778587341308537 ], [ 30.873073577880859, 40.829200744628963 ], [ 30.906887054443416, 40.897171020507926 ], [ 31.00865745544445, 40.961486816406364 ], [ 31.03475379943842, 41.006019592285213 ], [ 30.975936889648722, 41.072639465332145 ], [ 31.217081069946573, 41.097915649414062 ], [ 31.339487075805778, 41.135826110839787 ] ] ] ] } },
{ "type": "Feature", "properties": { "cevre_id": "EDIRNE", "cevre_adi": "EDIRNE", "il": "EDIRNE", "mv_sayisi": 4 }, "geometry": { "type": "MultiPolygon", "coordinates": [ [ [ [ 26.738752365112646, 40.619026184082088 ], [ 26.740417480468807, 40.612640380859318 ], [ 26.730972290039404, 40.614582061767635 ], [ 26.732084274292163, 40.616806030273551 ], [ 26.738752365112646, 40.619026184082088 ] ] ], [ [ [ 26.756526947021541, 40.62208175659174 ], [ 26.758472442627408, 40.619861602783203 ], [ 26.754304885864428, 40.618751525878849 ], [ 26.754581451416016, 40.621528625488509 ], [ 26.756526947021541, 40.62208175659174 ] ] ], [ [ [ 26.030694961547852, 40.753749847412109 ], [ 26.030689239502294, 40.752361297607365 ], [ 26.031805038452205, 40.749584197998104 ], [ 26.030139923095703, 40.75152587890625 ], [ 26.030694961547852, 40.753749847412109 ] ] ], [ [ [ 26.010969161987703, 40.78958892822294 ], [ 26.021804809570256, 40.779304504394645 ], [ 26.026807785034407, 40.772361755371321 ], [ 26.027360916137809, 40.76903152465843 ], [ 26.010969161987703, 40.78958892822294 ] ] ], [ [ [ 26.97304725646967, 41.972370147705135 ], [ 26.988868713378906, 41.917926788330192 ], [ 26.953647613525334, 41.736782073974609 ], [ 26.9095973968507, 41.679828643798885 ], [ 26.921703338623104, 41.656303405761832 ], [ 26.997392654419002, 41.622680664062727 ], [ 26.99989509582548, 41.556011199951229 ], [ 26.919303894043196, 41.469860076904411 ], [ 26.879146575927962, 41.388225555420036 ], [ 26.898347854614258, 41.343032836914062 ], [ 26.896556854248331, 41.294040679931584 ], [ 26.93860054016136, 41.237285614013729 ], [ 26.93921089172369, 41.195243835449446 ], [ 26.891963958740291, 41.138618469238338 ], [ 26.772720336914176, 41.101020812988509 ], [ 26.744598388671932, 41.060417175293026 ], [ 26.743974685668888, 41.034507751464957 ], [ 26.783018112182617, 40.999576568603516 ], [ 26.730768203735806, 40.902725219726676 ], [ 26.728576660156307, 40.814212799072266 ], [ 26.783828735351562, 40.746200561523438 ], [ 26.759315490722713, 40.691379547119141 ], [ 26.79263877868658, 40.656806945801009 ], [ 26.609861373901367, 40.636806488037109 ], [ 26.533750534057617, 40.591251373291016 ], [ 26.461250305175724, 40.616806030273551 ], [ 26.414026260376318, 40.598472595215128 ], [ 26.374305725097997, 40.608196258544922 ], [ 26.304027557373217, 40.590415954589901 ], [ 26.124584197998047, 40.590972900390852 ], [ 26.088472366333008, 40.608196258544922 ], [ 26.060972213745174, 40.637638092041243 ], [ 26.062360763549918, 40.683193206787337 ], [ 26.031528472900618, 40.733901977539347 ], [ 26.125116348266999, 40.754512786865234 ], [ 26.157695770263615, 40.814674377441406 ], [ 26.217309951782511, 40.836658477783146 ], [ 26.201379776000977, 40.85223388671875 ], [ 26.228288650512695, 40.898120880126953 ], [ 26.249755859375171, 40.891414642333984 ], [ 26.264711380004883, 40.921726226806584 ], [ 26.290233612060661, 40.899761199951286 ], [ 26.301431655884073, 40.910198211670149 ], [ 26.288986206054972, 40.934898376465071 ], [ 26.353076934814453, 40.954666137695312 ], [ 26.323467254638842, 40.983627319335881 ], [ 26.351736068725529, 41.001041412353629 ], [ 26.359113693237589, 41.027553558349723 ], [ 26.319107055664347, 41.063545227050724 ], [ 26.327295303344954, 41.111488342285213 ], [ 26.309978485107422, 41.117637634277401 ], [ 26.330978393554631, 41.146465301513842 ], [ 26.306446075439567, 41.175109863281364 ], [ 26.331590652465934, 41.254291534424055 ], [ 26.410427093505803, 41.258857727050724 ], [ 26.528671264648665, 41.346923828125114 ], [ 26.592201232910213, 41.328666687011662 ], [ 26.636871337890909, 41.356079101562614 ], [ 26.63391494751005, 41.428398132324503 ], [ 26.604879379272461, 41.491004943847656 ], [ 26.596136093139876, 41.615470886230582 ], [ 26.536483764648665, 41.627025604248161 ], [ 26.496963500976562, 41.669059753418026 ], [ 26.368787765503157, 41.714229583740178 ], [ 26.339628219604549, 41.758930206298828 ], [ 26.377365112304858, 41.83274078369152 ], [ 26.546178817749251, 41.841548919677962 ], [ 26.581527709960994, 41.878051757812557 ], [ 26.585836410522688, 41.905204772949332 ], [ 26.569192886352596, 41.927532196044922 ], [ 26.623439788818644, 41.976928710937614 ], [ 26.751115798950423, 41.954513549804858 ], [ 26.781169891357706, 41.977985382080192 ], [ 26.838518142700252, 41.969402313232536 ], [ 26.865001678466797, 41.987449645996207 ], [ 26.972846984863281, 42.005794525146541 ], [ 26.97304725646967, 41.972370147705135 ] ] ] ] } },
{ "type": "Feature", "properties": { "cevre_id": "ELAZIG", "cevre_adi": "ELAZIG", "il": "ELAZIG", "mv_sayisi": 5 }, "geometry": { "type": "MultiPolygon", "coordinates": [ [ [ [ 40.349998474121037, 39.107048034667969 ], [ 40.288097381592081, 39.055965423583928 ], [ 40.285415649414119, 38.950027465820312 ], [ 40.320285797119254, 38.869812011718977 ], [ 40.357448577880916, 38.85798263549799 ], [ 40.386028289794979, 38.801319122314567 ], [ 40.356822967529467, 38.725006103515625 ], [ 40.283687591553019, 38.723560333252124 ], [ 40.239067077636776, 38.631980895996151 ], [ 40.239471435546932, 38.608070373535327 ], [ 40.296035766601562, 38.555526733398551 ], [ 40.292148590088061, 38.474792480468977 ], [ 40.054641723632869, 38.475044250488395 ], [ 39.862014770507869, 38.498165130615462 ], [ 39.811115264892749, 38.4249267578125 ], [ 39.733974456787223, 38.371265411376953 ], [ 39.571472167968921, 38.369537353515682 ], [ 39.398700714111612, 38.33542633056652 ], [ 39.338535308837947, 38.338188171386719 ], [ 39.266990661621378, 38.368110656738281 ], [ 38.968620300293026, 38.308952331542912 ], [ 38.821739196777401, 38.404396057128963 ], [ 38.684249877929744, 38.412025451660213 ], [ 38.525379180908374, 38.462001800537223 ], [ 38.429889678955135, 38.475028991699332 ], [ 38.379295349121378, 38.512310028076286 ], [ 38.349227905273608, 38.573120117187443 ], [ 38.381404876709041, 38.640583038330078 ], [ 38.471988677978686, 38.736061096191406 ], [ 38.629730224609659, 38.750209808349553 ], [ 38.631317138672046, 38.876541137695426 ], [ 38.587318420410213, 38.972530364990462 ], [ 38.613189697265625, 39.010799407958984 ], [ 38.681869506836108, 39.004627227783317 ], [ 38.753204345703296, 39.034816741943359 ], [ 38.783012390136776, 38.987480163574276 ], [ 38.769435882568644, 38.898754119873161 ], [ 38.808502197265625, 38.87729644775402 ], [ 39.048492431640625, 38.893089294433821 ], [ 39.490581512451229, 38.749164581299055 ], [ 39.630271911621151, 38.80181884765625 ], [ 39.727626800537166, 38.803623199462834 ], [ 39.806434631347827, 38.837535858154411 ], [ 39.891315460205135, 38.941734313964901 ], [ 39.893222808837947, 38.992790222167969 ], [ 39.867916107177678, 39.045005798339844 ], [ 39.922580718994197, 39.088428497314453 ], [ 40.028297424316406, 39.094463348388786 ], [ 40.135978698730753, 39.148265838623161 ], [ 40.359775543213004, 39.226669311523665 ], [ 40.397838592529467, 39.155838012695312 ], [ 40.349998474121037, 39.107048034667969 ] ] ] ] } },
{ "type": "Feature", "properties": { "cevre_id": "ERZINCAN", "cevre_adi": "ERZINCAN", "il": "ERZINCAN", "mv_sayisi": 2 }, "geometry": { "type": "MultiPolygon", "coordinates": [ [ [ [ 40.265281677246378, 39.906841278076172 ], [ 40.480442047119197, 39.906944274902344 ], [ 40.509937286376896, 39.893978118896541 ], [ 40.539951324462947, 39.844947814941406 ], [ 40.530143737793026, 39.79112625122076 ], [ 40.563358306884766, 39.751308441162166 ], [ 40.691528320312557, 39.690715789795036 ], [ 40.619617462158203, 39.579704284668026 ], [ 40.62028884887701, 39.528217315673771 ], [ 40.543228149414062, 39.547782897949219 ], [ 40.142089843750284, 39.557628631591797 ], [ 39.986354827881144, 39.51869201660179 ], [ 39.885879516601619, 39.549945831299112 ], [ 39.770572662353572, 39.518180847168082 ], [ 39.697738647461108, 39.451717376709269 ], [ 39.665168762207088, 39.441463470458984 ], [ 39.618003845215014, 39.444042205810604 ], [ 39.607414245605582, 39.481758117676065 ], [ 39.585163116455135, 39.488735198974553 ], [ 39.477455139160156, 39.476974487304801 ], [ 39.315402984619311, 39.499900817871037 ], [ 39.153591156006144, 39.47578430175804 ], [ 39.097686767578296, 39.461723327636832 ], [ 38.966056823730639, 39.375659942626953 ], [ 38.819885253906534, 39.317852020263672 ], [ 38.79290771484375, 39.27995681762701 ], [ 38.833896636963004, 39.257617950439624 ], [ 38.926376342773438, 39.250064849853572 ], [ 38.917270660400675, 39.228519439697379 ], [ 38.771457672119197, 39.180297851562557 ], [ 38.726238250732592, 39.113128662109375 ], [ 38.753204345703296, 39.034816741943359 ], [ 38.681869506836108, 39.004627227783317 ], [ 38.656471252441349, 39.050712585449162 ], [ 38.617038726806925, 39.079467773437614 ], [ 38.523433685302678, 39.114940643310547 ], [ 38.416332244873104, 39.117500305175781 ], [ 38.354545593261719, 39.139766693115291 ], [ 38.393577575683707, 39.213386535644645 ], [ 38.396411895751953, 39.41117095947277 ], [ 38.349071502685831, 39.536556243896598 ], [ 38.366264343261776, 39.683441162109375 ], [ 38.413822174072266, 39.746189117431754 ], [ 38.43944168090826, 39.756851196289062 ], [ 38.450466156005916, 39.786911010742301 ], [ 38.522552490234659, 39.797157287597884 ], [ 38.554382324219034, 39.826526641845646 ], [ 38.522235870361442, 39.848232269287223 ], [ 38.402069091797046, 39.826065063476562 ], [ 38.368347167968807, 39.837001800537394 ], [ 38.38290023803728, 39.895519256591911 ], [ 38.447406768798885, 39.969383239746151 ], [ 38.724182128906193, 39.956573486328125 ], [ 38.752433776855639, 39.971809387207031 ], [ 38.77371978759777, 40.048797607421989 ], [ 38.928539276123331, 40.062679290771484 ], [ 39.11577224731451, 40.012470245361442 ], [ 39.115745544433878, 40.000827789306754 ], [ 39.384086608887003, 39.887702941894531 ], [ 39.471908569336108, 39.872451782226733 ], [ 39.751014709472713, 39.911785125732365 ], [ 39.879669189453125, 40.008300781250227 ], [ 40.121814727783374, 40.069835662841854 ], [ 40.286415100097713, 40.039066314697266 ], [ 40.24314117431652, 39.947322845458984 ], [ 40.265281677246378, 39.906841278076172 ] ] ] ] } },
{ "type": "Feature", "properties": { "cevre_id": "ERZURUM", "cevre_adi": "ERZURUM", "il": "ERZURUM", "mv_sayisi": 6 }, "geometry": { "type": "MultiPolygon", "coordinates": [ [ [ [ 42.330814361572322, 40.982887268066406 ], [ 42.332916259765796, 40.924530029296875 ], [ 42.379020690918253, 40.834453582763729 ], [ 42.491706848144645, 40.721416473388786 ], [ 42.567897796630916, 40.614326477050895 ], [ 42.538536071777514, 40.444206237793253 ], [ 42.509208679199276, 40.407684326171932 ], [ 42.271778106689624, 40.316322326660213 ], [ 42.149829864502237, 40.289623260498161 ], [ 42.137268066406307, 40.260543823242131 ], [ 42.205627441406534, 40.166572570800781 ], [ 42.367481231689737, 40.131492614746151 ], [ 42.498966217041186, 40.041206359863224 ], [ 42.551704406738452, 39.974060058593693 ], [ 42.566364288330135, 39.947551727295149 ], [ 42.406204223632869, 39.873390197753906 ], [ 42.2776527404788, 39.881965637207031 ], [ 42.255199432373217, 39.861167907714844 ], [ 42.285240173340014, 39.814067840576229 ], [ 42.491764068603572, 39.752948760986328 ], [ 42.507907867431811, 39.724315643310547 ], [ 42.523639678955135, 39.568618774414062 ], [ 42.471469879150391, 39.488586425781364 ], [ 42.326442718505973, 39.459419250488395 ], [ 42.213745117187557, 39.409923553466911 ], [ 42.192874908447322, 39.381523132324276 ], [ 42.220222473144531, 39.346023559570483 ], [ 42.218486785888786, 39.321739196777457 ], [ 42.074256896972656, 39.222366333007926 ], [ 41.838825225830249, 39.162235260009766 ], [ 41.720123291015682, 39.173366546631087 ], [ 41.649639129638672, 39.209308624267521 ], [ 41.515937805176065, 39.333503723144588 ], [ 41.386318206787394, 39.383571624755916 ], [ 41.2186927795413, 39.355339050292969 ], [ 41.131034851074503, 39.458778381347713 ], [ 41.029521942138842, 39.465995788574389 ], [ 40.949340820312671, 39.508766174316634 ], [ 40.900581359863338, 39.55487060546875 ], [ 40.856491088867244, 39.565258026123047 ], [ 40.683464050293139, 39.511699676513729 ], [ 40.625484466553019, 39.524215698242415 ], [ 40.619617462158203, 39.579704284668026 ], [ 40.691528320312557, 39.690715789795036 ], [ 40.563358306884766, 39.751308441162166 ], [ 40.530143737793026, 39.79112625122076 ], [ 40.539951324462947, 39.844947814941406 ], [ 40.509937286376896, 39.893978118896541 ], [ 40.480442047119197, 39.906944274902344 ], [ 40.265281677246378, 39.906841278076172 ], [ 40.244785308838175, 39.93095779418968 ], [ 40.286415100097713, 40.039066314697266 ], [ 40.484275817871037, 40.026412963867244 ], [ 40.646137237548828, 40.112617492675838 ], [ 40.75914382934576, 40.151042938232479 ], [ 40.795871734619311, 40.198104858398494 ], [ 40.781829833984318, 40.230670928955192 ], [ 40.637809753418253, 40.245708465576286 ], [ 40.592575073242472, 40.266429901123047 ], [ 40.588058471679688, 40.29078292846674 ], [ 40.559944152832145, 40.306564331054858 ], [ 40.526885986328182, 40.48198318481451 ], [ 40.498497009277401, 40.535331726074276 ], [ 40.827934265136832, 40.653690338134879 ], [ 41.122306823730469, 40.808452606201172 ], [ 41.199081420898494, 40.780246734619141 ], [ 41.385581970214901, 40.772174835205362 ], [ 41.396972656250171, 40.744716644287223 ], [ 41.33960342407255, 40.650157928466797 ], [ 41.362621307373104, 40.57928466796875 ], [ 41.428695678710994, 40.563056945800724 ], [ 41.659049987793139, 40.662769317626953 ], [ 41.714237213134709, 40.660503387451229 ], [ 41.834640502929972, 40.618495941162109 ], [ 41.909038543701172, 40.646457672119254 ], [ 41.973175048828125, 40.856365203857422 ], [ 42.012680053711108, 40.930656433105469 ], [ 42.099296569824219, 40.963840484619254 ], [ 42.273120880127124, 40.965312957763899 ], [ 42.330814361572322, 40.982887268066406 ] ] ] ] } },
{ "type": "Feature", "properties": { "cevre_id": "ESKISEHIR", "cevre_adi": "ESKISEHIR", "il": "ESKISEHIR", "mv_sayisi": 6 }, "geometry": { "type": "MultiPolygon", "coordinates": [ [ [ [ 30.972843170166186, 40.018688201904354 ], [ 31.175989151001033, 40.044025421142578 ], [ 31.617036819458292, 40.016349792480582 ], [ 31.695951461791992, 39.988231658935661 ], [ 31.797164916992244, 39.883190155029297 ], [ 31.857683181762752, 39.874515533447493 ], [ 31.885990142822379, 39.808479309082145 ], [ 31.847255706787166, 39.768291473388729 ], [ 31.849052429199276, 39.730388641357536 ], [ 31.896219253540096, 39.632343292236612 ], [ 31.995899200439737, 39.495903015136719 ], [ 32.011428833008097, 39.312587738037166 ], [ 31.991197586059627, 39.225101470947379 ], [ 31.860668182373331, 39.167995452880916 ], [ 31.838905334472656, 39.106754302978516 ], [ 31.772470474243448, 39.078048706054688 ], [ 31.668052673339901, 39.098239898681697 ], [ 31.471307754516886, 39.086746215820597 ], [ 31.386358261108683, 39.118671417236442 ], [ 31.305269241333178, 39.273185729980526 ], [ 31.241775512695369, 39.284519195556641 ], [ 31.141860961914347, 39.218502044677734 ], [ 30.989156723022518, 39.159210205078239 ], [ 30.885963439941577, 39.212871551513729 ], [ 30.799478530883846, 39.172389984130916 ], [ 30.766630172729776, 39.128543853759993 ], [ 30.618543624877987, 39.077007293701172 ], [ 30.533037185669002, 39.139522552490234 ], [ 30.505508422851619, 39.189422607421875 ], [ 30.453329086303881, 39.205997467041072 ], [ 30.414789199829158, 39.287094116210938 ], [ 30.321493148803654, 39.361034393310604 ], [ 30.314607620239315, 39.483478546142635 ], [ 30.139213562011719, 39.621372222900447 ], [ 30.18699836730957, 39.696708679199332 ], [ 30.044765472412166, 39.693233489990234 ], [ 30.000635147094897, 39.734577178955362 ], [ 30.002716064453182, 39.785522460937727 ], [ 30.0730113983156, 39.852836608886776 ], [ 30.136020660400675, 39.86830139160179 ], [ 30.248657226562784, 39.854907989502067 ], [ 30.356210708618221, 39.937023162841797 ], [ 30.427679061889762, 39.938289642334098 ], [ 30.482061386108683, 39.961200714111328 ], [ 30.523212432861612, 40.006732940673942 ], [ 30.571363449096623, 40.146877288818587 ], [ 30.726753234863338, 40.171913146972656 ], [ 30.859945297241154, 40.145015716552848 ], [ 30.913637161254826, 40.099140167236499 ], [ 30.921283721924112, 40.03337478637701 ], [ 30.972843170166186, 40.018688201904354 ] ] ] ] } },
{ "type": "Feature", "properties": { "cevre_id": "GAZIANTEP", "cevre_adi": "GAZIANTEP", "il": "GAZIANTEP", "mv_sayisi": 14 }, "geometry": { "type": "MultiPolygon", "coordinates": [ [ [ [ 37.917030334472827, 37.511512756347656 ], [ 37.991966247558594, 37.491725921631144 ], [ 38.051506042480639, 37.437587738037109 ], [ 37.988422393798771, 37.439140319824332 ], [ 37.93680572509794, 37.404117584228743 ], [ 37.848373413086108, 37.312484741210994 ], [ 37.830345153808707, 37.243942260742188 ], [ 37.880939483642635, 37.057415008545036 ], [ 37.976192474365519, 36.97856521606451 ], [ 38.012622833252237, 36.927955627441463 ], [ 38.010631561279354, 36.825210571289176 ], [ 37.908031463623104, 36.785701751708984 ], [ 37.791206359863338, 36.748596191406421 ], [ 37.65513992309576, 36.731410980224666 ], [ 37.508502960205362, 36.655395507812557 ], [ 37.435653686523494, 36.781429290771769 ], [ 37.240356445312557, 36.865493774414062 ], [ 37.198078155517578, 36.965221405029524 ], [ 37.144588470459269, 37.006893157958928 ], [ 37.013324737548942, 37.010478973388786 ], [ 36.972259521484659, 36.993789672851676 ], [ 36.909992218017862, 36.902648925781364 ], [ 36.792087554931925, 36.843338012695256 ], [ 36.783954620361499, 36.806518554687614 ], [ 36.675544738769702, 36.845600128173828 ], [ 36.626144409179858, 36.840950012207088 ], [ 36.442592620849666, 36.953285217285213 ], [ 36.539062500000114, 37.113624572753906 ], [ 36.728641510009936, 37.276050567626953 ], [ 36.896411895752067, 37.365814208984546 ], [ 36.928295135498331, 37.349662780761946 ], [ 36.966636657714901, 37.230720520019474 ], [ 37.010841369629077, 37.217384338378906 ], [ 37.048294067382869, 37.234699249267578 ], [ 37.089210510253906, 37.282642364502067 ], [ 37.185897827148381, 37.332862854004134 ], [ 37.594734191894588, 37.397476196289233 ], [ 37.621623992920206, 37.432807922363509 ], [ 37.622962951660213, 37.512134552002237 ], [ 37.679069519043026, 37.512031555175895 ], [ 37.77766036987299, 37.545585632324332 ], [ 37.917030334472827, 37.511512756347656 ] ] ] ] } },
{ "type": "Feature", "properties": { "cevre_id": "GIRESUN", "cevre_adi": "GIRESUN", "il": "GIRESUN", "mv_sayisi": 4 }, "geometry": { "type": "MultiPolygon", "coordinates": [ [ [ [ 38.437362670898608, 40.929862976074219 ], [ 38.438472747802791, 40.928470611572266 ], [ 38.435138702392749, 40.928749084472656 ], [ 38.435695648193303, 40.930694580078352 ], [ 38.437362670898608, 40.929862976074219 ] ] ], [ [ [ 39.163471221923885, 41.079303741455078 ], [ 39.17869949340826, 41.074028015136662 ], [ 39.148067474365519, 41.03693771362299 ], [ 39.117916107178019, 40.950935363769588 ], [ 39.119289398193303, 40.845420837402401 ], [ 39.14960861206049, 40.775512695312784 ], [ 39.107978820800952, 40.758464813232365 ], [ 39.026527404785327, 40.757560729980582 ], [ 38.952190399170206, 40.711280822753906 ], [ 38.847209930419979, 40.561927795410156 ], [ 38.855003356933878, 40.46141433715826 ], [ 38.983440399170206, 40.428173065185547 ], [ 39.0709877014163, 40.364284515380916 ], [ 39.048442840576229, 40.333206176757926 ], [ 38.961185455322266, 40.298549652099723 ], [ 38.909038543701286, 40.256156921386662 ], [ 38.906299591064453, 40.149795532226562 ], [ 38.950401306152344, 40.096820831298828 ], [ 38.93473052978544, 40.068134307861442 ], [ 38.862369537353459, 40.048259735107649 ], [ 38.77371978759777, 40.048797607421989 ], [ 38.570747375488338, 40.116062164306584 ], [ 38.459392547607592, 40.096477508544922 ], [ 38.251918792724666, 40.196304321289062 ], [ 38.228839874267635, 40.320804595947322 ], [ 38.155399322509822, 40.528263092041016 ], [ 38.11658096313505, 40.611835479736499 ], [ 38.008636474609432, 40.748332977295206 ], [ 38.123195648193416, 40.955139160156307 ], [ 38.200416564941349, 40.937915802002067 ], [ 38.283195495605412, 40.945137023925781 ], [ 38.35625076293951, 40.909027099609659 ], [ 38.389583587646655, 40.92430496215843 ], [ 38.429862976074503, 40.911251068115405 ], [ 38.529026031494141, 40.916526794433594 ], [ 38.623474121093693, 40.973194122314567 ], [ 38.674861907959269, 40.949028015136776 ], [ 38.714862823486385, 40.950695037841911 ], [ 38.816528320312671, 41.011528015136719 ], [ 38.871528625488338, 41.011249542236328 ], [ 38.933471679687671, 41.043750762939567 ], [ 39.052917480468807, 41.036804199218864 ], [ 39.163471221923885, 41.079303741455078 ] ] ] ] } },
{ "type": "Feature", "properties": { "cevre_id": "GUMUSHANE", "cevre_adi": "GUMUSHANE", "il": "GUMUSHANE", "mv_sayisi": 2 }, "geometry": { "type": "MultiPolygon", "coordinates": [ [ [ [ 39.175617218017578, 40.760318756103629 ], [ 39.313480377197436, 40.66615295410179 ], [ 39.650627136230639, 40.559925079345703 ], [ 39.724090576171932, 40.577407836914233 ], [ 39.766292572021655, 40.674510955810661 ], [ 39.805946350097713, 40.716575622558878 ], [ 39.840225219726733, 40.692470550537053 ], [ 39.831077575683594, 40.618892669677905 ], [ 39.890937805175952, 40.615005493164119 ], [ 39.926372528076229, 40.573833465576115 ], [ 39.968669891357592, 40.560638427734375 ], [ 39.99657058715826, 40.591430664062614 ], [ 39.974674224853629, 40.63690185546875 ], [ 40.004878997802734, 40.658535003662109 ], [ 40.10813140869169, 40.570545196533317 ], [ 40.074741363525391, 40.466796875 ], [ 40.041355133056811, 40.415573120117301 ], [ 39.988433837890625, 40.368972778320369 ], [ 39.883670806884822, 40.347225189209098 ], [ 39.854560852050838, 40.325550079345703 ], [ 39.823432922363452, 40.249820709228686 ], [ 39.820636749267578, 40.158229827880859 ], [ 39.80493545532255, 40.120574951171875 ], [ 39.740722656250057, 40.076663970947322 ], [ 39.69057846069353, 40.013889312744141 ], [ 39.716438293457202, 39.960632324218977 ], [ 39.784755706787053, 39.931087493896484 ], [ 39.776012420654467, 39.923477172851676 ], [ 39.617881774902401, 39.885303497314453 ], [ 39.438926696777344, 39.873405456543139 ], [ 39.263889312744311, 39.934585571289006 ], [ 39.115745544433878, 40.000827789306754 ], [ 39.11577224731451, 40.012470245361442 ], [ 38.928539276123331, 40.062679290771484 ], [ 38.950401306152344, 40.096820831298828 ], [ 38.906299591064453, 40.149795532226562 ], [ 38.909038543701286, 40.256156921386662 ], [ 38.961185455322266, 40.298549652099723 ], [ 39.048442840576229, 40.333206176757926 ], [ 39.0709877014163, 40.364284515380916 ], [ 38.983440399170206, 40.428173065185547 ], [ 38.855003356933878, 40.46141433715826 ], [ 38.849742889404581, 40.570575714111442 ], [ 38.928970336914176, 40.691535949707088 ], [ 39.026527404785327, 40.757560729980582 ], [ 39.107978820800952, 40.758464813232365 ], [ 39.14960861206049, 40.775512695312784 ], [ 39.175617218017578, 40.760318756103629 ] ] ] ] } },
{ "type": "Feature", "properties": { "cevre_id": "HAKKARI", "cevre_adi": "HAKKARI", "il": "HAKKARI", "mv_sayisi": 3 }, "geometry": { "type": "MultiPolygon", "coordinates": [ [ [ [ 44.236721038818359, 37.725811004638672 ], [ 44.246459960937557, 37.692062377929801 ], [ 44.218757629394588, 37.640701293945369 ], [ 44.246238708496151, 37.626239776611328 ], [ 44.329528808593921, 37.656223297119141 ], [ 44.428737640381144, 37.648777008056641 ], [ 44.510177612304858, 37.697883605957202 ], [ 44.574619293212947, 37.767143249511776 ], [ 44.610614776611385, 37.754230499267578 ], [ 44.638301849365291, 37.716304779052734 ], [ 44.58086013793951, 37.646541595459212 ], [ 44.635341644287053, 37.608364105224666 ], [ 44.638813018798999, 37.575630187988281 ], [ 44.616718292236385, 37.552505493164062 ], [ 44.624450683593807, 37.481719970703239 ], [ 44.602615356445597, 37.444278717041016 ], [ 44.662406921386776, 37.427494049072266 ], [ 44.689342498779467, 37.384990692138672 ], [ 44.733428955078409, 37.377738952636832 ], [ 44.823299407959041, 37.307567596435604 ], [ 44.833839416504077, 37.274494171142521 ], [ 44.778209686279297, 37.224006652832145 ], [ 44.804965972900391, 37.148143768310774 ], [ 44.771064758300781, 37.16749191284174 ], [ 44.637741088867188, 37.186740875244425 ], [ 44.511383056640682, 37.093547821044922 ], [ 44.350681304931697, 37.049285888671989 ], [ 44.365116119384936, 37.026351928711165 ], [ 44.319980621337947, 36.967056274414119 ], [ 44.268787384033374, 36.98297119140625 ], [ 44.243537902832031, 37.026706695556754 ], [ 44.246902465820256, 37.050094604492131 ], [ 44.202251434326229, 37.098056793213004 ], [ 44.242282867431811, 37.156661987304801 ], [ 44.268585205078182, 37.155235290527344 ], [ 44.290096282959269, 37.174999237060547 ], [ 44.278858184814396, 37.236282348632812 ], [ 44.237377166748104, 37.279071807861271 ], [ 44.141838073730639, 37.315654754638786 ], [ 44.033027648925838, 37.325027465820369 ], [ 43.970607757568644, 37.286735534668026 ], [ 43.951267242431697, 37.255397796630973 ], [ 43.896213531494425, 37.234561920166072 ], [ 43.666557312011889, 37.230865478515739 ], [ 43.500984191894702, 37.268360137939567 ], [ 43.437820434570312, 37.332580566406193 ], [ 43.436573028564396, 37.522544860839787 ], [ 43.495704650878963, 37.727401733398381 ], [ 43.675846099853572, 37.715328216552734 ], [ 43.784568786621037, 37.726203918457145 ], [ 43.892715454101506, 37.700431823730526 ], [ 43.969673156738338, 37.726795196533203 ], [ 44.065193176269702, 37.717552185058651 ], [ 44.201370239257983, 37.768932342529467 ], [ 44.236721038818359, 37.725811004638672 ] ] ] ] } },
{ "type": "Feature", "properties": { "cevre_id": "HATAY", "cevre_adi": "HATAY", "il": "HATAY", "mv_sayisi": 11 }, "geometry": { "type": "MultiPolygon", "coordinates": [ [ [ [ 36.185138702392635, 36.724304199219034 ], [ 36.188751220703125, 36.72319412231468 ], [ 36.188751220703125, 36.722637176513729 ], [ 36.185974121093807, 36.722362518310547 ], [ 36.185138702392635, 36.724304199219034 ] ] ], [ [ [ 36.061569213867358, 37.023487091064396 ], [ 36.254726409912166, 37.008663177490405 ], [ 36.347167968750057, 36.955314636230639 ], [ 36.442592620849666, 36.953285217285384 ], [ 36.626144409179858, 36.840950012207088 ], [ 36.668544769287109, 36.836769104004134 ], [ 36.678554534912166, 36.818523406982479 ], [ 36.627071380615291, 36.757701873779524 ], [ 36.636882781982422, 36.705108642578296 ], [ 36.588047027587834, 36.636039733886719 ], [ 36.599891662597713, 36.562004089355412 ], [ 36.552886962890796, 36.496982574463118 ], [ 36.589138031005973, 36.397804260253906 ], [ 36.622558593750057, 36.391201019287053 ], [ 36.627742767334155, 36.354164123535156 ], [ 36.607837677002237, 36.329879760742131 ], [ 36.666233062744425, 36.330230712890739 ], [ 36.671096801758097, 36.302356719970703 ], [ 36.700328826904411, 36.292205810546932 ], [ 36.704772949218807, 36.250331878662166 ], [ 36.6183509826663, 36.216590881347599 ], [ 36.583862304687557, 36.232112884521769 ], [ 36.495422363281534, 36.234470367431811 ], [ 36.471065521240348, 36.201801300048771 ], [ 36.39754867553728, 36.223239898681697 ], [ 36.400581359863338, 36.191463470459098 ], [ 36.376705169677678, 36.169395446777571 ], [ 36.397842407226733, 36.083763122558651 ], [ 36.378593444824276, 36.001003265380859 ], [ 36.344169616699503, 35.992374420165959 ], [ 36.317203521728459, 36.004100799560604 ], [ 36.297889709472827, 35.991699218750114 ], [ 36.302532196044922, 35.957408905029354 ], [ 36.212722778320426, 35.951492309570312 ], [ 36.180915832519474, 35.901737213134879 ], [ 36.183052062988452, 35.835571289062557 ], [ 36.169071197509822, 35.815425872802905 ], [ 36.116447448730412, 35.865512847900504 ], [ 36.018676757812557, 35.881103515625 ], [ 36.022888183593807, 35.924499511718807 ], [ 36.008483886719034, 35.940307617187727 ], [ 35.935798645019815, 35.918674468994368 ], [ 35.918472290039006, 35.932331085205078 ], [ 35.979026794433651, 36.019027709960938 ], [ 35.896804809570369, 36.157917022705362 ], [ 35.780418395996264, 36.298751831054801 ], [ 35.780971527099666, 36.322360992431641 ], [ 35.815971374511776, 36.360416412353743 ], [ 35.853473663330192, 36.369026184082031 ], [ 35.860416412353686, 36.395694732666243 ], [ 35.895973205566406, 36.415416717529411 ], [ 35.909584045410213, 36.445137023925952 ], [ 35.982639312744425, 36.47430419921875 ], [ 36.036804199218807, 36.533748626708984 ], [ 36.148750305175781, 36.590694427490519 ], [ 36.194583892822436, 36.595973968506087 ], [ 36.215694427490519, 36.659305572509822 ], [ 36.192638397217081, 36.705139160156477 ], [ 36.202083587646541, 36.727085113525334 ], [ 36.187084197998331, 36.729026794433651 ], [ 36.205970764160156, 36.782360076904411 ], [ 36.148471832275447, 36.85514068603527 ], [ 36.129585266113565, 36.853195190429744 ], [ 36.140693664550952, 36.862083435058764 ], [ 36.085693359375114, 36.90513992309593 ], [ 36.017082214355412, 36.930137634277344 ], [ 35.937637329101619, 36.886531829834098 ], [ 35.944862365722713, 36.874305725097656 ], [ 35.945693969726676, 36.86430740356451 ], [ 35.913639068603686, 36.895519256591797 ], [ 35.954181671142692, 36.96366119384777 ], [ 36.041606903076172, 37.025554656982536 ], [ 36.061569213867358, 37.023487091064396 ] ] ] ] } },
{ "type": "Feature", "properties": { "cevre_id": "IGDIR", "cevre_adi": "IGDIR", "il": "IGDIR", "mv_sayisi": 2 }, "geometry": { "type": "MultiPolygon", "coordinates": [ [ [ [ 43.695728302002067, 40.187297821044979 ], [ 43.713630676269531, 40.166362762451286 ], [ 43.655036926269815, 40.148262023925781 ], [ 43.655479431152514, 40.110771179199332 ], [ 43.718761444091854, 40.079685211181811 ], [ 43.769920349121264, 40.079521179199503 ], [ 43.905479431152628, 40.018466949462891 ], [ 44.282360076904354, 40.048393249511832 ], [ 44.48470687866228, 39.96729660034174 ], [ 44.557548522949276, 39.903785705566634 ], [ 44.601554870605526, 39.825485229492131 ], [ 44.625511169433537, 39.828296661377124 ], [ 44.621566772461108, 39.815410614013786 ], [ 44.675243377685717, 39.787746429443416 ], [ 44.698234558105639, 39.793563842773494 ], [ 44.700691223144702, 39.767551422119254 ], [ 44.717605590820597, 39.767684936523381 ], [ 44.812736511230526, 39.677013397216797 ], [ 44.820220947265909, 39.625209808349837 ], [ 44.721927642822209, 39.707275390625171 ], [ 44.656444549560604, 39.73276519775419 ], [ 44.623455047607536, 39.777221679687443 ], [ 44.496471405029581, 39.695980072021712 ], [ 44.250633239746151, 39.670413970947493 ], [ 44.159778594970817, 39.694198608398551 ], [ 43.993316650390682, 39.686500549316406 ], [ 43.740554809570483, 39.799480438232422 ], [ 43.622489929199389, 39.822357177734432 ], [ 43.531944274902401, 39.820419311523494 ], [ 43.478328704834269, 39.766723632812614 ], [ 43.394229888915959, 39.79460525512701 ], [ 43.394020080566463, 39.93553543090843 ], [ 43.375995635986385, 39.959014892578125 ], [ 43.350471496582031, 39.962757110595703 ], [ 43.346298217773608, 39.999179840087891 ], [ 43.293140411376896, 40.06836318969755 ], [ 43.297000885009936, 40.097248077392578 ], [ 43.315303802490405, 40.112884521484489 ], [ 43.380401611328068, 40.112411499023438 ], [ 43.393310546875114, 40.131748199462891 ], [ 43.38365554809576, 40.167209625244141 ], [ 43.411888122558594, 40.182025909423942 ], [ 43.563655853271655, 40.184337615966911 ], [ 43.66280746459978, 40.218669891357536 ], [ 43.695728302002067, 40.187297821044979 ] ] ] ] } },
{ "type": "Feature", "properties": { "cevre_id": "ISPARTA", "cevre_adi": "ISPARTA", "il": "ISPARTA", "mv_sayisi": 4 }, "geometry": { "type": "MultiPolygon", "coordinates": [ [ [ [ 31.452302932739428, 37.852764129638786 ], [ 31.450740814209098, 37.777999877929688 ], [ 31.336086273193416, 37.437595367431641 ], [ 31.323301315307617, 37.424388885498161 ], [ 31.231279373169002, 37.420497894287166 ], [ 31.179727554321289, 37.389701843261946 ], [ 30.996772766113452, 37.342758178710994 ], [ 30.915895462036417, 37.372486114502067 ], [ 30.889757156372355, 37.426097869873161 ], [ 30.76529884338396, 37.525596618652287 ], [ 30.702602386474609, 37.677967071533203 ], [ 30.651264190673999, 37.700595855712834 ], [ 30.504238128662109, 37.717029571533203 ], [ 30.41355323791521, 37.773929595947322 ], [ 30.371025085449276, 37.830280303955362 ], [ 30.320896148681641, 37.837131500244254 ], [ 30.081167221069279, 37.703464508056584 ], [ 30.046844482422159, 37.708950042724723 ], [ 30.002939224243164, 37.7548828125 ], [ 30.01048660278326, 37.772338867187557 ], [ 30.084434509277628, 37.774665832519645 ], [ 30.173227310180835, 37.819854736328239 ], [ 30.203220367431811, 37.856910705566349 ], [ 30.18260765075712, 37.901161193847599 ], [ 30.223630905151651, 37.980922698974723 ], [ 30.265552520752237, 38.016117095947266 ], [ 30.366300582886026, 38.071254730224609 ], [ 30.517358779907283, 38.186405181884709 ], [ 30.640510559082202, 38.245807647705135 ], [ 30.799964904785327, 38.290237426758097 ], [ 30.877569198608455, 38.361644744873161 ], [ 31.103597640991268, 38.516635894775447 ], [ 31.130916595459269, 38.510589599609375 ], [ 31.209304809570369, 38.439853668213004 ], [ 31.250438690185604, 38.42662429809576 ], [ 31.243375778198413, 38.385234832763729 ], [ 31.262851715087947, 38.360977172851676 ], [ 31.615524291992358, 38.119560241699219 ], [ 31.61683845520048, 38.088821411133097 ], [ 31.599279403686694, 38.065040588378906 ], [ 31.474828720093058, 38.020690917968864 ], [ 31.426593780517749, 37.97075271606451 ], [ 31.423555374145565, 37.908348083496207 ], [ 31.452302932739428, 37.852764129638786 ] ] ] ] } },
{ "type": "Feature", "properties": { "cevre_id": "ISTANBUL_1", "cevre_adi": "İstanbul 1", "il": "ISTANBUL", "mv_sayisi": 35 }, "geometry": { "type": "MultiPolygon", "coordinates": [ [ [ [ 29.1134, 40.8184 ], [ 29.1114, 40.8207 ], [ 29.1137, 40.8207 ], [ 29.1134, 40.8184 ] ] ], [ [ [ 29.1141, 40.8384 ], [ 29.1099, 40.8423 ], [ 29.1147, 40.8464 ], [ 29.1103, 40.8538 ], [ 29.1131, 40.8597 ], [ 29.1073, 40.8614 ], [ 29.1144, 40.8621 ], [ 29.1149, 40.8705 ], [ 29.1229, 40.8724 ], [ 29.1255, 40.8747 ], [ 29.1281, 40.8747 ], [ 29.1277, 40.8761 ], [ 29.1283, 40.875 ], [ 29.1367, 40.8743 ], [ 29.139, 40.8709 ], [ 29.1341, 40.8633 ], [ 29.1261, 40.8573 ], [ 29.1266, 40.8463 ], [ 29.1242, 40.8438 ], [ 29.1242, 40.8373 ], [ 29.1223, 40.8386 ], [ 29.1141, 40.8384 ] ] ], [ [ [ 28.9946, 40.8661 ], [ 28.9961, 40.8651 ], [ 28.9929, 40.8633 ], [ 28.9902, 40.8663 ], [ 28.9946, 40.8661 ] ] ], [ [ [ 28.9735, 40.8771 ], [ 28.9749, 40.8755 ], [ 28.9744, 40.8759 ], [ 28.974, 40.8765 ], [ 28.9742, 40.8747 ], [ 28.9702, 40.8739 ], [ 28.9691, 40.8752 ], [ 28.9725, 40.8772 ], [ 28.9735, 40.8771 ] ] ], [ [ [ 29.0856, 40.8717 ], [ 29.0825, 40.8705 ], [ 29.0832, 40.8674 ], [ 29.0746, 40.8692 ], [ 29.0759, 40.8741 ], [ 29.0901, 40.8802 ], [ 29.0889, 40.8832 ], [ 29.0931, 40.8849 ], [ 29.0986, 40.8838 ], [ 29.0996, 40.8823 ], [ 29.1007, 40.8797 ], [ 29.0998, 40.881 ], [ 29.0992, 40.8801 ], [ 29.1041, 40.874 ], [ 29.1026, 40.8754 ], [ 29.1015, 40.8747 ], [ 29.1021, 40.8731 ], [ 29.1039, 40.8735 ], [ 29.0975, 40.8695 ], [ 29.0872, 40.8681 ], [ 29.0884, 40.8705 ], [ 29.0856, 40.8717 ] ] ], [ [ [ 29.0697, 40.8803 ], [ 29.0726, 40.8792 ], [ 29.0639, 40.8739 ], [ 29.0563, 40.8752 ], [ 29.0522, 40.8782 ], [ 29.0572, 40.8828 ], [ 29.0561, 40.8868 ], [ 29.0695, 40.8846 ], [ 29.0697, 40.8803 ] ] ], [ [ [ 29.049, 40.9145 ], [ 29.0518, 40.9145 ], [ 29.0503, 40.9141 ], [ 29.056, 40.9108 ], [ 29.0572, 40.9067 ], [ 29.054, 40.9033 ], [ 29.0455, 40.9026 ], [ 29.0457, 40.9055 ], [ 29.0424, 40.9072 ], [ 29.0392, 40.9119 ], [ 29.0433, 40.914 ], [ 29.0444, 40.9138 ], [ 29.049, 40.9145 ] ] ], [ [ [ 29.0942, 40.95 ], [ 29.0883, 40.9512 ], [ 29.0895, 40.9524 ], [ 29.0874, 40.9545 ], [ 29.0816, 40.9533 ], [ 29.0772, 40.9567 ], [ 29.0725, 40.9576 ], [ 29.0686, 40.9626 ], [ 29.0625, 40.962 ], [ 29.0609, 40.9628 ], [ 29.0586, 40.9628 ], [ 29.0576, 40.9632 ], [ 29.0584, 40.964 ], [ 29.0566, 40.9637 ], [ 29.0534, 40.9674 ], [ 29.0488, 40.9692 ], [ 29.0454, 40.9695 ], [ 29.0421, 40.9652 ], [ 29.038, 40.9688 ], [ 29.0345, 40.9665 ], [ 29.0321, 40.9667 ], [ 29.0336, 40.9738 ], [ 29.0353, 40.972 ], [ 29.034, 40.971 ], [ 29.0355, 40.9708 ], [ 29.0362, 40.9728 ], [ 29.0357, 40.9703 ], [ 29.0383, 40.9709 ], [ 29.0371, 40.9743 ], [ 29.0353, 40.9738 ], [ 29.0348, 40.9766 ], [ 29.0362, 40.9742 ], [ 29.0397, 40.9754 ], [ 29.0397, 40.9762 ], [ 29.0376, 40.9751 ], [ 29.0371, 40.9765 ], [ 29.0394, 40.9763 ], [ 29.039, 40.9774 ], [ 29.0361, 40.977 ], [ 29.0383, 40.9784 ], [ 29.0337, 40.9814 ], [ 29.0345, 40.9821 ], [ 29.034, 40.9833 ], [ 29.03, 40.9798 ], [ 29.0213, 40.9789 ], [ 29.0202, 40.9852 ], [ 29.0148, 40.9926 ], [ 29.0205, 40.9911 ], [ 29.0232, 40.9921 ], [ 29.024, 40.9943 ], [ 29.0225, 40.996 ], [ 29.0185, 40.9955 ], [ 29.0191, 40.997 ], [ 29.0165, 40.9995 ], [ 29.0116, 41.0009 ], [ 29.0104, 41.0027 ], [ 29.0134, 41.0025 ], [ 29.0124, 41.0045 ], [ 29.0083, 41.0049 ], [ 29.0067, 41.0073 ], [ 29.0104, 41.0072 ], [ 29.0074, 41.0095 ], [ 29.0068, 41.0109 ], [ 29.0101, 41.0095 ], [ 29.009, 41.0109 ], [ 29.0107, 41.0116 ], [ 29.0095, 41.0139 ], [ 29.011, 41.0129 ], [ 29.0108, 41.0151 ], [ 29.0064, 41.0214 ], [ 29.0069, 41.0231 ], [ 29.0037, 41.0229 ], [ 29.007, 41.0233 ], [ 29.0095, 41.0259 ], [ 29.0148, 41.0267 ], [ 29.0176, 41.03 ], [ 29.0318, 41.0385 ], [ 29.0521, 41.0482 ], [ 29.0524, 41.0615 ], [ 29.0571, 41.0666 ], [ 29.0553, 41.0733 ], [ 29.0637, 41.0764 ], [ 29.0643, 41.078 ], [ 29.0716, 41.0736 ], [ 29.0642, 41.0781 ], [ 29.0677, 41.0819 ], [ 29.066, 41.0815 ], [ 29.0655, 41.0929 ], [ 29.0674, 41.0945 ], [ 29.0644, 41.0976 ], [ 29.0662, 41.1027 ], [ 29.0733, 41.107 ], [ 29.0824, 41.1076 ], [ 29.0823, 41.1095 ], [ 29.0878, 41.115 ], [ 29.0958, 41.1173 ], [ 29.0977, 41.123 ], [ 29.0972, 41.1263 ], [ 29.0918, 41.1318 ], [ 29.0915, 41.1343 ], [ 29.0854, 41.1369 ], [ 29.0803, 41.1369 ], [ 29.0782, 41.1389 ], [ 29.0799, 41.1397 ], [ 29.0718, 41.1423 ], [ 29.0728, 41.1478 ], [ 29.0743, 41.1472 ], [ 29.0779, 41.154 ], [ 29.0769, 41.1574 ], [ 29.0724, 41.1611 ], [ 29.0735, 41.1646 ], [ 29.0757, 41.1667 ], [ 29.0814, 41.1673 ], [ 29.087, 41.1704 ], [ 29.0884, 41.1729 ], [ 29.087, 41.1786 ], [ 29.1027, 41.1818 ], [ 29.1065, 41.1807 ], [ 29.1088, 41.1839 ], [ 29.113, 41.1832 ], [ 29.1127, 41.1846 ], [ 29.1197, 41.1895 ], [ 29.1184, 41.2001 ], [ 29.1306, 41.2028 ], [ 29.1315, 41.2059 ], [ 29.1296, 41.2074 ], [ 29.1269, 41.2055 ], [ 29.1277, 41.2046 ], [ 29.1252, 41.205 ], [ 29.1299, 41.2085 ], [ 29.1351, 41.2089 ], [ 29.1401, 41.2123 ], [ 29.1477, 41.212 ], [ 29.152, 41.2145 ], [ 29.1506, 41.218 ], [ 29.1538, 41.2196 ], [ 29.1618, 41.217 ], [ 29.1621, 41.22 ], [ 29.1659, 41.2247 ], [ 29.1722, 41.2246 ], [ 29.1757, 41.2218 ], [ 29.177, 41.2228 ], [ 29.1794, 41.2216 ], [ 29.1986, 41.2205 ], [ 29.215, 41.2239 ], [ 29.2169, 41.2259 ], [ 29.2137, 41.2301 ], [ 29.2149, 41.2311 ], [ 29.2185, 41.2314 ], [ 29.2195, 41.229 ], [ 29.2228, 41.2292 ], [ 29.2239, 41.2307 ], [ 29.2291, 41.2283 ], [ 29.234, 41.2302 ], [ 29.2358, 41.2286 ], [ 29.2381, 41.2294 ], [ 29.2414, 41.2279 ], [ 29.2458, 41.232 ], [ 29.2565, 41.2346 ], [ 29.2574, 41.2306 ], [ 29.2648, 41.2314 ], [ 29.2676, 41.2297 ], [ 29.2676, 41.228 ], [ 29.2703, 41.2296 ], [ 29.273, 41.2277 ], [ 29.2773, 41.228 ], [ 29.2907, 41.2223 ], [ 29.3104, 41.2207 ], [ 29.3192, 41.2168 ], [ 29.3298, 41.2166 ], [ 29.331416943734013, 41.215493670076725 ], [ 29.3322, 41.2167 ], [ 29.3366, 41.2145 ], [ 29.3398, 41.2154 ], [ 29.3454, 41.2145 ], [ 29.3487, 41.2123 ], [ 29.353, 41.2129 ], [ 29.3562, 41.2109 ], [ 29.3622, 41.2107 ], [ 29.3749, 41.213 ], [ 29.3783, 41.2114 ], [ 29.3893, 41.2157 ], [ 29.3924, 41.2125 ], [ 29.4083, 41.2094 ], [ 29.4452, 41.1985 ], [ 29.4585, 41.1973 ], [ 29.5036, 41.1852 ], [ 29.5104, 41.184 ], [ 29.5125, 41.1851 ], [ 29.5461, 41.177 ], [ 29.579, 41.1714 ], [ 29.5925, 41.1707 ], [ 29.5983, 41.1717 ], [ 29.6035, 41.1751 ], [ 29.6021, 41.1771 ], [ 29.6059, 41.1764 ], [ 29.6091, 41.1779 ], [ 29.6089, 41.18 ], [ 29.6063, 41.1811 ], [ 29.602, 41.1789 ], [ 29.6, 41.1785 ], [ 29.6074, 41.1822 ], [ 29.6099, 41.1797 ], [ 29.6141, 41.181 ], [ 29.6142, 41.1787 ], [ 29.6176, 41.1789 ], [ 29.6181, 41.1776 ], [ 29.6201, 41.1795 ], [ 29.6228, 41.1787 ], [ 29.6244, 41.1799 ], [ 29.6246, 41.1757 ], [ 29.6335, 41.1742 ], [ 29.6325, 41.1727 ], [ 29.6361, 41.1707 ], [ 29.6428, 41.1696 ], [ 29.645, 41.172 ], [ 29.6453, 41.1694 ], [ 29.6489, 41.1679 ], [ 29.6605, 41.165 ], [ 29.6679, 41.1667 ], [ 29.6723, 41.1636 ], [ 29.6789, 41.162 ], [ 29.6864, 41.164 ], [ 29.6887, 41.1625 ], [ 29.6902, 41.164 ], [ 29.6919, 41.1626 ], [ 29.6931, 41.1638 ], [ 29.6966, 41.1627 ], [ 29.6997, 41.1642 ], [ 29.7028, 41.1638 ], [ 29.7027, 41.1614 ], [ 29.7064, 41.1595 ], [ 29.7178, 41.1573 ], [ 29.7243, 41.1577 ], [ 29.7318, 41.1552 ], [ 29.7357, 41.1561 ], [ 29.7373, 41.1583 ], [ 29.7407, 41.1583 ], [ 29.7418, 41.1601 ], [ 29.7473, 41.1603 ], [ 29.75, 41.1589 ], [ 29.7528, 41.1615 ], [ 29.7533, 41.1585 ], [ 29.7565, 41.1574 ], [ 29.7584, 41.1592 ], [ 29.7674, 41.1606 ], [ 29.7767, 41.1587 ], [ 29.7752, 41.1573 ], [ 29.7767, 41.1561 ], [ 29.78, 41.1585 ], [ 29.7889, 41.1556 ], [ 29.7891, 41.152 ], [ 29.7959, 41.1538 ], [ 29.8192, 41.1438 ], [ 29.844, 41.1392 ], [ 29.85, 41.139 ], [ 29.8513, 41.141 ], [ 29.8535, 41.1397 ], [ 29.852, 41.142 ], [ 29.8611, 41.1436 ], [ 29.8643, 41.1414 ], [ 29.8738, 41.1422 ], [ 29.873, 41.1407 ], [ 29.8756, 41.1389 ], [ 29.8842, 41.1422 ], [ 29.8952, 41.1434 ], [ 29.8967, 41.1422 ], [ 29.898, 41.1436 ], [ 29.9062, 41.1426 ], [ 29.9075, 41.1407 ], [ 29.9103, 41.1435 ], [ 29.9128, 41.1424 ], [ 29.913, 41.1394 ], [ 29.9157, 41.1369 ], [ 29.9146, 41.1256 ], [ 29.9092, 41.1195 ], [ 29.9117, 41.119 ], [ 29.9142, 41.1206 ], [ 29.9141, 41.1187 ], [ 29.9107, 41.1175 ], [ 29.9138, 41.1151 ], [ 29.9156, 41.1101 ], [ 29.9099, 41.1038 ], [ 29.9131, 41.095 ], [ 29.9062, 41.0908 ], [ 29.8914, 41.0929 ], [ 29.8922, 41.0856 ], [ 29.887, 41.0802 ], [ 29.8933, 41.0702 ], [ 29.8929, 41.0637 ], [ 29.8918, 41.0626 ], [ 29.8874, 41.0634 ], [ 29.8872, 41.0582 ], [ 29.8792, 41.0525 ], [ 29.8808, 41.0499 ], [ 29.8794, 41.0407 ], [ 29.8688, 41.0403 ], [ 29.8677, 41.0373 ], [ 29.8634, 41.0351 ], [ 29.8624, 41.0307 ], [ 29.8516, 41.027 ], [ 29.8459, 41.0205 ], [ 29.8416, 41.021 ], [ 29.839, 41.0182 ], [ 29.834, 41.0165 ], [ 29.8233, 41.0158 ], [ 29.823, 41.0133 ], [ 29.8173, 41.0152 ], [ 29.8136, 41.0147 ], [ 29.8081, 41.0199 ], [ 29.7914, 41.0195 ], [ 29.7858, 41.0218 ], [ 29.7849, 41.0245 ], [ 29.7822, 41.026 ], [ 29.78, 41.0254 ], [ 29.7786, 41.027 ], [ 29.7667, 41.0249 ], [ 29.7664, 41.0265 ], [ 29.7547, 41.0272 ], [ 29.7524, 41.031 ], [ 29.7471, 41.0338 ], [ 29.7434, 41.0339 ], [ 29.7404, 41.036 ], [ 29.7365, 41.0349 ], [ 29.7363, 41.0414 ], [ 29.7298, 41.0408 ], [ 29.7227, 41.0315 ], [ 29.7179, 41.032 ], [ 29.718, 41.0276 ], [ 29.7036, 41.0343 ], [ 29.6998, 41.0264 ], [ 29.6963, 41.0246 ], [ 29.697, 41.0186 ], [ 29.7007, 41.0172 ], [ 29.7047, 41.0115 ], [ 29.7134, 41.0129 ], [ 29.7195, 41.0081 ], [ 29.7181, 41.0031 ], [ 29.7118, 41.0021 ], [ 29.7013, 40.9907 ], [ 29.6931, 40.9886 ], [ 29.692, 40.9834 ], [ 29.6896, 40.9826 ], [ 29.691, 40.9811 ], [ 29.6827, 40.9771 ], [ 29.6833, 40.9697 ], [ 29.677, 40.9643 ], [ 29.6718, 40.9646 ], [ 29.6712, 40.9662 ], [ 29.6632, 40.9614 ], [ 29.6624, 40.9631 ], [ 29.6602, 40.9623 ], [ 29.6564, 40.9636 ], [ 29.6559, 40.9667 ], [ 29.6526, 40.9683 ], [ 29.6524, 40.9702 ], [ 29.6493, 40.9685 ], [ 29.6446, 40.9711 ], [ 29.6323, 40.9712 ], [ 29.6326, 40.9735 ], [ 29.6247, 40.9748 ], [ 29.6135, 40.981 ], [ 29.6108, 40.9798 ], [ 29.6074, 40.9807 ], [ 29.6049, 40.9859 ], [ 29.607, 40.9905 ], [ 29.6103, 40.9924 ], [ 29.611, 41.0005 ], [ 29.609, 41.009 ], [ 29.6053, 41.006 ], [ 29.6034, 41.0073 ], [ 29.5995, 41.0037 ], [ 29.6013, 41.008 ], [ 29.6002, 41.0109 ], [ 29.602, 41.0123 ], [ 29.5973, 41.0208 ], [ 29.6005, 41.027 ], [ 29.5881, 41.0319 ], [ 29.5784, 41.0326 ], [ 29.5746, 41.0355 ], [ 29.5734, 41.0326 ], [ 29.5701, 41.0331 ], [ 29.5582, 41.0396 ], [ 29.557, 41.0379 ], [ 29.5525, 41.0386 ], [ 29.5501, 41.0351 ], [ 29.5463, 41.0373 ], [ 29.5438, 41.0354 ], [ 29.542, 41.037 ], [ 29.5383, 41.037 ], [ 29.5365, 41.0359 ], [ 29.5367, 41.0332 ], [ 29.5306, 41.0332 ], [ 29.5273, 41.0344 ], [ 29.5258, 41.0375 ], [ 29.5171, 41.0444 ], [ 29.5122, 41.0426 ], [ 29.5117, 41.0402 ], [ 29.5086, 41.0419 ], [ 29.5084, 41.0376 ], [ 29.5023, 41.0322 ], [ 29.50099125, 41.03263625 ], [ 29.5015, 41.0321 ], [ 29.4998, 41.018 ], [ 29.4924, 41.0108 ], [ 29.4927, 41.0087 ], [ 29.5052, 40.9983 ], [ 29.5065, 40.995 ], [ 29.5052, 40.987 ], [ 29.5006, 40.9865 ], [ 29.49, 40.977 ], [ 29.4848, 40.9764 ], [ 29.4812, 40.9694 ], [ 29.4849, 40.9684 ], [ 29.485, 40.9661 ], [ 29.4825, 40.9623 ], [ 29.4792, 40.9618 ], [ 29.4791, 40.9578 ], [ 29.4757, 40.9593 ], [ 29.4694, 40.9514 ], [ 29.4632, 40.9509 ], [ 29.4558, 40.9547 ], [ 29.4527, 40.9482 ], [ 29.44, 40.9435 ], [ 29.4402, 40.9403 ], [ 29.437, 40.938 ], [ 29.4396, 40.9364 ], [ 29.4385, 40.9339 ], [ 29.4421, 40.9331 ], [ 29.4415, 40.9201 ], [ 29.4436, 40.9158 ], [ 29.4468, 40.9167 ], [ 29.4502, 40.9152 ], [ 29.4524, 40.9171 ], [ 29.4558, 40.9146 ], [ 29.4558, 40.9125 ], [ 29.4425, 40.9005 ], [ 29.4164, 40.8981 ], [ 29.4135, 40.8863 ], [ 29.414, 40.8793 ], [ 29.403, 40.8799 ], [ 29.3963, 40.8763 ], [ 29.3792, 40.8721 ], [ 29.3708, 40.8638 ], [ 29.367, 40.8627 ], [ 29.3664, 40.8595 ], [ 29.3643, 40.8587 ], [ 29.3661, 40.856 ], [ 29.3682, 40.8559 ], [ 29.3617, 40.849 ], [ 29.3632, 40.849 ], [ 29.3711, 40.8379 ], [ 29.364, 40.827 ], [ 29.3642, 40.8189 ], [ 29.3627, 40.8167 ], [ 29.3499, 40.8245 ], [ 29.3399, 40.8104 ], [ 29.3359, 40.8127 ], [ 29.3362, 40.8113 ], [ 29.3346, 40.8142 ], [ 29.3255, 40.8185 ], [ 29.3249, 40.8171 ], [ 29.3251, 40.8184 ], [ 29.3189, 40.8194 ], [ 29.3096, 40.8114 ], [ 29.2979, 40.8165 ], [ 29.293, 40.8145 ], [ 29.2971, 40.8118 ], [ 29.2878, 40.8139 ], [ 29.2849, 40.8123 ], [ 29.2767, 40.8142 ], [ 29.271, 40.8116 ], [ 29.2651, 40.8115 ], [ 29.2647, 40.8094 ], [ 29.2621, 40.81 ], [ 29.2617, 40.8088 ], [ 29.2643, 40.8083 ], [ 29.265, 40.8094 ], [ 29.2653, 40.8092 ], [ 29.2636, 40.805 ], [ 29.2568, 40.8029 ], [ 29.2588, 40.8075 ], [ 29.2547, 40.8146 ], [ 29.2582, 40.8144 ], [ 29.2631, 40.8185 ], [ 29.2662, 40.819 ], [ 29.2619, 40.8164 ], [ 29.2642, 40.8149 ], [ 29.2674, 40.8151 ], [ 29.2692, 40.8195 ], [ 29.2753, 40.8204 ], [ 29.2767, 40.8244 ], [ 29.2797, 40.8264 ], [ 29.2781, 40.8315 ], [ 29.271, 40.832 ], [ 29.2671, 40.8341 ], [ 29.2641, 40.8371 ], [ 29.2657, 40.8373 ], [ 29.2668, 40.8351 ], [ 29.2695, 40.8365 ], [ 29.2642, 40.84 ], [ 29.2694, 40.8447 ], [ 29.2707, 40.8481 ], [ 29.2698, 40.8446 ], [ 29.2673, 40.8423 ], [ 29.2714, 40.8406 ], [ 29.2703, 40.8392 ], [ 29.2725, 40.84 ], [ 29.2702, 40.8391 ], [ 29.2709, 40.8379 ], [ 29.2731, 40.8388 ], [ 29.2712, 40.8374 ], [ 29.2734, 40.8369 ], [ 29.2722, 40.8362 ], [ 29.2759, 40.8362 ], [ 29.2783, 40.8338 ], [ 29.2795, 40.8361 ], [ 29.2809, 40.8357 ], [ 29.2795, 40.8376 ], [ 29.2827, 40.8371 ], [ 29.2817, 40.8391 ], [ 29.2842, 40.8393 ], [ 29.2817, 40.8424 ], [ 29.2832, 40.8416 ], [ 29.2855, 40.8431 ], [ 29.2837, 40.8443 ], [ 29.2892, 40.8431 ], [ 29.2873, 40.8449 ], [ 29.29, 40.8435 ], [ 29.2888, 40.845 ], [ 29.2906, 40.8441 ], [ 29.2915, 40.8457 ], [ 29.2896, 40.8466 ], [ 29.2909, 40.8467 ], [ 29.2908, 40.8483 ], [ 29.2892, 40.8479 ], [ 29.2904, 40.8489 ], [ 29.2887, 40.8485 ], [ 29.2899, 40.8502 ], [ 29.2876, 40.8501 ], [ 29.2895, 40.8507 ], [ 29.287, 40.8526 ], [ 29.2883, 40.8529 ], [ 29.2876, 40.8574 ], [ 29.2872, 40.8548 ], [ 29.2836, 40.8542 ], [ 29.2781, 40.8561 ], [ 29.2744, 40.8555 ], [ 29.2716, 40.8579 ], [ 29.2702, 40.8548 ], [ 29.269, 40.8567 ], [ 29.2669, 40.854 ], [ 29.2687, 40.859 ], [ 29.2682, 40.8602 ], [ 29.2715, 40.8615 ], [ 29.2718, 40.862 ], [ 29.2679, 40.8603 ], [ 29.2651, 40.8538 ], [ 29.2545, 40.8576 ], [ 29.2532, 40.8583 ], [ 29.2524, 40.8592 ], [ 29.2592, 40.8571 ], [ 29.2651, 40.86 ], [ 29.2627, 40.86 ], [ 29.2631, 40.8612 ], [ 29.2619, 40.8603 ], [ 29.263, 40.8613 ], [ 29.2615, 40.8606 ], [ 29.2624, 40.8616 ], [ 29.2606, 40.8634 ], [ 29.2566, 40.8644 ], [ 29.2568, 40.8598 ], [ 29.2559, 40.8595 ], [ 29.2544, 40.8626 ], [ 29.2584, 40.8672 ], [ 29.2565, 40.8661 ], [ 29.2574, 40.867 ], [ 29.2527, 40.8698 ], [ 29.2399, 40.8745 ], [ 29.2352, 40.8747 ], [ 29.2357, 40.8721 ], [ 29.2386, 40.8713 ], [ 29.2357, 40.872 ], [ 29.2357, 40.8705 ], [ 29.2344, 40.8713 ], [ 29.2355, 40.8701 ], [ 29.2343, 40.8713 ], [ 29.2353, 40.8696 ], [ 29.2336, 40.8708 ], [ 29.2356, 40.8691 ], [ 29.2364, 40.8707 ], [ 29.2363, 40.8689 ], [ 29.2371, 40.8706 ], [ 29.2369, 40.8688 ], [ 29.2377, 40.8704 ], [ 29.2376, 40.8686 ], [ 29.2384, 40.8702 ], [ 29.2385, 40.8683 ], [ 29.2393, 40.87 ], [ 29.2394, 40.8682 ], [ 29.2405, 40.8706 ], [ 29.2395, 40.8677 ], [ 29.2266, 40.8713 ], [ 29.2217, 40.8759 ], [ 29.2155, 40.8781 ], [ 29.2036, 40.8833 ], [ 29.198, 40.8834 ], [ 29.1884, 40.8871 ], [ 29.1842, 40.8853 ], [ 29.1789, 40.8859 ], [ 29.1743, 40.8903 ], [ 29.1623, 40.8972 ], [ 29.1518, 40.9015 ], [ 29.1478, 40.9015 ], [ 29.1481, 40.9004 ], [ 29.1443, 40.9016 ], [ 29.1383, 40.9066 ], [ 29.1319, 40.9121 ], [ 29.1189, 40.93 ], [ 29.1156, 40.9325 ], [ 29.1146, 40.9319 ], [ 29.1155, 40.933 ], [ 29.1138, 40.9321 ], [ 29.1155, 40.9336 ], [ 29.1086, 40.942 ], [ 29.1035, 40.9441 ], [ 29.1056, 40.9428 ], [ 29.1043, 40.943 ], [ 29.094846254681645, 40.95195617977528 ], [ 29.0942, 40.9515 ], [ 29.0936, 40.9524 ], [ 29.0905, 40.9513 ], [ 29.0942, 40.95 ] ], [ [ 29.0776, 41.0662 ], [ 29.078724897512974, 41.065843782454223 ], [ 29.0716, 41.0736 ], [ 29.0776, 41.0662 ] ], [ [ 29.1354, 41.0482 ], [ 29.137222727272729, 41.046681060606062 ], [ 29.135627195467421, 41.049960764872523 ], [ 29.1354, 41.0482 ] ], [ [ 29.139292780082986, 41.041430456431534 ], [ 29.1417, 41.0434 ], [ 29.1395, 41.042 ], [ 29.139200770218228, 41.042615083440317 ], [ 29.139292780082986, 41.041430456431534 ] ], [ [ 29.1398, 41.0349 ], [ 29.144714925373133, 41.036228358208959 ], [ 29.139783015267177, 41.035118678435111 ], [ 29.1398, 41.0349 ] ], [ [ 29.1614, 41.035 ], [ 29.1477, 41.0369 ], [ 29.147513542688912, 41.036858047105007 ], [ 29.1614, 41.035 ] ], [ [ 29.1913, 41.0101 ], [ 29.19729729729729, 41.013698378378379 ], [ 29.196936465396618, 41.013730265848672 ], [ 29.1913, 41.0101 ] ], [ [ 29.191638780872314, 40.989121282186019 ], [ 29.194737118320603, 40.987733683206109 ], [ 29.1927, 40.989 ], [ 29.191638780872314, 40.989121282186019 ] ], [ [ 29.1616, 40.9946 ], [ 29.160863595166173, 40.994617673716007 ], [ 29.162005903834444, 40.994505051734635 ], [ 29.1616, 40.9946 ] ], [ [ 29.11354, 40.99682 ], [ 29.1161, 40.9959 ], [ 29.117200296735909, 40.995958753709196 ], [ 29.11354, 40.99682 ] ], [ [ 29.0973, 41.0072 ], [ 29.1097, 40.9982 ], [ 29.1107506840391, 40.997822410423446 ], [ 29.0973, 41.0072 ] ], [ [ 29.0889, 41.0095 ], [ 29.087871328398904, 41.009253876119985 ], [ 29.089703305785122, 41.009280047225502 ], [ 29.0889, 41.0095 ] ], [ [ 29.0472, 41.0016 ], [ 29.0858, 40.9878 ], [ 29.0734, 40.9925 ], [ 29.0472, 41.0016 ] ], [ [ 29.094046415552857, 40.981907290400969 ], [ 29.0934, 40.9829 ], [ 29.092334317343166, 40.983587084870855 ], [ 29.094046415552857, 40.981907290400969 ] ], [ [ 29.1053, 40.9648 ], [ 29.111121685878963, 40.959172370317006 ], [ 29.111126315789473, 40.959173684210526 ], [ 29.105001694915249, 40.965298305084751 ], [ 29.1053, 40.9648 ] ], [ [ 29.021897748208808, 40.998655271238484 ], [ 29.022, 40.9986 ], [ 29.0282, 41.0027 ], [ 29.021897748208808, 40.998655271238484 ] ], [ [ 29.085246305931321, 41.061271279916753 ], [ 29.0832, 41.0562 ], [ 29.0857, 41.0605 ], [ 29.085246305931321, 41.061271279916753 ] ], [ [ 29.122884562607204, 40.968960205831905 ], [ 29.1158, 40.9605 ], [ 29.1226, 40.9677 ], [ 29.122884562607204, 40.968960205831905 ] ], [ [ 29.1261, 40.9728 ], [ 29.1255070789576, 40.972091948658104 ], [ 29.126890009794323, 40.972901469147892 ], [ 29.1261, 40.9728 ] ], [ [ 29.1979, 40.9812 ], [ 29.197745325779039, 40.981089518413597 ], [ 29.197915262196712, 40.981130811374904 ], [ 29.1979, 40.9812 ] ], [ [ 29.2211, 40.9517 ], [ 29.2163, 40.946 ], [ 29.214828048780522, 40.944071951219556 ], [ 29.2211, 40.9517 ] ], [ [ 29.246363987138263, 40.964172508038587 ], [ 29.24495371287129, 40.967246905940591 ], [ 29.2451, 40.9622 ], [ 29.2452, 40.9649 ], [ 29.246363987138263, 40.964172508038587 ] ], [ [ 29.2497, 40.9569 ], [ 29.2481303112314, 40.960321921515551 ], [ 29.24964901098901, 40.956237142857141 ], [ 29.2497, 40.9569 ] ], [ [ 29.2723, 40.9343 ], [ 29.254555087209305, 40.932722674418599 ], [ 29.2552, 40.9321 ], [ 29.2723, 40.9343 ] ], [ [ 29.310829411764704, 40.959821266968326 ], [ 29.311623876404497, 40.958110112359549 ], [ 29.3118, 40.959 ], [ 29.310829411764704, 40.959821266968326 ] ], [ [ 29.3029, 40.9588 ], [ 29.310532911392407, 40.960072151898729 ], [ 29.3105, 40.9601 ], [ 29.3029, 40.9588 ] ], [ [ 29.2906, 40.9733 ], [ 29.294690167257976, 40.969296857577305 ], [ 29.2889, 40.9767 ], [ 29.2906, 40.9733 ] ], [ [ 29.289435615251296, 40.982823223570215 ], [ 29.2903, 40.977 ], [ 29.29, 40.9799 ], [ 29.289435615251296, 40.982823223570215 ] ], [ [ 29.2865, 41.0026 ], [ 29.286600268336315, 41.001924508050088 ], [ 29.287186509274875, 41.004062563237781 ], [ 29.2865, 41.0026 ] ], [ [ 29.2888, 41.0075 ], [ 29.288487114490916, 41.006833417828474 ], [ 29.2954, 41.0122 ], [ 29.2888, 41.0075 ] ], [ [ 29.3592, 41.0347 ], [ 29.3643, 41.0284 ], [ 29.3561, 41.0269 ], [ 29.364457884615383, 41.028335192307686 ], [ 29.3592, 41.0347 ] ], [ [ 29.381547908745247, 41.030067680608369 ], [ 29.381517480719793, 41.02996118251928 ], [ 29.381640431266852, 41.029971967654987 ], [ 29.381547908745247, 41.030067680608369 ] ], [ [ 29.3928, 41.0271 ], [ 29.39126, 41.0271 ], [ 29.4035, 41.0226 ], [ 29.3928, 41.0271 ] ], [ [ 29.4963, 41.036 ], [ 29.4834, 41.0302 ], [ 29.497542857142857, 41.035896428571434 ], [ 29.4963, 41.036 ] ], [ [ 29.4987, 41.0358 ], [ 29.497928770301627, 41.035864269141534 ], [ 29.499084722222221, 41.034645833333336 ], [ 29.4987, 41.0358 ] ], [ [ 29.2946, 40.8575 ], [ 29.295657664233573, 40.859380291970801 ], [ 29.2947, 40.8595 ], [ 29.2946, 40.8575 ] ], [ [ 29.306210169491525, 40.859940112994352 ], [ 29.3064, 40.8596 ], [ 29.308788235294134, 40.861658823529424 ], [ 29.306210169491525, 40.859940112994352 ] ], [ [ 29.309432, 40.862088 ], [ 29.3126, 40.8618 ], [ 29.3096, 40.8622 ], [ 29.309432, 40.862088 ] ], [ [ 29.3124, 40.8634 ], [ 29.3152, 40.8644 ], [ 29.314677145811793, 40.865069906928646 ], [ 29.3124, 40.8634 ] ], [ [ 29.209676377542156, 40.937323987484795 ], [ 29.2092, 40.9367 ], [ 29.2042, 40.9225 ], [ 29.209676377542156, 40.937323987484795 ] ], [ [ 29.264596638655465, 41.02947899159664 ], [ 29.265, 41.0296 ], [ 29.2722, 41.0364 ], [ 29.264596638655465, 41.02947899159664 ] ], [ [ 29.2521, 40.9765 ], [ 29.2449, 40.9691 ], [ 29.244929848484851, 40.968070227272726 ], [ 29.2521, 40.9765 ] ], [ [ 29.376, 41.0362 ], [ 29.376266339775022, 41.035938332852609 ], [ 29.3772, 41.0407 ], [ 29.376, 41.0362 ] ], [ [ 29.341755555555554, 41.128758479532166 ], [ 29.3412, 41.1287 ], [ 29.3382, 41.1267 ], [ 29.341755555555554, 41.128758479532166 ] ], [ [ 29.351, 41.1287 ], [ 29.3469, 41.1293 ], [ 29.342908256880733, 41.128879816513766 ], [ 29.351, 41.1287 ] ], [ [ 29.359307216890596, 41.125280575815744 ], [ 29.359311913984239, 41.125280633097368 ], [ 29.3649, 41.1343 ], [ 29.364828226652676, 41.13457911857293 ], [ 29.359307216890596, 41.125280575815744 ] ], [ [ 29.3799, 41.1216 ], [ 29.3781, 41.1231 ], [ 29.3725, 41.1257 ], [ 29.3799, 41.1216 ] ], [ [ 29.3825, 41.1087 ], [ 29.39, 41.1053 ], [ 29.382476303212183, 41.108817572524174 ], [ 29.3825, 41.1087 ] ], [ [ 29.401077491961416, 41.099806752411574 ], [ 29.4011, 41.0999 ], [ 29.3911, 41.1028 ], [ 29.401077491961416, 41.099806752411574 ] ], [ [ 29.3201, 41.1828 ], [ 29.3236, 41.1792 ], [ 29.320148951048949, 41.182946853146852 ], [ 29.3201, 41.1828 ] ], [ [ 29.3216, 41.1941 ], [ 29.321746511627907, 41.192879069767443 ], [ 29.3220158, 41.1944948 ], [ 29.3216, 41.1941 ] ], [ [ 29.3285, 41.2107 ], [ 29.3319, 41.2059 ], [ 29.328602127659572, 41.210846808510638 ], [ 29.3285, 41.2107 ] ] ], [ [ [ 29.0038, 41.0208 ], [ 29.0038, 41.0212 ], [ 29.0043, 41.0208 ], [ 29.0038, 41.0208 ] ] ], [ [ [ 29.1431, 40.8556 ], [ 29.1483, 40.849 ], [ 29.1462, 40.8467 ], [ 29.1405, 40.8505 ], [ 29.1431, 40.8556 ] ] ] ] } },
{ "type": "Feature", "properties": { "cevre_id": "ISTANBUL_2", "cevre_adi": "İstanbul 2", "il": "ISTANBUL", "mv_sayisi": 27 }, "geometry": { "type": "Polygon", "coordinates": [ [ [ 28.9123, 40.986 ], [ 28.9085, 40.9817 ], [ 28.9, 40.979 ], [ 28.8964, 40.979 ], [ 28.8964, 40.9801 ], [ 28.8958, 40.9791 ], [ 28.8943, 40.9806 ], [ 28.8932, 40.9792 ], [ 28.8941, 40.9808 ], [ 28.8912, 40.981 ], [ 28.8929, 40.9801 ], [ 28.8917, 40.9778 ], [ 28.8894, 40.9827 ], [ 28.8908, 40.9828 ], [ 28.8916, 40.9907 ], [ 28.8943, 40.9957 ], [ 28.8918, 41.0001 ], [ 28.8981, 41.0082 ], [ 28.8966, 41.0086 ], [ 28.9, 41.0135 ], [ 28.9009, 41.0185 ], [ 28.900485125184094, 41.020620471281298 ], [ 28.898, 41.0189 ], [ 28.8867, 41.0173 ], [ 28.8874, 41.0206 ], [ 28.8854, 41.0226 ], [ 28.8902, 41.0301 ], [ 28.8855, 41.034 ], [ 28.8765, 41.0319 ], [ 28.8725, 41.0385 ], [ 28.8618, 41.0401 ], [ 28.8593, 41.0422 ], [ 28.8599, 41.0485 ], [ 28.8568, 41.054 ], [ 28.8547, 41.0543 ], [ 28.8547, 41.0605 ], [ 28.8563, 41.0668 ], [ 28.8596, 41.0678 ], [ 28.8604, 41.0714 ], [ 28.8538, 41.0719 ], [ 28.8484, 41.0671 ], [ 28.8476, 41.0632 ], [ 28.8438, 41.0616 ], [ 28.8387, 41.0634 ], [ 28.8396, 41.0661 ], [ 28.8281, 41.0699 ], [ 28.8197, 41.0709 ], [ 28.8171, 41.0662 ], [ 28.8136, 41.0676 ], [ 28.8148, 41.0718 ], [ 28.8209, 41.0772 ], [ 28.8186, 41.0809 ], [ 28.8184, 41.086 ], [ 28.8227, 41.1049 ], [ 28.821, 41.1164 ], [ 28.8227, 41.1168 ], [ 28.8232, 41.12 ], [ 28.8239, 41.128 ], [ 28.8218, 41.1298 ], [ 28.8231, 41.1358 ], [ 28.82575190600522, 41.133522819843343 ], [ 28.8246, 41.1354 ], [ 28.8288, 41.1356 ], [ 28.82, 41.1363 ], [ 28.8174, 41.1399 ], [ 28.8153, 41.1396 ], [ 28.8179, 41.1429 ], [ 28.8172, 41.1515 ], [ 28.815, 41.1545 ], [ 28.8162, 41.1599 ], [ 28.8136, 41.1643 ], [ 28.8143, 41.1757 ], [ 28.82, 41.1754 ], [ 28.8213, 41.1827 ], [ 28.8178, 41.1866 ], [ 28.8192, 41.1958 ], [ 28.8159, 41.201 ], [ 28.8192, 41.2029 ], [ 28.8208, 41.2072 ], [ 28.8181, 41.2108 ], [ 28.815, 41.2117 ], [ 28.809, 41.2201 ], [ 28.7975, 41.2241 ], [ 28.797, 41.2296 ], [ 28.794, 41.2337 ], [ 28.7887, 41.2368 ], [ 28.7877, 41.2479 ], [ 28.7855, 41.2527 ], [ 28.7812, 41.2585 ], [ 28.7752, 41.2596 ], [ 28.7705, 41.2707 ], [ 28.7773, 41.2719 ], [ 28.7783, 41.2773 ], [ 28.782, 41.2821 ], [ 28.7881, 41.3065 ], [ 28.7925, 41.3025 ], [ 28.7967, 41.3015 ], [ 28.8118, 41.305 ], [ 28.817, 41.3012 ], [ 28.8251, 41.2987 ], [ 28.8201, 41.2988 ], [ 28.8196, 41.2965 ], [ 28.8232, 41.2937 ], [ 28.8256, 41.2933 ], [ 28.8292, 41.2978 ], [ 28.8307, 41.2933 ], [ 28.8347, 41.2889 ], [ 28.8386, 41.2873 ], [ 28.8654, 41.2818 ], [ 28.8741, 41.2845 ], [ 28.8729, 41.279 ], [ 28.8753, 41.2768 ], [ 28.8864, 41.2758 ], [ 28.9056, 41.271 ], [ 28.9217, 41.2722 ], [ 28.943, 41.2629 ], [ 28.9494, 41.2625 ], [ 28.9549, 41.2628 ], [ 28.9624, 41.259 ], [ 28.9649, 41.2551 ], [ 28.974, 41.2526 ], [ 28.9785, 41.2531 ], [ 28.9948, 41.2483 ], [ 29.0206, 41.2452 ], [ 29.0336, 41.2466 ], [ 29.0336, 41.2495 ], [ 29.0385, 41.2519 ], [ 29.0381, 41.2578 ], [ 29.0383, 41.2565 ], [ 29.0417, 41.2565 ], [ 29.0429, 41.2536 ], [ 29.0495, 41.2571 ], [ 29.0542, 41.2549 ], [ 29.0605, 41.2553 ], [ 29.0641, 41.2508 ], [ 29.0674, 41.2536 ], [ 29.0675, 41.2522 ], [ 29.0707, 41.2527 ], [ 29.0722, 41.2479 ], [ 29.0781, 41.254 ], [ 29.0801, 41.2517 ], [ 29.0796, 41.2488 ], [ 29.0845, 41.2499 ], [ 29.083, 41.2494 ], [ 29.0845, 41.2457 ], [ 29.0902, 41.2478 ], [ 29.0913, 41.2439 ], [ 29.0929, 41.2453 ], [ 29.0948, 41.2452 ], [ 29.0984, 41.2423 ], [ 29.0979, 41.2401 ], [ 29.1025, 41.2423 ], [ 29.1015, 41.2412 ], [ 29.1052, 41.2405 ], [ 29.105, 41.2388 ], [ 29.1069, 41.2398 ], [ 29.1059, 41.2371 ], [ 29.1113, 41.2384 ], [ 29.1091, 41.2353 ], [ 29.1163, 41.2339 ], [ 29.1146, 41.2288 ], [ 29.1152, 41.2335 ], [ 29.1132, 41.2341 ], [ 29.112, 41.2314 ], [ 29.1139, 41.2297 ], [ 29.1081, 41.2244 ], [ 29.1096, 41.223 ], [ 29.1063, 41.2211 ], [ 29.1067, 41.2169 ], [ 29.1117, 41.2142 ], [ 29.1093, 41.2136 ], [ 29.1108, 41.2129 ], [ 29.1048, 41.2074 ], [ 29.1055, 41.2065 ], [ 29.1033, 41.2052 ], [ 29.1001, 41.2061 ], [ 29.0977, 41.2029 ], [ 29.0914, 41.2004 ], [ 29.0815, 41.1875 ], [ 29.0771, 41.1856 ], [ 29.0742, 41.1797 ], [ 29.0739, 41.181 ], [ 29.0727, 41.175 ], [ 29.0603, 41.1706 ], [ 29.057, 41.1657 ], [ 29.0517, 41.1647 ], [ 29.0361, 41.1559 ], [ 29.0458, 41.1489 ], [ 29.0524, 41.1469 ], [ 29.0579, 41.1396 ], [ 29.0545, 41.1383 ], [ 29.0612, 41.1356 ], [ 29.0641, 41.1305 ], [ 29.0703, 41.1272 ], [ 29.0717, 41.1245 ], [ 29.0698, 41.1196 ], [ 29.0644, 41.1167 ], [ 29.0619, 41.1132 ], [ 29.0574, 41.1149 ], [ 29.0543, 41.1137 ], [ 29.0585, 41.1127 ], [ 29.0594, 41.1093 ], [ 29.0535, 41.0989 ], [ 29.0535, 41.0952 ], [ 29.0572, 41.0907 ], [ 29.056, 41.0818 ], [ 29.0547, 41.0811 ], [ 29.0444, 41.0779 ], [ 29.0464, 41.0679 ], [ 29.0418, 41.0661 ], [ 29.0407, 41.0628 ], [ 29.0365, 41.0595 ], [ 29.0328, 41.0497 ], [ 28.9958, 41.0368 ], [ 28.9888, 41.0284 ], [ 28.9769, 41.0211 ], [ 28.9699, 41.0223 ], [ 28.9672, 41.0249 ], [ 28.9684, 41.0267 ], [ 28.9667, 41.0265 ], [ 28.9661, 41.0307 ], [ 28.9601, 41.0339 ], [ 28.9524, 41.0349 ], [ 28.9536, 41.0357 ], [ 28.9508, 41.0374 ], [ 28.9491, 41.0413 ], [ 28.9415, 41.0455 ], [ 28.939, 41.0493 ], [ 28.9404, 41.0527 ], [ 28.9477, 41.0555 ], [ 28.947521021021021, 41.063554054054052 ], [ 28.9469, 41.0633 ], [ 28.9438, 41.0648 ], [ 28.9468, 41.0572 ], [ 28.9392, 41.0553 ], [ 28.9357, 41.0522 ], [ 28.9352, 41.0497 ], [ 28.9395, 41.0428 ], [ 28.9445, 41.0408 ], [ 28.9393, 41.0378 ], [ 28.9447, 41.0409 ], [ 28.9505, 41.0316 ], [ 28.9532, 41.0292 ], [ 28.9575, 41.0283 ], [ 28.966, 41.0196 ], [ 28.9698, 41.0197 ], [ 28.9769, 41.0167 ], [ 28.9853, 41.0178 ], [ 28.9881, 41.0124 ], [ 28.986, 41.0062 ], [ 28.9815, 41.0026 ], [ 28.9776, 41.0018 ], [ 28.9788, 41.0012 ], [ 28.9523, 41.0018 ], [ 28.9544, 40.9986 ], [ 28.9609, 40.9985 ], [ 28.9608, 40.9981 ], [ 28.9544, 40.9984 ], [ 28.9522, 41.0011 ], [ 28.9428, 40.9999 ], [ 28.9404, 41.0012 ], [ 28.938, 41.0006 ], [ 28.939, 41.0013 ], [ 28.9385, 41.0018 ], [ 28.9279, 40.9918 ], [ 28.9293, 40.991 ], [ 28.93, 40.9928 ], [ 28.9294, 40.9909 ], [ 28.9278, 40.9914 ], [ 28.9239, 40.9878 ], [ 28.9194, 40.9879 ], [ 28.9123, 40.986 ] ], [ [ 28.9934, 41.039 ], [ 28.9916642, 41.0391052 ], [ 28.9958, 41.0368 ], [ 28.9934, 41.039 ] ], [ [ 28.921766691576813, 41.015807238176578 ], [ 28.9216, 41.0156 ], [ 28.9194, 40.9879 ], [ 28.921766691576813, 41.015807238176578 ] ], [ [ 28.9589005313093, 41.112696925996204 ], [ 28.959255168119551, 41.112482191780821 ], [ 28.959044785276074, 41.112867893660528 ], [ 28.9589005313093, 41.112696925996204 ] ], [ [ 28.9573, 41.1108 ], [ 28.9566, 41.1084 ], [ 28.957745945945945, 41.111328528528524 ], [ 28.9573, 41.1108 ] ], [ [ 28.9543, 41.1021 ], [ 28.9543, 41.1007 ], [ 28.9592, 41.1053 ], [ 28.9543, 41.1021 ] ], [ [ 28.9577, 41.0748 ], [ 28.955964927934104, 41.072170281400126 ], [ 28.9637, 41.0803 ], [ 28.9577, 41.0748 ] ], [ [ 28.9513, 41.0651 ], [ 28.950323404255318, 41.063663829787231 ], [ 28.9515, 41.064 ], [ 28.9529253968254, 41.067563492063499 ], [ 28.9513, 41.0651 ] ], [ [ 28.9362, 41.0314 ], [ 28.932027641681906, 41.026911553930532 ], [ 28.94, 41.0333 ], [ 28.9362, 41.0314 ] ], [ [ 28.928993040752349, 41.024791347962385 ], [ 28.928288173349522, 41.023915026326435 ], [ 28.929186413469068, 41.024634808144086 ], [ 28.928993040752349, 41.024791347962385 ] ], [ [ 28.897018447448758, 41.031524247710429 ], [ 28.900280851063833, 41.021664539007084 ], [ 28.8991, 41.0277 ], [ 28.897018447448758, 41.031524247710429 ] ], [ [ 28.888369703787024, 41.038342332208472 ], [ 28.8886, 41.038 ], [ 28.895290124596215, 41.034699538532536 ], [ 28.8948, 41.0356 ], [ 28.888369703787024, 41.038342332208472 ] ], [ [ 28.8849, 41.0435 ], [ 28.886554380664659, 41.041040785498474 ], [ 28.88492335612835, 41.043907434683504 ], [ 28.8849, 41.0435 ] ], [ [ 28.8784, 41.071 ], [ 28.88556965657833, 41.059567304375093 ], [ 28.8856, 41.0601 ], [ 28.8784, 41.071 ] ], [ [ 28.8744, 41.0815 ], [ 28.8629, 41.0912 ], [ 28.879, 41.0771 ], [ 28.879515098468271, 41.076811159737424 ], [ 28.8744, 41.0815 ] ], [ [ 28.9227, 41.0937 ], [ 28.919314935064936, 41.096564285714287 ], [ 28.9193, 41.0964 ], [ 28.922450270270271, 41.093249729729727 ], [ 28.9227, 41.0937 ] ], [ [ 28.9155, 41.0695 ], [ 28.913822784810126, 41.072015822784813 ], [ 28.9138, 41.072 ], [ 28.9155, 41.0695 ] ], [ [ 28.919209523809524, 41.035406666666667 ], [ 28.9157, 41.043 ], [ 28.9165, 41.0392 ], [ 28.919209523809524, 41.035406666666667 ] ], [ [ 28.928516129032246, 41.025177419354847 ], [ 28.923774193548386, 41.029016129032257 ], [ 28.924, 41.0287 ], [ 28.928516129032246, 41.025177419354847 ] ], [ [ 28.919525405405405, 41.098879459459461 ], [ 28.921, 41.1027 ], [ 28.9202, 41.1063 ], [ 28.919525405405405, 41.098879459459461 ] ], [ [ 28.888, 41.1381 ], [ 28.888089563567362, 41.138072011385198 ], [ 28.8871, 41.1449 ], [ 28.888, 41.1381 ] ], [ [ 28.9224, 41.1091 ], [ 28.9195, 41.1154 ], [ 28.919394586614171, 41.115401673228348 ], [ 28.9224, 41.1091 ] ], [ [ 28.9545, 41.0593 ], [ 28.949881034482758, 41.063013286004058 ], [ 28.9496, 41.0626 ], [ 28.9545, 41.0593 ] ], [ [ 28.9627, 41.0509 ], [ 28.9627, 41.0575 ], [ 28.9617, 41.0534 ], [ 28.9575, 41.0534 ], [ 28.9621, 41.0531 ], [ 28.9627, 41.0509 ] ], [ [ 28.9746, 41.0672 ], [ 28.9675, 41.0621 ], [ 28.9627, 41.0575 ], [ 28.9746, 41.0672 ] ], [ [ 29.0159, 41.0719 ], [ 29.015810147228638, 41.072046146073902 ], [ 29.0118, 41.063 ], [ 29.0159, 41.0719 ] ], [ [ 28.9981, 41.0498 ], [ 29.0008, 41.0491 ], [ 28.9986, 41.0499 ], [ 28.9981, 41.0498 ] ], [ [ 28.9965, 41.0405 ], [ 28.9954, 41.0436 ], [ 28.996010365853657, 41.04072256097561 ], [ 28.9965, 41.0405 ] ], [ [ 28.993316149068324, 41.041947204968949 ], [ 28.99391923076923, 41.041673076923082 ], [ 28.9934, 41.042 ], [ 28.993316149068324, 41.041947204968949 ] ], [ [ 28.989634693877552, 41.040217346938775 ], [ 28.990071698113212, 41.040435849056607 ], [ 28.9833, 41.0419 ], [ 28.989634693877552, 41.040217346938775 ] ], [ [ 29.0047, 41.0938 ], [ 29.004277850162868, 41.097247557003257 ], [ 29.0042, 41.0939 ], [ 29.006544827586204, 41.088565517241385 ], [ 29.0052, 41.0926 ], [ 29.006964825681738, 41.096859924059373 ], [ 29.0047, 41.0938 ] ], [ [ 29.0419, 41.0848 ], [ 29.05489407176287, 41.083914040561623 ], [ 29.0549, 41.084 ], [ 29.0419, 41.0848 ] ], [ [ 29.001689363768829, 41.100467799902866 ], [ 29.0011, 41.1009 ], [ 28.9856, 41.0988 ], [ 29.001689363768829, 41.100467799902866 ] ], [ [ 29.004141860465118, 41.098358139534881 ], [ 29.0041, 41.0987 ], [ 29.002975, 41.099525 ], [ 29.004141860465118, 41.098358139534881 ] ] ] } },
{ "type": "Feature", "properties": { "cevre_id": "ISTANBUL_3", "cevre_adi": "İstanbul 3", "il": "ISTANBUL", "mv_sayisi": 36 }, "geometry": { "type": "MultiPolygon", "coordinates": [ [ [ [ 28.6905, 40.972 ], [ 28.6869, 40.9701 ], [ 28.6868, 40.9685 ], [ 28.6843, 40.9687 ], [ 28.6845, 40.9629 ], [ 28.6836, 40.9681 ], [ 28.6819, 40.9667 ], [ 28.6823, 40.9634 ], [ 28.6815, 40.9667 ], [ 28.68, 40.9665 ], [ 28.6799, 40.9633 ], [ 28.679, 40.9678 ], [ 28.6784, 40.9633 ], [ 28.6778, 40.9659 ], [ 28.6761, 40.9659 ], [ 28.6765, 40.9617 ], [ 28.6759, 40.9648 ], [ 28.6744, 40.9646 ], [ 28.6747, 40.9614 ], [ 28.6727, 40.9613 ], [ 28.6724, 40.9641 ], [ 28.6708, 40.9638 ], [ 28.6709, 40.9613 ], [ 28.6706, 40.9637 ], [ 28.6691, 40.9634 ], [ 28.6691, 40.9596 ], [ 28.6712, 40.9586 ], [ 28.6699, 40.9573 ], [ 28.6667, 40.958 ], [ 28.6669, 40.9628 ], [ 28.6653, 40.961 ], [ 28.6632, 40.9608 ], [ 28.6651, 40.9627 ], [ 28.6583, 40.9636 ], [ 28.6196, 40.961 ], [ 28.5991, 40.9687 ], [ 28.5986, 40.9713 ], [ 28.5956, 40.9733 ], [ 28.5989, 40.981 ], [ 28.5961, 40.9879 ], [ 28.5972, 40.997 ], [ 28.5975, 41.0036 ], [ 28.5999, 41.0086 ], [ 28.596, 41.0138 ], [ 28.5876, 41.017 ], [ 28.5778, 41.0181 ], [ 28.5775, 41.0168 ], [ 28.5776, 41.0181 ], [ 28.5745, 41.0184 ], [ 28.5749, 41.0167 ], [ 28.5787, 41.0158 ], [ 28.5747, 41.0166 ], [ 28.5743, 41.0184 ], [ 28.5686, 41.0183 ], [ 28.5658, 41.0172 ], [ 28.5655, 41.0155 ], [ 28.5633, 41.0165 ], [ 28.563, 41.0137 ], [ 28.5662, 41.0153 ], [ 28.5654, 41.014 ], [ 28.5615, 41.0132 ], [ 28.5522, 41.0074 ], [ 28.5511, 41.003 ], [ 28.547, 40.9996 ], [ 28.5457, 40.9962 ], [ 28.5441, 40.9861 ], [ 28.5414, 40.9846 ], [ 28.536, 40.9886 ], [ 28.5207, 40.9954 ], [ 28.5119, 40.9985 ], [ 28.5102, 40.9979 ], [ 28.509, 41.0005 ], [ 28.5091, 40.9986 ], [ 28.5076, 40.9996 ], [ 28.5101, 40.9969 ], [ 28.5072, 40.9997 ], [ 28.5087, 41.0017 ], [ 28.5063, 41.0033 ], [ 28.4825, 41.013 ], [ 28.4811, 41.0157 ], [ 28.467, 41.0242 ], [ 28.4271, 41.0393 ], [ 28.3994, 41.0474 ], [ 28.391, 41.0481 ], [ 28.3716, 41.0531 ], [ 28.3655, 41.0523 ], [ 28.3676, 41.0516 ], [ 28.3657, 41.0513 ], [ 28.3596, 41.0535 ], [ 28.3543, 41.0536 ], [ 28.3511, 41.0562 ], [ 28.3414, 41.0582 ], [ 28.336, 41.0567 ], [ 28.3239, 41.058 ], [ 28.3126, 41.0571 ], [ 28.3088, 41.0594 ], [ 28.2802, 41.0637 ], [ 28.2594, 41.0625 ], [ 28.2488, 41.0687 ], [ 28.2412, 41.0712 ], [ 28.2404, 41.0702 ], [ 28.2387, 41.0723 ], [ 28.2425, 41.071 ], [ 28.243, 41.0725 ], [ 28.2427, 41.074 ], [ 28.24, 41.0735 ], [ 28.2423, 41.0747 ], [ 28.2361, 41.0776 ], [ 28.2235, 41.0778 ], [ 28.219, 41.0768 ], [ 28.2123, 41.0698 ], [ 28.1858, 41.0733 ], [ 28.1694, 41.073 ], [ 28.155, 41.0694 ], [ 28.1444, 41.0693 ], [ 28.1315, 41.0664 ], [ 28.1258, 41.0637 ], [ 28.1228, 41.0596 ], [ 28.1137, 41.0613 ], [ 28.0744, 41.0567 ], [ 28.043, 41.042 ], [ 28.0282, 41.0405 ], [ 28.0088, 41.0313 ], [ 28.0061, 41.0338 ], [ 28.0076, 41.0394 ], [ 28.0013, 41.0393 ], [ 28.0083, 41.0499 ], [ 28.004, 41.0508 ], [ 28.0065, 41.056 ], [ 27.9953, 41.0575 ], [ 28.0053, 41.0688 ], [ 28.012, 41.0732 ], [ 28.0071, 41.0768 ], [ 27.9988, 41.0681 ], [ 27.9859, 41.0696 ], [ 27.9807, 41.0654 ], [ 27.9758, 41.065 ], [ 27.9841, 41.0718 ], [ 27.9811, 41.076 ], [ 27.9756, 41.0751 ], [ 27.9748, 41.0769 ], [ 27.9749, 41.0801 ], [ 27.9787, 41.083 ], [ 27.9747, 41.0878 ], [ 27.975, 41.0904 ], [ 27.9773, 41.0917 ], [ 27.9781, 41.0986 ], [ 27.9714, 41.1005 ], [ 27.9757, 41.1069 ], [ 27.9728, 41.109 ], [ 27.9773, 41.1114 ], [ 27.9724, 41.1116 ], [ 27.9756, 41.1185 ], [ 27.9758, 41.1234 ], [ 27.9733, 41.123 ], [ 27.98, 41.1407 ], [ 27.9786, 41.1521 ], [ 27.9823, 41.1597 ], [ 27.9847, 41.1622 ], [ 28.0134, 41.1623 ], [ 28.0128, 41.1662 ], [ 28.0163, 41.1666 ], [ 28.0155, 41.1692 ], [ 28.0202, 41.1711 ], [ 28.0198, 41.1735 ], [ 28.0246, 41.1785 ], [ 28.0206, 41.1842 ], [ 28.0199, 41.1915 ], [ 28.0163, 41.2003 ], [ 27.9982, 41.2224 ], [ 27.9972, 41.2293 ], [ 27.9991, 41.2302 ], [ 27.9998, 41.2402 ], [ 28.0154, 41.252 ], [ 28.0271, 41.2547 ], [ 28.0457, 41.2653 ], [ 28.0513, 41.2671 ], [ 28.0562, 41.2669 ], [ 28.0625, 41.2772 ], [ 28.0706, 41.2816 ], [ 28.0722, 41.2852 ], [ 28.0766, 41.2877 ], [ 28.0759, 41.295 ], [ 28.0797, 41.2966 ], [ 28.080779623824448, 41.298682131661437 ], [ 28.0786, 41.2974 ], [ 28.0771, 41.2999 ], [ 28.079, 41.3009 ], [ 28.0762, 41.3021 ], [ 28.0776, 41.3208 ], [ 28.08, 41.324 ], [ 28.0819, 41.3333 ], [ 28.0898, 41.3473 ], [ 28.0876, 41.3524 ], [ 28.089, 41.3693 ], [ 28.0988, 41.386 ], [ 28.0985, 41.3923 ], [ 28.1016, 41.4042 ], [ 28.1099, 41.4039 ], [ 28.1141, 41.4075 ], [ 28.1224, 41.4096 ], [ 28.1112, 41.4265 ], [ 28.114, 41.4439 ], [ 28.1116, 41.4655 ], [ 28.1064, 41.4691 ], [ 28.105, 41.476 ], [ 28.1002, 41.4758 ], [ 28.0986, 41.4781 ], [ 28.0936, 41.4798 ], [ 28.0853, 41.4899 ], [ 28.0789, 41.4931 ], [ 28.0731, 41.4924 ], [ 28.0705, 41.494 ], [ 28.073, 41.4998 ], [ 28.0706, 41.5083 ], [ 28.0767, 41.5124 ], [ 28.0763, 41.5153 ], [ 28.0923, 41.5165 ], [ 28.0982, 41.5219 ], [ 28.1024, 41.5229 ], [ 28.104, 41.5216 ], [ 28.1192, 41.5332 ], [ 28.121, 41.5397 ], [ 28.116, 41.5423 ], [ 28.1156, 41.5439 ], [ 28.1209, 41.5446 ], [ 28.1222, 41.5479 ], [ 28.1187, 41.5503 ], [ 28.1206, 41.5522 ], [ 28.1243, 41.5526 ], [ 28.1249, 41.5558 ], [ 28.1231, 41.559 ], [ 28.1187, 41.5593 ], [ 28.1177, 41.5619 ], [ 28.1228, 41.5646 ], [ 28.1231, 41.5673 ], [ 28.129, 41.5718 ], [ 28.1282, 41.5729 ], [ 28.1329, 41.5745 ], [ 28.1367, 41.5808 ], [ 28.1466, 41.5846 ], [ 28.1535, 41.5798 ], [ 28.1662, 41.5784 ], [ 28.1673, 41.5771 ], [ 28.1656, 41.5751 ], [ 28.1678, 41.5738 ], [ 28.1766, 41.5731 ], [ 28.1748, 41.5719 ], [ 28.1762, 41.5714 ], [ 28.1782, 41.5724 ], [ 28.1822, 41.5714 ], [ 28.1823, 41.5685 ], [ 28.1868, 41.567 ], [ 28.1818, 41.5658 ], [ 28.181, 41.5635 ], [ 28.1828, 41.5611 ], [ 28.1882, 41.5587 ], [ 28.1855, 41.5571 ], [ 28.1863, 41.5536 ], [ 28.193, 41.5525 ], [ 28.1923, 41.5484 ], [ 28.1995, 41.5482 ], [ 28.1992, 41.5453 ], [ 28.2058, 41.5387 ], [ 28.2077, 41.5387 ], [ 28.2191, 41.5299 ], [ 28.2214, 41.5298 ], [ 28.2198, 41.5283 ], [ 28.2373, 41.5169 ], [ 28.2467, 41.5147 ], [ 28.2478, 41.5125 ], [ 28.2464, 41.5112 ], [ 28.2493, 41.5105 ], [ 28.2503, 41.5116 ], [ 28.2564, 41.5075 ], [ 28.2599, 41.5073 ], [ 28.262, 41.5023 ], [ 28.2685, 41.5001 ], [ 28.2721, 41.4964 ], [ 28.2785, 41.4955 ], [ 28.2858, 41.4911 ], [ 28.3296, 41.4729 ], [ 28.3323, 41.472 ], [ 28.3809, 41.4517 ], [ 28.4871, 41.4105 ], [ 28.492, 41.4082 ], [ 28.5383, 41.39 ], [ 28.5572, 41.3853 ], [ 28.5778, 41.3741 ], [ 28.6272, 41.354 ], [ 28.6449, 41.3492 ], [ 28.6562, 41.3492 ], [ 28.6716, 41.3431 ], [ 28.6774, 41.3434 ], [ 28.68, 41.3466 ], [ 28.6792, 41.3477 ], [ 28.6833, 41.3484 ], [ 28.685, 41.3459 ], [ 28.6878, 41.3453 ], [ 28.6869, 41.3432 ], [ 28.6862, 41.345 ], [ 28.6838, 41.3447 ], [ 28.6862, 41.3415 ], [ 28.7258, 41.3261 ], [ 28.7307, 41.3259 ], [ 28.732, 41.3285 ], [ 28.7363, 41.329 ], [ 28.7433, 41.327 ], [ 28.7551, 41.32 ], [ 28.7627, 41.3207 ], [ 28.7669, 41.3169 ], [ 28.7855, 41.312 ], [ 28.7881, 41.3065 ], [ 28.7815, 41.2806 ], [ 28.7783, 41.2773 ], [ 28.7773, 41.2719 ], [ 28.7705, 41.2707 ], [ 28.7752, 41.2596 ], [ 28.7812, 41.2585 ], [ 28.7855, 41.2527 ], [ 28.7877, 41.2479 ], [ 28.7887, 41.2368 ], [ 28.794, 41.2337 ], [ 28.797, 41.2296 ], [ 28.7975, 41.2241 ], [ 28.809, 41.2201 ], [ 28.815, 41.2117 ], [ 28.8181, 41.2108 ], [ 28.8207, 41.2074 ], [ 28.8192, 41.2029 ], [ 28.8159, 41.201 ], [ 28.8192, 41.1958 ], [ 28.8178, 41.1866 ], [ 28.8213, 41.1827 ], [ 28.82, 41.1754 ], [ 28.8143, 41.1757 ], [ 28.8136, 41.1643 ], [ 28.8162, 41.1599 ], [ 28.815, 41.1545 ], [ 28.8172, 41.1515 ], [ 28.8179, 41.1429 ], [ 28.8153, 41.1396 ], [ 28.8174, 41.1399 ], [ 28.82, 41.1363 ], [ 28.811128, 41.1363 ], [ 28.8113, 41.1362 ], [ 28.8231, 41.1358 ], [ 28.8218, 41.1298 ], [ 28.8239, 41.128 ], [ 28.8227, 41.1168 ], [ 28.821, 41.1164 ], [ 28.8225, 41.103 ], [ 28.8184, 41.086 ], [ 28.8186, 41.0809 ], [ 28.8209, 41.0772 ], [ 28.8148, 41.0718 ], [ 28.8142, 41.06736 ], [ 28.8171, 41.0662 ], [ 28.8197, 41.0709 ], [ 28.8281, 41.0699 ], [ 28.8396, 41.0661 ], [ 28.8387, 41.0634 ], [ 28.8438, 41.0616 ], [ 28.8476, 41.0632 ], [ 28.8484, 41.0671 ], [ 28.8538, 41.0719 ], [ 28.8604, 41.0714 ], [ 28.8596, 41.0678 ], [ 28.8563, 41.0668 ], [ 28.8547, 41.0543 ], [ 28.8568, 41.054 ], [ 28.8599, 41.0485 ], [ 28.8593, 41.0422 ], [ 28.8611, 41.0403 ], [ 28.8712, 41.0385 ], [ 28.871270244956776, 41.038027017291064 ], [ 28.8725, 41.0385 ], [ 28.8765, 41.0319 ], [ 28.8855, 41.034 ], [ 28.8904, 41.0299 ], [ 28.8854, 41.0226 ], [ 28.8874, 41.0206 ], [ 28.8867, 41.0173 ], [ 28.898, 41.0189 ], [ 28.9006, 41.0207 ], [ 28.9, 41.0135 ], [ 28.8966, 41.0086 ], [ 28.8981, 41.0082 ], [ 28.892978202247161, 41.004808539325829 ], [ 28.8966, 41.0069 ], [ 28.8918, 41.0001 ], [ 28.8943, 40.9957 ], [ 28.8916, 40.9907 ], [ 28.8908, 40.9828 ], [ 28.8894, 40.9827 ], [ 28.8909, 40.98 ], [ 28.891, 40.9779 ], [ 28.8906, 40.9799 ], [ 28.8892, 40.9797 ], [ 28.8766, 40.9741 ], [ 28.8785, 40.9723 ], [ 28.8762, 40.9726 ], [ 28.877, 40.9712 ], [ 28.8757, 40.9722 ], [ 28.8766, 40.9709 ], [ 28.8743, 40.9711 ], [ 28.8752, 40.9698 ], [ 28.873, 40.9702 ], [ 28.8743, 40.9692 ], [ 28.8797, 40.9723 ], [ 28.8752, 40.9688 ], [ 28.8691, 40.9711 ], [ 28.8659, 40.9737 ], [ 28.8515, 40.9743 ], [ 28.8492, 40.9725 ], [ 28.8519, 40.9701 ], [ 28.849, 40.972 ], [ 28.8514, 40.9695 ], [ 28.8486, 40.9717 ], [ 28.8469, 40.971 ], [ 28.845, 40.9678 ], [ 28.8462, 40.9669 ], [ 28.8387, 40.9569 ], [ 28.8357, 40.9576 ], [ 28.8357, 40.9562 ], [ 28.8299, 40.9546 ], [ 28.8254, 40.9572 ], [ 28.8227, 40.957 ], [ 28.8221, 40.9553 ], [ 28.8254, 40.9553 ], [ 28.8237, 40.9545 ], [ 28.8144, 40.9553 ], [ 28.812, 40.9571 ], [ 28.8107, 40.956 ], [ 28.8055, 40.9611 ], [ 28.7983, 40.9639 ], [ 28.7937, 40.9682 ], [ 28.783, 40.9732 ], [ 28.7825, 40.9721 ], [ 28.783, 40.9733 ], [ 28.7744, 40.9773 ], [ 28.7683, 40.9799 ], [ 28.767, 40.9822 ], [ 28.7676, 40.9827 ], [ 28.7685, 40.9822 ], [ 28.7692, 40.9819 ], [ 28.7693, 40.9821 ], [ 28.7672, 40.9831 ], [ 28.7676, 40.9833 ], [ 28.7675, 40.9847 ], [ 28.7664, 40.9815 ], [ 28.7567, 40.9801 ], [ 28.756653718199608, 40.980390313111549 ], [ 28.7524, 40.9795 ], [ 28.7444, 40.9746 ], [ 28.7415, 40.9703 ], [ 28.7282, 40.9716 ], [ 28.7249, 40.9707 ], [ 28.7255, 40.9691 ], [ 28.7225, 40.9691 ], [ 28.7149, 40.9717 ], [ 28.718, 40.9692 ], [ 28.7116, 40.9729 ], [ 28.7014, 40.9739 ], [ 28.6995, 40.973 ], [ 28.698, 40.9766 ], [ 28.6984, 40.9739 ], [ 28.6953, 40.9725 ], [ 28.6952, 40.9709 ], [ 28.695, 40.9724 ], [ 28.6905, 40.972 ] ], [ [ 28.731723643054277, 41.1216415823367 ], [ 28.7338, 41.1247 ], [ 28.7358, 41.1362 ], [ 28.731723643054277, 41.1216415823367 ] ], [ [ 28.7217, 41.1122 ], [ 28.7264, 41.1138 ], [ 28.726690023752976, 41.114227197149646 ], [ 28.7217, 41.1122 ] ], [ [ 28.658541047928509, 41.099013419983748 ], [ 28.6586, 41.099 ], [ 28.6681, 41.1067 ], [ 28.658541047928509, 41.099013419983748 ] ], [ [ 28.6563, 41.1004 ], [ 28.6463, 41.1018 ], [ 28.658100954653946, 41.099113603818608 ], [ 28.6563, 41.1004 ] ], [ [ 28.6391, 41.0985 ], [ 28.6446, 41.0952 ], [ 28.6392, 41.0985 ], [ 28.6434, 41.1041 ], [ 28.6391, 41.0985 ] ], [ [ 28.6729, 41.0644 ], [ 28.67751336405528, 41.063516589861756 ], [ 28.672192437598589, 41.064874343509324 ], [ 28.6729, 41.0644 ] ], [ [ 28.688836312849158, 41.05962234636872 ], [ 28.6862, 41.0613 ], [ 28.683821223709376, 41.061906998087956 ], [ 28.688836312849158, 41.05962234636872 ] ], [ [ 28.6823, 41.055 ], [ 28.69171826241136, 41.057802127659578 ], [ 28.6917, 41.0578 ], [ 28.690865517241377, 41.058331034482762 ], [ 28.6823, 41.055 ] ], [ [ 28.686795397489533, 41.003103765690383 ], [ 28.6879, 41.0022 ], [ 28.6914, 41.0 ], [ 28.692216551724137, 40.999908137931037 ], [ 28.686795397489533, 41.003103765690383 ] ], [ [ 28.682, 40.9987 ], [ 28.6844, 40.9991 ], [ 28.68430336, 41.0000664 ], [ 28.682, 40.9987 ] ], [ [ 28.3921, 41.0713 ], [ 28.392113245033112, 41.071172847682121 ], [ 28.392164516129032, 41.071454838709677 ], [ 28.3921, 41.0713 ] ], [ [ 28.3898, 41.0811 ], [ 28.39319947643979, 41.07714712041885 ], [ 28.3933, 41.0777 ], [ 28.3898, 41.0811 ] ], [ [ 28.48184, 41.0563 ], [ 28.4728, 41.0676 ], [ 28.471786677676853, 41.067670547756677 ], [ 28.4812, 41.0563 ], [ 28.48184, 41.0563 ] ], [ [ 28.496117702008416, 41.057677860812703 ], [ 28.483789473684208, 41.0563 ], [ 28.49, 41.0563 ], [ 28.496117702008416, 41.057677860812703 ] ], [ [ 28.5015696969697, 41.05928484848485 ], [ 28.50019016393442, 41.058595081967212 ], [ 28.5011, 41.0588 ], [ 28.5015696969697, 41.05928484848485 ] ], [ [ 28.5498, 41.087 ], [ 28.5484, 41.0911 ], [ 28.5488, 41.0886 ], [ 28.5498, 41.087 ] ], [ [ 28.563015789473685, 41.11833157894737 ], [ 28.5623, 41.1177 ], [ 28.5546, 41.1 ], [ 28.5619, 41.1161 ], [ 28.563015789473685, 41.11833157894737 ] ], [ [ 28.581060689372169, 41.127871768567907 ], [ 28.5803, 41.1277 ], [ 28.569790769230774, 41.1178 ], [ 28.5705, 41.1178 ], [ 28.581060689372169, 41.127871768567907 ] ], [ [ 28.5834, 41.1284 ], [ 28.581694555873938, 41.12801489971347 ], [ 28.5864, 41.127 ], [ 28.5834, 41.1284 ] ], [ [ 28.6038, 41.1127 ], [ 28.6033, 41.119 ], [ 28.603194179894182, 41.119064247921393 ], [ 28.6025, 41.1148 ], [ 28.6038, 41.1127 ] ], [ [ 28.6361, 41.0953 ], [ 28.6339, 41.0887 ], [ 28.629, 41.0927 ], [ 28.6348, 41.0878 ], [ 28.6361, 41.0953 ] ], [ [ 28.6332, 41.0186 ], [ 28.663, 41.0072 ], [ 28.6266, 41.0223 ], [ 28.6332, 41.0186 ] ], [ [ 28.6259, 41.0295 ], [ 28.6254, 41.0251 ], [ 28.6266, 41.0223 ], [ 28.6259, 41.0295 ] ], [ [ 28.6281, 41.053 ], [ 28.620734047997519, 41.068812243631989 ], [ 28.6205, 41.0684 ], [ 28.6281, 41.053 ] ], [ [ 28.684640837696346, 41.004373821989525 ], [ 28.6829, 41.0054 ], [ 28.681331306306301, 41.005541891891895 ], [ 28.684640837696346, 41.004373821989525 ] ], [ [ 28.081494594594599, 41.299102702702704 ], [ 28.0883, 41.2957 ], [ 28.082, 41.2994 ], [ 28.081494594594599, 41.299102702702704 ] ], [ [ 28.091654430379744, 41.29663924050633 ], [ 28.0933, 41.2971 ], [ 28.0941, 41.2999 ], [ 28.091654430379744, 41.29663924050633 ] ], [ [ 28.5697, 41.12422941176473 ], [ 28.5739, 41.1274 ], [ 28.57376610073571, 41.127817147707979 ], [ 28.5697, 41.12422941176473 ] ], [ [ 28.572835916824197, 41.13071502835539 ], [ 28.5713, 41.1355 ], [ 28.5678, 41.14 ], [ 28.572835916824197, 41.13071502835539 ] ], [ [ 28.594881596162235, 41.184826341037933 ], [ 28.5953, 41.187 ], [ 28.595253479125251, 41.187558250497013 ], [ 28.594881596162235, 41.184826341037933 ] ], [ [ 28.59520928, 41.18808864 ], [ 28.595, 41.1906 ], [ 28.590525263157897, 41.197828421052627 ], [ 28.59520928, 41.18808864 ] ], [ [ 28.58602565055762, 41.207184758364313 ], [ 28.5861, 41.2083 ], [ 28.5827, 41.2141 ], [ 28.58602565055762, 41.207184758364313 ] ], [ [ 28.5733, 41.3474 ], [ 28.5723, 41.3537 ], [ 28.5701, 41.3583 ], [ 28.5733, 41.3474 ] ], [ [ 28.8096, 40.9999 ], [ 28.8029, 41.0005 ], [ 28.810075948628132, 40.999500817279632 ], [ 28.8096, 40.9999 ] ], [ [ 28.820669551777435, 40.993379443585781 ], [ 28.817691804746971, 40.994186968204211 ], [ 28.8186, 40.9935 ], [ 28.820669551777435, 40.993379443585781 ] ], [ [ 28.8205, 40.995 ], [ 28.821556127320953, 40.993327798408487 ], [ 28.821556127320957, 40.993327798408487 ], [ 28.8205, 40.995 ] ], [ [ 28.8115, 41.001 ], [ 28.811749315068496, 41.000726712328756 ], [ 28.811329133858262, 41.001777165354348 ], [ 28.8115, 41.001 ] ], [ [ 28.8108, 41.0365 ], [ 28.808603527106467, 41.043795427824946 ], [ 28.810970175059435, 41.027307780419278 ], [ 28.810995720930233, 41.02730111627907 ], [ 28.8108, 41.0365 ] ], [ [ 28.815298392282958, 41.023611575562704 ], [ 28.8133, 41.0267 ], [ 28.8142, 41.0242 ], [ 28.815298392282958, 41.023611575562704 ] ], [ [ 28.823066858789627, 41.019762247838614 ], [ 28.818485714285732, 41.021904081632648 ], [ 28.8226, 41.0197 ], [ 28.823066858789627, 41.019762247838614 ] ], [ [ 28.8588, 41.0199 ], [ 28.8584, 41.0203 ], [ 28.859117647058827, 41.019476470588231 ], [ 28.8588, 41.0199 ] ], [ [ 28.8632, 41.0191 ], [ 28.860559222042138, 41.017822204213942 ], [ 28.860686770800125, 41.017675836786744 ], [ 28.8632, 41.0191 ] ], [ [ 28.859071667880556, 41.026478295702837 ], [ 28.8591, 41.0256 ], [ 28.8632, 41.0191 ], [ 28.859071667880556, 41.026478295702837 ] ], [ [ 28.859, 41.0287 ], [ 28.85903015873016, 41.027765079365082 ], [ 28.8635, 41.03 ], [ 28.859, 41.0287 ] ], [ [ 28.8725, 41.0278 ], [ 28.872417262423713, 41.028449171752392 ], [ 28.8635, 41.03 ], [ 28.8725, 41.0278 ] ], [ [ 28.838432133676246, 40.992344730077114 ], [ 28.8495, 40.9917 ], [ 28.849949849332749, 40.991824833189838 ], [ 28.838432133676246, 40.992344730077114 ] ], [ [ 28.8864361702128, 41.001949787234054 ], [ 28.8895, 41.0028 ], [ 28.88996012601261, 41.003065706570666 ], [ 28.8864361702128, 41.001949787234054 ] ], [ [ 28.7432, 41.0637 ], [ 28.744850294695482, 41.061735363457757 ], [ 28.7448, 41.0621 ], [ 28.7432, 41.0637 ] ], [ [ 28.812198169934643, 41.062142875817003 ], [ 28.8116, 41.0613 ], [ 28.808, 41.048 ], [ 28.808202587151939, 41.046588642841485 ], [ 28.812198169934643, 41.062142875817003 ] ], [ [ 28.7452, 41.0592 ], [ 28.744984057971017, 41.060765579710143 ], [ 28.7421, 41.0568 ], [ 28.7452, 41.0592 ] ] ], [ [ [ 28.2418, 41.0724 ], [ 28.243, 41.0725 ], [ 28.2407, 41.0721 ], [ 28.2418, 41.0724 ] ] ], [ [ [ 28.3333, 41.4732 ], [ 28.3323, 41.472 ], [ 28.3332, 41.4733 ], [ 28.3333, 41.4732 ] ] ], [ [ [ 28.8756, 40.9701 ], [ 28.8743, 40.9711 ], [ 28.8756, 40.9702 ], [ 28.8756, 40.9701 ] ] ] ] } },
{ "type": "Feature", "properties": { "cevre_id": "IZMIR_1", "cevre_adi": "İzmir 1", "il": "IZMIR", "mv_sayisi": 14 }, "geometry": { "type": "MultiPolygon", "coordinates": [ [ [ [ 26.4371, 38.1878 ], [ 26.4402, 38.1863 ], [ 26.4399, 38.1832 ], [ 26.4375, 38.183 ], [ 26.4371, 38.1878 ] ] ], [ [ [ 26.4345, 38.1937 ], [ 26.431, 38.1937 ], [ 26.4279, 38.195 ], [ 26.4322, 38.1986 ], [ 26.4343, 38.1976 ], [ 26.4345, 38.1937 ] ] ], [ [ [ 26.4383, 38.1976 ], [ 26.4388, 38.1978 ], [ 26.4385, 38.1972 ], [ 26.4383, 38.1976 ] ] ], [ [ [ 26.4433, 38.2003 ], [ 26.4525, 38.2009 ], [ 26.4517, 38.1984 ], [ 26.4475, 38.1965 ], [ 26.4463, 38.1985 ], [ 26.4418, 38.1987 ], [ 26.4433, 38.2003 ] ] ], [ [ [ 26.4584, 38.1918 ], [ 26.4575, 38.1926 ], [ 26.4571, 38.1949 ], [ 26.4595, 38.1967 ], [ 26.462, 38.2039 ], [ 26.4587, 38.2055 ], [ 26.4545, 38.2018 ], [ 26.4518, 38.2016 ], [ 26.4515, 38.2091 ], [ 26.4456, 38.2096 ], [ 26.4392, 38.2131 ], [ 26.4443, 38.2168 ], [ 26.4428, 38.2185 ], [ 26.434, 38.2196 ], [ 26.4287, 38.2224 ], [ 26.4206, 38.2224 ], [ 26.4195, 38.2213 ], [ 26.4244, 38.2122 ], [ 26.4294, 38.2069 ], [ 26.4305, 38.1985 ], [ 26.4181, 38.2059 ], [ 26.4148, 38.2105 ], [ 26.4113, 38.2091 ], [ 26.4098, 38.2137 ], [ 26.3893, 38.2234 ], [ 26.3923, 38.2295 ], [ 26.3897, 38.2366 ], [ 26.3945, 38.2409 ], [ 26.3995, 38.241 ], [ 26.4021, 38.2445 ], [ 26.3998, 38.253 ], [ 26.3927, 38.2582 ], [ 26.3916, 38.2607 ], [ 26.3786, 38.2614 ], [ 26.3821, 38.2582 ], [ 26.3795, 38.2603 ], [ 26.3786, 38.2599 ], [ 26.381, 38.2567 ], [ 26.384, 38.2567 ], [ 26.3847, 38.2565 ], [ 26.3826, 38.2564 ], [ 26.3852, 38.2553 ], [ 26.3855, 38.254 ], [ 26.3831, 38.2553 ], [ 26.3848, 38.2539 ], [ 26.3839, 38.2531 ], [ 26.3866, 38.2535 ], [ 26.3845, 38.2514 ], [ 26.3861, 38.2461 ], [ 26.3796, 38.2456 ], [ 26.3769, 38.2408 ], [ 26.3737, 38.2405 ], [ 26.3738, 38.2369 ], [ 26.3709, 38.234 ], [ 26.3678, 38.2334 ], [ 26.3666, 38.2276 ], [ 26.3641, 38.2272 ], [ 26.3609, 38.2296 ], [ 26.359, 38.2278 ], [ 26.3563, 38.23 ], [ 26.3548, 38.2273 ], [ 26.3519, 38.2289 ], [ 26.3433, 38.2293 ], [ 26.341, 38.2271 ], [ 26.3388, 38.2277 ], [ 26.3389, 38.226 ], [ 26.3351, 38.2261 ], [ 26.3306, 38.2287 ], [ 26.3299, 38.2307 ], [ 26.3234, 38.2311 ], [ 26.3127, 38.2392 ], [ 26.3071, 38.2408 ], [ 26.3062, 38.2466 ], [ 26.3017, 38.2488 ], [ 26.3011, 38.2529 ], [ 26.3028, 38.2533 ], [ 26.3027, 38.2556 ], [ 26.2969, 38.2594 ], [ 26.2923, 38.2598 ], [ 26.2928, 38.2614 ], [ 26.2875, 38.2644 ], [ 26.2731, 38.2685 ], [ 26.2586, 38.27 ], [ 26.2526, 38.269 ], [ 26.2514, 38.2676 ], [ 26.2499, 38.269 ], [ 26.2455, 38.2677 ], [ 26.2446, 38.2648 ], [ 26.2415, 38.2634 ], [ 26.2322, 38.267 ], [ 26.2302, 38.2739 ], [ 26.2333, 38.2779 ], [ 26.2323, 38.2891 ], [ 26.2341, 38.2941 ], [ 26.2388, 38.2935 ], [ 26.2392, 38.2952 ], [ 26.243, 38.2941 ], [ 26.2448, 38.292 ], [ 26.2431, 38.2893 ], [ 26.2487, 38.2853 ], [ 26.2536, 38.2853 ], [ 26.2559, 38.2875 ], [ 26.2616, 38.2872 ], [ 26.2653, 38.2893 ], [ 26.2727, 38.2904 ], [ 26.2764, 38.2923 ], [ 26.2771, 38.2938 ], [ 26.2756, 38.2933 ], [ 26.2757, 38.2943 ], [ 26.2797, 38.2952 ], [ 26.2828, 38.3015 ], [ 26.2795, 38.315 ], [ 26.281, 38.3228 ], [ 26.2835, 38.3245 ], [ 26.2866, 38.3172 ], [ 26.2907, 38.3191 ], [ 26.2922, 38.3205 ], [ 26.2901, 38.3205 ], [ 26.2935, 38.3227 ], [ 26.2962, 38.3232 ], [ 26.2951, 38.3243 ], [ 26.2963, 38.3233 ], [ 26.298, 38.3245 ], [ 26.2968, 38.3233 ], [ 26.299, 38.3219 ], [ 26.2999, 38.3234 ], [ 26.2992, 38.3218 ], [ 26.3012, 38.3222 ], [ 26.3004, 38.3208 ], [ 26.3018, 38.3218 ], [ 26.3012, 38.32 ], [ 26.3026, 38.3209 ], [ 26.3017, 38.3197 ], [ 26.3033, 38.3209 ], [ 26.3009, 38.3229 ], [ 26.3023, 38.3235 ], [ 26.3003, 38.3265 ], [ 26.2956, 38.3283 ], [ 26.29, 38.3402 ], [ 26.2856, 38.3429 ], [ 26.2834, 38.3495 ], [ 26.2841, 38.3677 ], [ 26.2827, 38.3738 ], [ 26.2848, 38.3766 ], [ 26.2883, 38.3677 ], [ 26.2956, 38.3615 ], [ 26.2967, 38.3571 ], [ 26.3015, 38.3552 ], [ 26.3047, 38.3577 ], [ 26.302, 38.3637 ], [ 26.3048, 38.3641 ], [ 26.3057, 38.3677 ], [ 26.3094, 38.3681 ], [ 26.3108, 38.371 ], [ 26.3098, 38.3754 ], [ 26.3133, 38.3774 ], [ 26.3151, 38.3767 ], [ 26.3169, 38.3744 ], [ 26.3138, 38.3645 ], [ 26.3144, 38.3635 ], [ 26.3174, 38.364 ], [ 26.3187, 38.3617 ], [ 26.3158, 38.3598 ], [ 26.3172, 38.3575 ], [ 26.3117, 38.3545 ], [ 26.3114, 38.3528 ], [ 26.3134, 38.3526 ], [ 26.3136, 38.3549 ], [ 26.319, 38.358 ], [ 26.3227, 38.357 ], [ 26.3244, 38.3527 ], [ 26.3214, 38.3507 ], [ 26.323, 38.3463 ], [ 26.3186, 38.3479 ], [ 26.3158, 38.3471 ], [ 26.3173, 38.3408 ], [ 26.3136, 38.3405 ], [ 26.3118, 38.3384 ], [ 26.3165, 38.3366 ], [ 26.3192, 38.3295 ], [ 26.3257, 38.326 ], [ 26.3323, 38.3246 ], [ 26.3401, 38.3251 ], [ 26.342, 38.3324 ], [ 26.3446, 38.3336 ], [ 26.3444, 38.3251 ], [ 26.3445, 38.3248 ], [ 26.3449, 38.3248 ], [ 26.3458, 38.3238 ], [ 26.3448, 38.3247 ], [ 26.3438, 38.324 ], [ 26.3457, 38.3227 ], [ 26.3438, 38.3199 ], [ 26.3486, 38.3179 ], [ 26.3512, 38.3145 ], [ 26.3517, 38.3152 ], [ 26.3537, 38.3141 ], [ 26.3584, 38.3141 ], [ 26.3613, 38.3132 ], [ 26.359, 38.3137 ], [ 26.3586, 38.3118 ], [ 26.3606, 38.3123 ], [ 26.3581, 38.3109 ], [ 26.3631, 38.3077 ], [ 26.3662, 38.3075 ], [ 26.3817, 38.3109 ], [ 26.3847, 38.3156 ], [ 26.3853, 38.3177 ], [ 26.3832, 38.3209 ], [ 26.3858, 38.3221 ], [ 26.3857, 38.3281 ], [ 26.3885, 38.332 ], [ 26.387, 38.3327 ], [ 26.3856, 38.3314 ], [ 26.3825, 38.3378 ], [ 26.3832, 38.3467 ], [ 26.385, 38.3495 ], [ 26.3886, 38.345 ], [ 26.3869, 38.3371 ], [ 26.3888, 38.3369 ], [ 26.392, 38.3416 ], [ 26.3952, 38.3426 ], [ 26.4015, 38.3347 ], [ 26.4019, 38.3326 ], [ 26.3941, 38.3267 ], [ 26.3959, 38.321 ], [ 26.3971, 38.324 ], [ 26.403, 38.3233 ], [ 26.4018, 38.326 ], [ 26.404, 38.3257 ], [ 26.4036, 38.3273 ], [ 26.4064, 38.3288 ], [ 26.4067, 38.3276 ], [ 26.4089, 38.3279 ], [ 26.4093, 38.3318 ], [ 26.4132, 38.3314 ], [ 26.4136, 38.3332 ], [ 26.4178, 38.3332 ], [ 26.4188, 38.3311 ], [ 26.423, 38.3323 ], [ 26.4252, 38.3363 ], [ 26.4192, 38.3359 ], [ 26.4201, 38.339 ], [ 26.4231, 38.3376 ], [ 26.425, 38.3386 ], [ 26.4243, 38.3408 ], [ 26.4307, 38.341 ], [ 26.4349, 38.3459 ], [ 26.4397, 38.3439 ], [ 26.4445, 38.3485 ], [ 26.451, 38.3474 ], [ 26.4514, 38.3525 ], [ 26.4557, 38.3536 ], [ 26.4565, 38.3567 ], [ 26.462, 38.3588 ], [ 26.463, 38.3636 ], [ 26.4682, 38.3648 ], [ 26.4725, 38.3726 ], [ 26.4832, 38.3759 ], [ 26.483, 38.3781 ], [ 26.476, 38.3808 ], [ 26.4733, 38.3868 ], [ 26.4751, 38.3903 ], [ 26.4728, 38.3945 ], [ 26.4755, 38.397 ], [ 26.4757, 38.4022 ], [ 26.4672, 38.4128 ], [ 26.4644, 38.4119 ], [ 26.4638, 38.4096 ], [ 26.4593, 38.4099 ], [ 26.4624, 38.4154 ], [ 26.462, 38.4182 ], [ 26.4557, 38.4209 ], [ 26.4531, 38.4201 ], [ 26.4505, 38.4245 ], [ 26.451, 38.4278 ], [ 26.4605, 38.4258 ], [ 26.4629, 38.4239 ], [ 26.466, 38.4269 ], [ 26.4696, 38.427 ], [ 26.4851, 38.4111 ], [ 26.4848, 38.405 ], [ 26.488, 38.4013 ], [ 26.4969, 38.4014 ], [ 26.4987, 38.4045 ], [ 26.5018, 38.4047 ], [ 26.5039, 38.4104 ], [ 26.5014, 38.4129 ], [ 26.5014, 38.4154 ], [ 26.5035, 38.4138 ], [ 26.5067, 38.4142 ], [ 26.5118, 38.4206 ], [ 26.5103, 38.4244 ], [ 26.5163, 38.4286 ], [ 26.515, 38.432 ], [ 26.5059, 38.4363 ], [ 26.5019, 38.4424 ], [ 26.4972, 38.446 ], [ 26.4953, 38.4481 ], [ 26.4888, 38.4494 ], [ 26.4859, 38.453 ], [ 26.4759, 38.459 ], [ 26.4729, 38.4595 ], [ 26.4706, 38.4578 ], [ 26.4674, 38.4617 ], [ 26.4654, 38.4615 ], [ 26.465, 38.4634 ], [ 26.4605, 38.4635 ], [ 26.4541, 38.4688 ], [ 26.448, 38.4707 ], [ 26.4418, 38.4756 ], [ 26.4337, 38.4776 ], [ 26.4192, 38.476 ], [ 26.4187, 38.4733 ], [ 26.4148, 38.4718 ], [ 26.4151, 38.4696 ], [ 26.4135, 38.4689 ], [ 26.4134, 38.4646 ], [ 26.4154, 38.4621 ], [ 26.4131, 38.4578 ], [ 26.4085, 38.4552 ], [ 26.4073, 38.457 ], [ 26.405, 38.4566 ], [ 26.4017, 38.447 ], [ 26.3999, 38.4473 ], [ 26.3995, 38.4461 ], [ 26.396, 38.4473 ], [ 26.3952, 38.4462 ], [ 26.3969, 38.445 ], [ 26.3949, 38.4451 ], [ 26.3905, 38.4588 ], [ 26.3914, 38.4632 ], [ 26.3973, 38.468 ], [ 26.403, 38.4775 ], [ 26.4053, 38.4781 ], [ 26.4036, 38.4827 ], [ 26.4052, 38.4871 ], [ 26.4086, 38.4881 ], [ 26.4123, 38.4935 ], [ 26.4068, 38.4984 ], [ 26.4034, 38.4974 ], [ 26.4046, 38.5015 ], [ 26.4018, 38.5027 ], [ 26.401, 38.5054 ], [ 26.3958, 38.5041 ], [ 26.3892, 38.5058 ], [ 26.395, 38.508 ], [ 26.3927, 38.5099 ], [ 26.3935, 38.5145 ], [ 26.3897, 38.5169 ], [ 26.3918, 38.5182 ], [ 26.391, 38.5207 ], [ 26.3847, 38.5231 ], [ 26.3817, 38.5191 ], [ 26.3799, 38.523 ], [ 26.3769, 38.5236 ], [ 26.3775, 38.5266 ], [ 26.3754, 38.5307 ], [ 26.3718, 38.5309 ], [ 26.3735, 38.533 ], [ 26.3737, 38.5392 ], [ 26.3751, 38.5398 ], [ 26.3747, 38.5413 ], [ 26.3752, 38.5415 ], [ 26.3765, 38.5397 ], [ 26.3753, 38.5373 ], [ 26.38, 38.5307 ], [ 26.3781, 38.5298 ], [ 26.3788, 38.5242 ], [ 26.3807, 38.5233 ], [ 26.382, 38.5308 ], [ 26.3799, 38.5358 ], [ 26.3819, 38.5387 ], [ 26.3808, 38.5443 ], [ 26.3745, 38.5479 ], [ 26.3747, 38.5512 ], [ 26.3703, 38.556 ], [ 26.3688, 38.5559 ], [ 26.3707, 38.5579 ], [ 26.3701, 38.5603 ], [ 26.3636, 38.5628 ], [ 26.3621, 38.5664 ], [ 26.3597, 38.5667 ], [ 26.3629, 38.5678 ], [ 26.361, 38.5701 ], [ 26.3612, 38.5776 ], [ 26.3597, 38.5786 ], [ 26.3632, 38.5898 ], [ 26.3593, 38.5988 ], [ 26.3602, 38.6067 ], [ 26.3566, 38.6102 ], [ 26.3542, 38.6168 ], [ 26.358, 38.622 ], [ 26.3561, 38.6284 ], [ 26.3569, 38.6319 ], [ 26.3534, 38.6382 ], [ 26.3546, 38.6455 ], [ 26.3593, 38.6526 ], [ 26.3607, 38.6595 ], [ 26.3686, 38.6619 ], [ 26.3695, 38.664 ], [ 26.3718, 38.663 ], [ 26.3744, 38.6645 ], [ 26.3795, 38.6637 ], [ 26.3812, 38.6661 ], [ 26.398, 38.6672 ], [ 26.4173, 38.6805 ], [ 26.4272, 38.679 ], [ 26.4273, 38.6768 ], [ 26.4355, 38.6709 ], [ 26.4396, 38.6713 ], [ 26.4401, 38.6723 ], [ 26.4382, 38.672 ], [ 26.4412, 38.6731 ], [ 26.449, 38.6716 ], [ 26.4547, 38.6726 ], [ 26.4647, 38.6692 ], [ 26.4717, 38.6721 ], [ 26.473, 38.6748 ], [ 26.4759, 38.6744 ], [ 26.4895, 38.6619 ], [ 26.4918, 38.6635 ], [ 26.4914, 38.6615 ], [ 26.4995, 38.6571 ], [ 26.5019, 38.6528 ], [ 26.5136, 38.6471 ], [ 26.5158, 38.6475 ], [ 26.5166, 38.6481 ], [ 26.5155, 38.6478 ], [ 26.5172, 38.6515 ], [ 26.5185, 38.6498 ], [ 26.5205, 38.6497 ], [ 26.5206, 38.6509 ], [ 26.5225, 38.6501 ], [ 26.5246, 38.6452 ], [ 26.5283, 38.6441 ], [ 26.5277, 38.6419 ], [ 26.5232, 38.642 ], [ 26.5217, 38.6403 ], [ 26.5257, 38.6338 ], [ 26.5251, 38.6303 ], [ 26.5232, 38.6312 ], [ 26.5237, 38.6296 ], [ 26.5334, 38.6258 ], [ 26.5307, 38.6227 ], [ 26.5339, 38.6216 ], [ 26.5351, 38.6227 ], [ 26.5371, 38.6209 ], [ 26.5408, 38.6131 ], [ 26.5432, 38.6123 ], [ 26.5425, 38.6107 ], [ 26.5451, 38.6097 ], [ 26.5447, 38.6072 ], [ 26.5482, 38.6053 ], [ 26.5487, 38.6018 ], [ 26.5527, 38.6011 ], [ 26.5575, 38.6045 ], [ 26.5593, 38.6038 ], [ 26.5589, 38.6006 ], [ 26.5613, 38.6023 ], [ 26.5622, 38.6018 ], [ 26.5632, 38.5973 ], [ 26.5611, 38.5968 ], [ 26.5618, 38.5932 ], [ 26.5656, 38.5914 ], [ 26.5646, 38.587 ], [ 26.5669, 38.5829 ], [ 26.5652, 38.5815 ], [ 26.5674, 38.5805 ], [ 26.566, 38.58 ], [ 26.567, 38.575 ], [ 26.5654, 38.5734 ], [ 26.5676, 38.5713 ], [ 26.5668, 38.5688 ], [ 26.5695, 38.5681 ], [ 26.5669, 38.5651 ], [ 26.5698, 38.5609 ], [ 26.5693, 38.5589 ], [ 26.579, 38.5546 ], [ 26.5852, 38.5486 ], [ 26.5911, 38.5469 ], [ 26.5947, 38.5417 ], [ 26.5986, 38.5412 ], [ 26.6, 38.5382 ], [ 26.6017, 38.5389 ], [ 26.6023, 38.5353 ], [ 26.6054, 38.5327 ], [ 26.615, 38.5295 ], [ 26.6179, 38.5295 ], [ 26.6193, 38.5321 ], [ 26.6198, 38.5307 ], [ 26.6219, 38.5315 ], [ 26.6228, 38.5302 ], [ 26.6248, 38.5316 ], [ 26.6235, 38.529 ], [ 26.6253, 38.5279 ], [ 26.6231, 38.525 ], [ 26.6247, 38.5235 ], [ 26.6243, 38.5203 ], [ 26.6279, 38.5179 ], [ 26.6262, 38.5183 ], [ 26.6257, 38.517 ], [ 26.627, 38.5158 ], [ 26.6288, 38.5175 ], [ 26.6295, 38.5155 ], [ 26.6326, 38.5154 ], [ 26.6351, 38.5115 ], [ 26.6322, 38.5154 ], [ 26.6299, 38.5153 ], [ 26.6325, 38.5113 ], [ 26.6338, 38.5115 ], [ 26.6314, 38.5095 ], [ 26.6329, 38.5042 ], [ 26.632, 38.4978 ], [ 26.6414, 38.47 ], [ 26.6394, 38.4661 ], [ 26.6322, 38.4647 ], [ 26.6308, 38.463 ], [ 26.6271, 38.4702 ], [ 26.6201, 38.4728 ], [ 26.6098, 38.4715 ], [ 26.608, 38.4692 ], [ 26.6073, 38.4706 ], [ 26.6032, 38.4711 ], [ 26.5875, 38.47 ], [ 26.5865, 38.4688 ], [ 26.5975, 38.4675 ], [ 26.5908, 38.4629 ], [ 26.5885, 38.4628 ], [ 26.5898, 38.4598 ], [ 26.5918, 38.4605 ], [ 26.5971, 38.4585 ], [ 26.5984, 38.4615 ], [ 26.6026, 38.4579 ], [ 26.6041, 38.4513 ], [ 26.6017, 38.4494 ], [ 26.6025, 38.448 ], [ 26.5983, 38.4457 ], [ 26.6016, 38.4421 ], [ 26.601192391304345, 38.442072826086957 ], [ 26.6028, 38.4416 ], [ 26.6023, 38.4397 ], [ 26.6003, 38.4395 ], [ 26.5979, 38.4329 ], [ 26.5942, 38.4333 ], [ 26.5906, 38.4306 ], [ 26.5875, 38.4322 ], [ 26.584, 38.428 ], [ 26.5849, 38.4253 ], [ 26.5883, 38.4222 ], [ 26.5885, 38.4237 ], [ 26.5887, 38.4217 ], [ 26.6006, 38.4159 ], [ 26.605, 38.4201 ], [ 26.6111, 38.4226 ], [ 26.6109, 38.4196 ], [ 26.616, 38.4154 ], [ 26.6141, 38.4111 ], [ 26.6176, 38.4082 ], [ 26.617, 38.4033 ], [ 26.624, 38.3994 ], [ 26.625, 38.3947 ], [ 26.6229, 38.3925 ], [ 26.6263, 38.3902 ], [ 26.6297, 38.3834 ], [ 26.6292, 38.3836 ], [ 26.6287, 38.3832 ], [ 26.6284, 38.3833 ], [ 26.6281, 38.3831 ], [ 26.6295, 38.3832 ], [ 26.6308, 38.3804 ], [ 26.6399, 38.3788 ], [ 26.6443, 38.3721 ], [ 26.6451, 38.3577 ], [ 26.6438, 38.3513 ], [ 26.6405, 38.3482 ], [ 26.6437, 38.3399 ], [ 26.6523, 38.3375 ], [ 26.6549, 38.3348 ], [ 26.6527, 38.3333 ], [ 26.6542, 38.3325 ], [ 26.6534, 38.3297 ], [ 26.6562, 38.3304 ], [ 26.6583, 38.3265 ], [ 26.6653, 38.3231 ], [ 26.6664, 38.3175 ], [ 26.6744, 38.3113 ], [ 26.6816, 38.3103 ], [ 26.6922, 38.3118 ], [ 26.7019, 38.315 ], [ 26.7037, 38.3196 ], [ 26.7034, 38.3212 ], [ 26.6999, 38.3227 ], [ 26.7019, 38.3275 ], [ 26.7003, 38.3322 ], [ 26.6934, 38.3356 ], [ 26.6955, 38.3401 ], [ 26.6923, 38.3441 ], [ 26.687, 38.3471 ], [ 26.6804, 38.3481 ], [ 26.673, 38.3466 ], [ 26.6771, 38.3532 ], [ 26.6754, 38.3584 ], [ 26.6781, 38.3602 ], [ 26.684, 38.3546 ], [ 26.6832, 38.3516 ], [ 26.6845, 38.3504 ], [ 26.6887, 38.3513 ], [ 26.6807, 38.3658 ], [ 26.6825, 38.3673 ], [ 26.681, 38.3691 ], [ 26.6827, 38.3737 ], [ 26.6811, 38.3737 ], [ 26.6807, 38.3739 ], [ 26.6823, 38.3739 ], [ 26.682, 38.3751 ], [ 26.6805, 38.3752 ], [ 26.6811, 38.3747 ], [ 26.6812, 38.3741 ], [ 26.6811, 38.3741 ], [ 26.6754, 38.3823 ], [ 26.6755, 38.3922 ], [ 26.6791, 38.3952 ], [ 26.6782, 38.3973 ], [ 26.6844, 38.3997 ], [ 26.6861, 38.4025 ], [ 26.6861, 38.4054 ], [ 26.6829, 38.4096 ], [ 26.6841, 38.4117 ], [ 26.6865, 38.4112 ], [ 26.6845, 38.4124 ], [ 26.689, 38.4185 ], [ 26.6939, 38.4196 ], [ 26.6941, 38.4211 ], [ 26.6915, 38.4198 ], [ 26.6913, 38.42 ], [ 26.6966, 38.4237 ], [ 26.6968, 38.4258 ], [ 26.6999, 38.4256 ], [ 26.7004, 38.4282 ], [ 26.7052, 38.4294 ], [ 26.707, 38.4344 ], [ 26.7108, 38.4329 ], [ 26.7146, 38.4274 ], [ 26.7227, 38.4272 ], [ 26.7241, 38.429 ], [ 26.7218, 38.4301 ], [ 26.7226, 38.4325 ], [ 26.7197, 38.4357 ], [ 26.7207, 38.4369 ], [ 26.7251, 38.4357 ], [ 26.7266, 38.4319 ], [ 26.7312, 38.4304 ], [ 26.7288, 38.4263 ], [ 26.7326, 38.4221 ], [ 26.732, 38.4268 ], [ 26.7334, 38.4295 ], [ 26.7356, 38.4292 ], [ 26.7403, 38.4213 ], [ 26.7349, 38.4191 ], [ 26.7349, 38.4142 ], [ 26.7379, 38.4115 ], [ 26.7419, 38.4024 ], [ 26.7545, 38.3999 ], [ 26.7544, 38.3988 ], [ 26.7552, 38.398 ], [ 26.755, 38.3977 ], [ 26.7519, 38.3976 ], [ 26.7495, 38.4001 ], [ 26.7475, 38.3989 ], [ 26.7488, 38.3961 ], [ 26.751, 38.3954 ], [ 26.7511, 38.3946 ], [ 26.7508, 38.394 ], [ 26.7507, 38.3954 ], [ 26.749, 38.3952 ], [ 26.7485, 38.3935 ], [ 26.7535, 38.3882 ], [ 26.7623, 38.3842 ], [ 26.7609, 38.3817 ], [ 26.7628, 38.3786 ], [ 26.7613, 38.3765 ], [ 26.7622, 38.3718 ], [ 26.7662, 38.3668 ], [ 26.7689, 38.3652 ], [ 26.7713, 38.3654 ], [ 26.7728, 38.3648 ], [ 26.7707, 38.3651 ], [ 26.7714, 38.364 ], [ 26.7792, 38.3634 ], [ 26.7833, 38.3677 ], [ 26.7831, 38.371 ], [ 26.7858, 38.3734 ], [ 26.7841, 38.3749 ], [ 26.7874, 38.3778 ], [ 26.7922, 38.3754 ], [ 26.7886, 38.3741 ], [ 26.7876, 38.371 ], [ 26.78, 38.3641 ], [ 26.7899, 38.3582 ], [ 26.8018, 38.3552 ], [ 26.8068, 38.3566 ], [ 26.809, 38.3556 ], [ 26.8122, 38.3581 ], [ 26.8115, 38.3573 ], [ 26.8125, 38.3572 ], [ 26.8161, 38.3636 ], [ 26.817, 38.3626 ], [ 26.8189, 38.3646 ], [ 26.8208, 38.3644 ], [ 26.824, 38.3674 ], [ 26.8309, 38.3681 ], [ 26.8352, 38.3706 ], [ 26.855, 38.3735 ], [ 26.855207439446367, 38.373273702422146 ], [ 26.8551, 38.3736 ], [ 26.8606, 38.3734 ], [ 26.8635, 38.374 ], [ 26.8637, 38.3747 ], [ 26.8659, 38.3754 ], [ 26.8639, 38.374 ], [ 26.8706, 38.3748 ], [ 26.8936, 38.3799 ], [ 26.8949, 38.3788 ], [ 26.9015, 38.3791 ], [ 26.9231, 38.3849 ], [ 26.924345394252025, 38.38433957258659 ], [ 26.9244, 38.3846 ], [ 26.9345, 38.3836 ], [ 26.9557, 38.3913 ], [ 26.9769, 38.3957 ], [ 26.9774, 38.3969 ], [ 26.9809, 38.3966 ], [ 26.9985, 38.408 ], [ 26.997, 38.4067 ], [ 27.0042, 38.4092 ], [ 27.0101, 38.4088 ], [ 27.0171, 38.4154 ], [ 27.0173, 38.4182 ], [ 27.0209, 38.4154 ], [ 27.0182, 38.4152 ], [ 27.0214, 38.4153 ], [ 27.0223, 38.4139 ], [ 27.0345, 38.4137 ], [ 27.0329, 38.4126 ], [ 27.0356, 38.4108 ], [ 27.0407, 38.4112 ], [ 27.0391, 38.4125 ], [ 27.0421, 38.4127 ], [ 27.0408, 38.4124 ], [ 27.0411, 38.4113 ], [ 27.0462, 38.4126 ], [ 27.0517, 38.4127 ], [ 27.0461, 38.4121 ], [ 27.0459, 38.4091 ], [ 27.0541, 38.406 ], [ 27.058, 38.4069 ], [ 27.0573, 38.4131 ], [ 27.052, 38.4131 ], [ 27.0601, 38.415 ], [ 27.0666, 38.4072 ], [ 27.0715, 38.4057 ], [ 27.0699, 38.4045 ], [ 27.071075873015875, 38.40376507936508 ], [ 27.0712, 38.4039 ], [ 27.0758, 38.4013 ], [ 27.0868, 38.3986 ], [ 27.1001, 38.407 ], [ 27.1193, 38.411 ], [ 27.1229, 38.4171 ], [ 27.1292, 38.4221 ], [ 27.128, 38.4235 ], [ 27.1305, 38.4228 ], [ 27.133, 38.4284 ], [ 27.1316, 38.4292 ], [ 27.1339, 38.4293 ], [ 27.1429, 38.4427 ], [ 27.1462, 38.4426 ], [ 27.1458, 38.4443 ], [ 27.1488, 38.4472 ], [ 27.1472, 38.4425 ], [ 27.1514, 38.4427 ], [ 27.1547, 38.4475 ], [ 27.1592, 38.4456 ], [ 27.1573, 38.4427 ], [ 27.1594, 38.4409 ], [ 27.1593, 38.4418 ], [ 27.1624, 38.4465 ], [ 27.1628, 38.4464 ], [ 27.1627, 38.4417 ], [ 27.1666, 38.4399 ], [ 27.1686, 38.4445 ], [ 27.1657, 38.4487 ], [ 27.1707, 38.447 ], [ 27.1802, 38.449 ], [ 27.1806, 38.4322 ], [ 27.1779, 38.4218 ], [ 27.1806, 38.4193 ], [ 27.1865, 38.4175 ], [ 27.1866, 38.4076 ], [ 27.1894, 38.4081 ], [ 27.1855, 38.4063 ], [ 27.1814, 38.4066 ], [ 27.1891, 38.405 ], [ 27.197, 38.4083 ], [ 27.2071, 38.4083 ], [ 27.2115, 38.4065 ], [ 27.2125, 38.4056 ], [ 27.2098, 38.3988 ], [ 27.2152, 38.3925 ], [ 27.216, 38.3877 ], [ 27.2141, 38.3854 ], [ 27.2198, 38.3837 ], [ 27.2194, 38.3807 ], [ 27.2252, 38.3797 ], [ 27.234, 38.3712 ], [ 27.2368, 38.3721 ], [ 27.2376, 38.3641 ], [ 27.2398, 38.3632 ], [ 27.2482, 38.3658 ], [ 27.2483, 38.3684 ], [ 27.2456, 38.3702 ], [ 27.2505, 38.3713 ], [ 27.2414, 38.3766 ], [ 27.254, 38.3809 ], [ 27.2623, 38.38 ], [ 27.271, 38.3823 ], [ 27.2941, 38.3771 ], [ 27.3023, 38.3782 ], [ 27.3066, 38.3813 ], [ 27.3103, 38.3799 ], [ 27.3113, 38.3776 ], [ 27.3186, 38.3786 ], [ 27.3219, 38.3775 ], [ 27.3258, 38.3795 ], [ 27.3246, 38.3803 ], [ 27.3354, 38.379 ], [ 27.3407, 38.3743 ], [ 27.3332, 38.362 ], [ 27.3534, 38.3479 ], [ 27.3594, 38.3358 ], [ 27.3667, 38.33 ], [ 27.3621, 38.3278 ], [ 27.3588, 38.3224 ], [ 27.3613, 38.3263 ], [ 27.3658, 38.3277 ], [ 27.3724, 38.3262 ], [ 27.3784, 38.3215 ], [ 27.3894, 38.3216 ], [ 27.4003, 38.3159 ], [ 27.4118, 38.3139 ], [ 27.4143, 38.3092 ], [ 27.4163, 38.3112 ], [ 27.4366, 38.3056 ], [ 27.44, 38.3029 ], [ 27.4448, 38.3031 ], [ 27.4506, 38.2992 ], [ 27.4535, 38.2999 ], [ 27.4571, 38.2968 ], [ 27.4648, 38.2971 ], [ 27.4679, 38.2939 ], [ 27.4757, 38.2945 ], [ 27.4829, 38.2922 ], [ 27.4918, 38.2878 ], [ 27.4923, 38.2849 ], [ 27.4964, 38.2813 ], [ 27.499, 38.2736 ], [ 27.5028, 38.2709 ], [ 27.5062, 38.264 ], [ 27.5114, 38.265 ], [ 27.5153, 38.2634 ], [ 27.5171, 38.2554 ], [ 27.5229, 38.2505 ], [ 27.5194, 38.2355 ], [ 27.5103, 38.2273 ], [ 27.5056, 38.2273 ], [ 27.506, 38.2243 ], [ 27.5006, 38.2168 ], [ 27.4952, 38.2139 ], [ 27.491, 38.2158 ], [ 27.4865, 38.212 ], [ 27.4832, 38.2166 ], [ 27.4798, 38.2165 ], [ 27.4734, 38.2088 ], [ 27.4678, 38.2088 ], [ 27.4681, 38.1999 ], [ 27.4651, 38.1969 ], [ 27.4618, 38.1866 ], [ 27.4632, 38.1855 ], [ 27.4623, 38.1825 ], [ 27.4549, 38.1725 ], [ 27.4581, 38.1661 ], [ 27.4541, 38.1612 ], [ 27.4497, 38.1623 ], [ 27.4453, 38.1576 ], [ 27.4423, 38.1469 ], [ 27.4347, 38.133 ], [ 27.4389, 38.1321 ], [ 27.4519, 38.1355 ], [ 27.4696, 38.1367 ], [ 27.4685, 38.136 ], [ 27.4737, 38.1325 ], [ 27.4763, 38.1282 ], [ 27.4779, 38.1199 ], [ 27.4801, 38.1183 ], [ 27.4768, 38.1128 ], [ 27.4886, 38.1184 ], [ 27.4982, 38.1209 ], [ 27.4981, 38.1147 ], [ 27.5012, 38.1143 ], [ 27.5025, 38.1122 ], [ 27.5041, 38.1126 ], [ 27.5037, 38.1143 ], [ 27.5064, 38.1146 ], [ 27.508, 38.1092 ], [ 27.5166, 38.1108 ], [ 27.5175, 38.1059 ], [ 27.5196, 38.1061 ], [ 27.5198, 38.105 ], [ 27.5144, 38.102 ], [ 27.5176, 38.1005 ], [ 27.5125, 38.0883 ], [ 27.5145, 38.0832 ], [ 27.5145, 38.0739 ], [ 27.5049, 38.0732 ], [ 27.496, 38.0697 ], [ 27.4931, 38.0647 ], [ 27.4935, 38.0581 ], [ 27.4913, 38.0518 ], [ 27.4958, 38.0451 ], [ 27.4954, 38.0416 ], [ 27.4921, 38.0358 ], [ 27.4895, 38.0241 ], [ 27.4865, 38.0206 ], [ 27.4831, 38.0028 ], [ 27.4838, 37.999 ], [ 27.4898, 37.9932 ], [ 27.492, 37.9879 ], [ 27.4923, 37.9737 ], [ 27.4813, 37.9713 ], [ 27.4813, 37.9693 ], [ 27.4853, 37.9631 ], [ 27.4965, 37.9559 ], [ 27.4978, 37.945 ], [ 27.4694, 37.9316 ], [ 27.4569, 37.9311 ], [ 27.4562, 37.9275 ], [ 27.4601, 37.9192 ], [ 27.4707, 37.9073 ], [ 27.4694, 37.9032 ], [ 27.4654, 37.8991 ], [ 27.4565, 37.8947 ], [ 27.4601, 37.8779 ], [ 27.4449, 37.8537 ], [ 27.4469, 37.8454 ], [ 27.4581, 37.8356 ], [ 27.4561, 37.833 ], [ 27.4079, 37.8186 ], [ 27.396, 37.8186 ], [ 27.3861, 37.8294 ], [ 27.3835, 37.8366 ], [ 27.3824, 37.8504 ], [ 27.3803, 37.8559 ], [ 27.3767, 37.8594 ], [ 27.3445, 37.8739 ], [ 27.3314, 37.8774 ], [ 27.3129, 37.88 ], [ 27.2942, 37.8861 ], [ 27.2967, 37.8891 ], [ 27.3035, 37.8922 ], [ 27.2992, 37.8957 ], [ 27.3004, 37.9 ], [ 27.2911, 37.9071 ], [ 27.2907, 37.912 ], [ 27.2803, 37.9169 ], [ 27.2743, 37.922 ], [ 27.2763, 37.923 ], [ 27.2747, 37.9236 ], [ 27.2769, 37.9239 ], [ 27.2771, 37.9292 ], [ 27.2725, 37.9477 ], [ 27.2621, 37.9601 ], [ 27.2534, 37.9758 ], [ 27.2472, 37.9815 ], [ 27.2481, 37.9885 ], [ 27.2467, 37.9811 ], [ 27.2441, 37.9815 ], [ 27.242, 37.9801 ], [ 27.2418, 37.9836 ], [ 27.2371, 37.9862 ], [ 27.2352, 37.9858 ], [ 27.235, 37.9841 ], [ 27.2338, 37.9853 ], [ 27.2314, 37.984 ], [ 27.2302, 37.9857 ], [ 27.2225, 37.9879 ], [ 27.2222, 37.9894 ], [ 27.2186, 37.989 ], [ 27.216, 37.9928 ], [ 27.2127, 37.9924 ], [ 27.2116, 37.9907 ], [ 27.2054, 37.9926 ], [ 27.2031, 37.989 ], [ 27.1996, 37.9916 ], [ 27.1962, 37.9911 ], [ 27.1938, 37.9884 ], [ 27.1918, 37.9903 ], [ 27.1858, 37.9905 ], [ 27.1815, 37.9858 ], [ 27.1752, 37.9865 ], [ 27.1724, 37.9831 ], [ 27.1688, 37.9842 ], [ 27.1672, 37.9813 ], [ 27.1551, 37.9846 ], [ 27.1551, 37.9862 ], [ 27.1519, 37.9868 ], [ 27.1477, 37.9861 ], [ 27.1457, 37.9832 ], [ 27.142, 37.9848 ], [ 27.1413, 37.988 ], [ 27.1393, 37.9888 ], [ 27.1314, 37.9871 ], [ 27.1316, 37.99 ], [ 27.1253, 37.9938 ], [ 27.1211, 37.9945 ], [ 27.1191, 37.9924 ], [ 27.119, 37.9954 ], [ 27.1152, 37.9987 ], [ 27.1151, 38.0013 ], [ 27.1122, 38.0004 ], [ 27.1109, 38.0016 ], [ 27.1109, 38.006 ], [ 27.1086, 38.0059 ], [ 27.107, 38.0097 ], [ 27.1054, 38.0107 ], [ 27.105, 38.0098 ], [ 27.1022, 38.014 ], [ 27.0971, 38.0167 ], [ 27.0878, 38.0175 ], [ 27.0849, 38.0138 ], [ 27.0781, 38.0164 ], [ 27.0758, 38.0125 ], [ 27.0743, 38.0178 ], [ 27.0709, 38.0188 ], [ 27.0722, 38.0201 ], [ 27.0709, 38.0226 ], [ 27.073, 38.025 ], [ 27.0684, 38.0335 ], [ 27.0636, 38.0377 ], [ 27.0621, 38.0371 ], [ 27.0634, 38.0366 ], [ 27.0607, 38.0366 ], [ 27.0481, 38.049 ], [ 27.0379, 38.0529 ], [ 27.0167, 38.0549 ], [ 26.9979, 38.0651 ], [ 26.9937, 38.0696 ], [ 26.9779, 38.075 ], [ 26.978777101002308, 38.075822282189662 ], [ 26.9702, 38.0751 ], [ 26.9679, 38.072 ], [ 26.9654, 38.0747 ], [ 26.9594, 38.076 ], [ 26.9404, 38.0741 ], [ 26.8977, 38.0612 ], [ 26.8934, 38.0589 ], [ 26.8907, 38.056 ], [ 26.8919, 38.0553 ], [ 26.89, 38.0557 ], [ 26.8837, 38.0516 ], [ 26.8841, 38.0496 ], [ 26.8819, 38.049 ], [ 26.8812, 38.0466 ], [ 26.8811, 38.0435 ], [ 26.8827, 38.0428 ], [ 26.8756, 38.0379 ], [ 26.8766, 38.0342 ], [ 26.8738, 38.0332 ], [ 26.8719, 38.0301 ], [ 26.8679, 38.0333 ], [ 26.8664, 38.0286 ], [ 26.8642, 38.0286 ], [ 26.8669, 38.0315 ], [ 26.8646, 38.033 ], [ 26.8678, 38.0399 ], [ 26.8619, 38.0417 ], [ 26.8615, 38.0438 ], [ 26.8577, 38.0461 ], [ 26.8536, 38.0454 ], [ 26.8581, 38.0474 ], [ 26.8549, 38.0558 ], [ 26.8557, 38.0577 ], [ 26.8453, 38.0726 ], [ 26.8455, 38.0798 ], [ 26.8502, 38.0849 ], [ 26.8504, 38.092 ], [ 26.8485, 38.0955 ], [ 26.8514, 38.1011 ], [ 26.8418, 38.1132 ], [ 26.8404, 38.119 ], [ 26.8332, 38.1255 ], [ 26.83, 38.1243 ], [ 26.83, 38.1268 ], [ 26.833, 38.1257 ], [ 26.8344, 38.1268 ], [ 26.8334, 38.1287 ], [ 26.8364, 38.1287 ], [ 26.8366, 38.1318 ], [ 26.833, 38.1319 ], [ 26.833, 38.1356 ], [ 26.8296, 38.1373 ], [ 26.8302, 38.1391 ], [ 26.8224, 38.1406 ], [ 26.8196, 38.1439 ], [ 26.8198, 38.1466 ], [ 26.8234, 38.1486 ], [ 26.8223, 38.1514 ], [ 26.8251, 38.1558 ], [ 26.8244, 38.1582 ], [ 26.8142, 38.1635 ], [ 26.8141, 38.1652 ], [ 26.808, 38.1659 ], [ 26.8027, 38.1714 ], [ 26.7962, 38.1731 ], [ 26.7874, 38.1702 ], [ 26.785, 38.164 ], [ 26.7818, 38.1661 ], [ 26.7781, 38.1662 ], [ 26.7749, 38.1618 ], [ 26.7749, 38.1706 ], [ 26.7723, 38.1713 ], [ 26.7747, 38.1742 ], [ 26.7721, 38.1753 ], [ 26.77, 38.1741 ], [ 26.7679, 38.1758 ], [ 26.7699, 38.1765 ], [ 26.7726, 38.182 ], [ 26.7702, 38.1832 ], [ 26.77, 38.1859 ], [ 26.7717, 38.1869 ], [ 26.771, 38.1911 ], [ 26.7743, 38.192 ], [ 26.7726, 38.197 ], [ 26.7761, 38.1994 ], [ 26.7802, 38.196 ], [ 26.7829, 38.1958 ], [ 26.7809, 38.1953 ], [ 26.7813, 38.1917 ], [ 26.7828, 38.1907 ], [ 26.7821, 38.1941 ], [ 26.787, 38.1961 ], [ 26.7886, 38.2007 ], [ 26.7832, 38.2013 ], [ 26.7811, 38.2039 ], [ 26.7771, 38.2033 ], [ 26.7724, 38.2069 ], [ 26.7746, 38.2097 ], [ 26.7714, 38.2109 ], [ 26.77, 38.2145 ], [ 26.7672, 38.2137 ], [ 26.7666, 38.2172 ], [ 26.7622, 38.2151 ], [ 26.7588, 38.218 ], [ 26.7588, 38.2211 ], [ 26.7562, 38.2223 ], [ 26.7509, 38.2225 ], [ 26.7483, 38.2184 ], [ 26.7456, 38.2195 ], [ 26.7471, 38.2156 ], [ 26.7452, 38.2128 ], [ 26.7431, 38.2157 ], [ 26.7405, 38.2128 ], [ 26.736, 38.2163 ], [ 26.7345, 38.213 ], [ 26.7322, 38.2128 ], [ 26.7347, 38.2089 ], [ 26.7332, 38.2075 ], [ 26.731, 38.2072 ], [ 26.7261, 38.2098 ], [ 26.7225, 38.2078 ], [ 26.7224, 38.2114 ], [ 26.7201, 38.2116 ], [ 26.7181, 38.2088 ], [ 26.7162, 38.2114 ], [ 26.7125, 38.2101 ], [ 26.7105, 38.2122 ], [ 26.7081, 38.2109 ], [ 26.7059, 38.2116 ], [ 26.7061, 38.2086 ], [ 26.7027, 38.2071 ], [ 26.6971, 38.2115 ], [ 26.694, 38.2101 ], [ 26.6938, 38.2087 ], [ 26.6956, 38.2085 ], [ 26.6942, 38.2056 ], [ 26.6886, 38.2068 ], [ 26.6861, 38.2026 ], [ 26.6835, 38.2048 ], [ 26.687, 38.2066 ], [ 26.6857, 38.2089 ], [ 26.6824, 38.2116 ], [ 26.678, 38.2118 ], [ 26.6746, 38.2047 ], [ 26.6712, 38.2077 ], [ 26.6682, 38.2077 ], [ 26.6671, 38.2062 ], [ 26.6654, 38.2092 ], [ 26.662, 38.2087 ], [ 26.6598, 38.2103 ], [ 26.6565, 38.2073 ], [ 26.6532, 38.2102 ], [ 26.6506, 38.209 ], [ 26.6506, 38.2043 ], [ 26.6458, 38.2022 ], [ 26.6445, 38.2038 ], [ 26.6435, 38.2026 ], [ 26.6418, 38.2033 ], [ 26.6362, 38.2078 ], [ 26.6391, 38.2006 ], [ 26.6358, 38.1983 ], [ 26.6338, 38.2002 ], [ 26.6319, 38.1998 ], [ 26.6285, 38.1862 ], [ 26.6308, 38.1839 ], [ 26.6303, 38.1779 ], [ 26.633, 38.1743 ], [ 26.6308, 38.1682 ], [ 26.6333, 38.1673 ], [ 26.631, 38.161 ], [ 26.6288, 38.1611 ], [ 26.6266, 38.1466 ], [ 26.6234, 38.1441 ], [ 26.6237, 38.1385 ], [ 26.6184, 38.1396 ], [ 26.6163, 38.1371 ], [ 26.614, 38.1388 ], [ 26.6105, 38.1381 ], [ 26.608, 38.1419 ], [ 26.607, 38.1394 ], [ 26.6022, 38.1468 ], [ 26.6015, 38.147 ], [ 26.6045, 38.1376 ], [ 26.6073, 38.1348 ], [ 26.6129, 38.1353 ], [ 26.6099, 38.1267 ], [ 26.6145, 38.1141 ], [ 26.614, 38.1107 ], [ 26.6127, 38.1109 ], [ 26.6107, 38.107 ], [ 26.6081, 38.1053 ], [ 26.6058, 38.1058 ], [ 26.6042, 38.103 ], [ 26.5993, 38.1071 ], [ 26.5967, 38.1068 ], [ 26.592, 38.103 ], [ 26.5823, 38.1093 ], [ 26.5815, 38.1117 ], [ 26.5851, 38.1152 ], [ 26.5835, 38.1177 ], [ 26.5843, 38.1256 ], [ 26.5821, 38.1263 ], [ 26.5777, 38.1367 ], [ 26.5733, 38.1393 ], [ 26.5715, 38.1438 ], [ 26.5698, 38.1429 ], [ 26.5625, 38.1441 ], [ 26.5662, 38.1391 ], [ 26.5666, 38.1365 ], [ 26.5651, 38.136 ], [ 26.5666, 38.1315 ], [ 26.5648, 38.1279 ], [ 26.5668, 38.1263 ], [ 26.5642, 38.1207 ], [ 26.5626, 38.1194 ], [ 26.5605, 38.1201 ], [ 26.5606, 38.1178 ], [ 26.553, 38.1179 ], [ 26.5528, 38.1224 ], [ 26.5436, 38.1203 ], [ 26.5441, 38.1257 ], [ 26.5458, 38.1268 ], [ 26.542, 38.1277 ], [ 26.5414, 38.1302 ], [ 26.5347, 38.1268 ], [ 26.5313, 38.128 ], [ 26.5313, 38.1347 ], [ 26.5293, 38.1373 ], [ 26.5329, 38.1389 ], [ 26.5217, 38.1419 ], [ 26.5208, 38.1502 ], [ 26.5216, 38.1521 ], [ 26.5241, 38.1525 ], [ 26.5217, 38.1537 ], [ 26.524, 38.1545 ], [ 26.521, 38.1552 ], [ 26.5197, 38.1593 ], [ 26.5162, 38.1609 ], [ 26.5123, 38.166 ], [ 26.5141, 38.1703 ], [ 26.5173, 38.1688 ], [ 26.5189, 38.1642 ], [ 26.5209, 38.168 ], [ 26.5168, 38.1756 ], [ 26.5188, 38.1806 ], [ 26.5231, 38.1818 ], [ 26.5234, 38.1831 ], [ 26.5217, 38.1823 ], [ 26.5191, 38.1839 ], [ 26.5183, 38.1877 ], [ 26.5054, 38.1756 ], [ 26.5024, 38.1783 ], [ 26.501, 38.1836 ], [ 26.4969, 38.1777 ], [ 26.497, 38.1795 ], [ 26.493, 38.1818 ], [ 26.4875, 38.1829 ], [ 26.4867, 38.1864 ], [ 26.4926, 38.1917 ], [ 26.491, 38.1954 ], [ 26.4883, 38.1955 ], [ 26.4867, 38.192 ], [ 26.4792, 38.1906 ], [ 26.476, 38.1918 ], [ 26.4735, 38.1901 ], [ 26.4696, 38.1905 ], [ 26.4672, 38.193 ], [ 26.4635, 38.1953 ], [ 26.4584, 38.1918 ] ], [ [ 26.505098163115353, 38.451321675238795 ], [ 26.5049, 38.4518 ], [ 26.5034, 38.4521 ], [ 26.505098163115353, 38.451321675238795 ] ], [ [ 26.5744, 38.4377 ], [ 26.5678, 38.4396 ], [ 26.567629096045195, 38.43884313962873 ], [ 26.5744, 38.4377 ] ], [ [ 26.8108, 38.2963 ], [ 26.811863826366558, 38.294827009646305 ], [ 26.8095, 38.302 ], [ 26.8108, 38.2963 ] ], [ [ 26.8147, 38.2909 ], [ 26.8233, 38.2867 ], [ 26.813522202327665, 38.292530796777079 ], [ 26.8147, 38.2909 ] ], [ [ 26.8818, 38.3017 ], [ 26.884911039794602, 38.301615917843392 ], [ 26.8787, 38.3036 ], [ 26.8818, 38.3017 ] ], [ [ 26.8889, 38.299 ], [ 26.8859, 38.3013 ], [ 26.885886788990831, 38.301304220183482 ], [ 26.8889, 38.299 ] ], [ [ 26.7618, 38.2369 ], [ 26.7584, 38.2325 ], [ 26.7831, 38.2573 ], [ 26.7618, 38.2369 ] ], [ [ 26.5121, 38.2628 ], [ 26.513098523985242, 38.265064944649453 ], [ 26.5061, 38.2569 ], [ 26.5121, 38.2628 ] ], [ [ 26.948376831345826, 38.305695229982959 ], [ 26.9482, 38.2965 ], [ 26.9494, 38.3043 ], [ 26.948376831345826, 38.305695229982959 ] ], [ [ 26.9515, 38.3069 ], [ 26.942528235294137, 38.30843176470588 ], [ 26.947278853046591, 38.307192473118278 ], [ 26.9472, 38.3073 ], [ 26.9515, 38.3069 ] ], [ [ 26.959457513348607, 38.301778718535473 ], [ 26.958928361344526, 38.301817436974794 ], [ 26.9591, 38.3017 ], [ 26.959457513348607, 38.301778718535473 ] ], [ [ 26.9651, 38.3039 ], [ 26.963337147786078, 38.302632949971247 ], [ 26.97, 38.3041 ], [ 26.9651, 38.3039 ] ], [ [ 27.092929967426709, 38.301917589576547 ], [ 27.09230420757363, 38.299944039270684 ], [ 27.0933, 38.3009 ], [ 27.092929967426709, 38.301917589576547 ] ], [ [ 27.1228, 38.3003 ], [ 27.1127, 38.2972 ], [ 27.123285602094246, 38.300140445026173 ], [ 27.1228, 38.3003 ] ], [ [ 27.146450704225348, 38.282008450704232 ], [ 27.1425, 38.2907 ], [ 27.146, 38.2826 ], [ 27.146450704225348, 38.282008450704232 ] ], [ [ 27.166289189680231, 38.266649182412792 ], [ 27.165046751968504, 38.266909940944885 ], [ 27.1663, 38.2665 ], [ 27.166289189680231, 38.266649182412792 ] ], [ [ 27.1961, 38.2909 ], [ 27.1768, 38.2836 ], [ 27.196891793041928, 38.291060243829918 ], [ 27.1961, 38.2909 ] ], [ [ 27.208, 38.2836 ], [ 27.210953640185885, 38.287268732020358 ], [ 27.209688235294113, 38.28831406649617 ], [ 27.2104, 38.2872 ], [ 27.208, 38.2836 ] ], [ [ 27.214496590909089, 38.277845454545457 ], [ 27.214122929936302, 38.278443312101913 ], [ 27.2139, 38.2783 ], [ 27.214496590909089, 38.277845454545457 ] ], [ [ 27.217681902792183, 38.276197001034113 ], [ 27.215742372881351, 38.276896287328491 ], [ 27.216, 38.2767 ], [ 27.217681902792183, 38.276197001034113 ] ], [ [ 27.2289, 38.2721 ], [ 27.229251536435477, 38.272025636523267 ], [ 27.228655469703114, 38.272240544936977 ], [ 27.2444, 38.2621 ], [ 27.2289, 38.2721 ] ], [ [ 27.251424767801858, 38.256521671826626 ], [ 27.2479, 38.2566 ], [ 27.2506, 38.2558 ], [ 27.251424767801858, 38.256521671826626 ] ], [ [ 27.2524, 38.2565 ], [ 27.251866790094887, 38.256511849109003 ], [ 27.2476, 38.2477 ], [ 27.2524, 38.2565 ] ], [ [ 27.2938, 38.1365 ], [ 27.2887, 38.132 ], [ 27.294032217573221, 38.136443514644348 ], [ 27.2938, 38.1365 ] ], [ [ 27.2975, 38.1356 ], [ 27.295678461538465, 38.136043076923073 ], [ 27.297472616136918, 38.135523716381414 ], [ 27.2975, 38.1356 ] ], [ [ 27.298889278350526, 38.130525567010309 ], [ 27.2961, 38.1317 ], [ 27.2973, 38.1307 ], [ 27.298889278350526, 38.130525567010309 ] ], [ [ 27.311, 38.1214 ], [ 27.3117, 38.122 ], [ 27.3117, 38.1221 ], [ 27.3074, 38.1207 ], [ 27.311, 38.1214 ] ], [ [ 27.3138, 38.1055 ], [ 27.313317161016951, 38.106050211864407 ], [ 27.3097, 38.1045 ], [ 27.3138, 38.1055 ] ], [ [ 27.3028, 38.0832 ], [ 27.302007462686564, 38.083173134328355 ], [ 27.3063, 38.0821 ], [ 27.3028, 38.0832 ] ], [ [ 27.3054, 38.0778 ], [ 27.3069, 38.0798 ], [ 27.3063, 38.0821 ], [ 27.3054, 38.0778 ] ], [ [ 27.3028, 38.0725 ], [ 27.3033, 38.0788 ], [ 27.301620540699382, 38.071551807228914 ], [ 27.3028, 38.0725 ] ], [ [ 27.295373016949156, 38.066529288135598 ], [ 27.29902892223738, 38.069468349249661 ], [ 27.297, 38.0685 ], [ 27.295373016949156, 38.066529288135598 ] ], [ [ 27.2787, 38.0031 ], [ 27.3298, 38.0311 ], [ 27.284, 38.0062 ], [ 27.2603, 37.9949 ], [ 27.2787, 38.0031 ] ], [ [ 26.923284397163123, 38.379279432624109 ], [ 26.9231, 38.3788 ], [ 26.923156630365153, 38.37867008327995 ], [ 26.923284397163123, 38.379279432624109 ] ], [ [ 26.9417, 38.3628 ], [ 26.946769073569484, 38.363848773841958 ], [ 26.9455, 38.3643 ], [ 26.9417, 38.3628 ] ], [ [ 26.948863157894742, 38.363104210526309 ], [ 26.950050632911392, 38.362323869801088 ], [ 26.95, 38.3627 ], [ 26.948863157894742, 38.363104210526309 ] ], [ [ 26.952058630952383, 38.356388392857141 ], [ 26.95155463137996, 38.35680075614367 ], [ 26.9516, 38.3564 ], [ 26.9503, 38.355 ], [ 26.952058630952383, 38.356388392857141 ] ], [ [ 27.0312234375, 38.382685156249998 ], [ 27.032040540540539, 38.383910810810811 ], [ 27.031, 38.3829 ], [ 27.0312234375, 38.382685156249998 ] ], [ [ 27.03258173076923, 38.384436538461536 ], [ 27.033320689655174, 38.382958620689656 ], [ 27.0345, 38.3863 ], [ 27.03258173076923, 38.384436538461536 ] ], [ [ 27.0308, 38.391 ], [ 27.0286, 38.3928 ], [ 27.0345, 38.3863 ], [ 27.0308, 38.391 ] ], [ [ 27.03336, 38.38288 ], [ 27.0334, 38.3828 ], [ 27.0366, 38.3818 ], [ 27.03336, 38.38288 ] ], [ [ 27.063916847826086, 38.368797010869564 ], [ 27.064, 38.3687 ], [ 27.0675, 38.3704 ], [ 27.063916847826086, 38.368797010869564 ] ], [ [ 27.0684, 38.3695 ], [ 27.070325925925925, 38.371522222222225 ], [ 27.0702, 38.3716 ], [ 27.0684, 38.3695 ] ], [ [ 27.0671, 38.3867 ], [ 27.0652, 38.3971 ], [ 27.0648, 38.3958 ], [ 27.0671, 38.3867 ] ], [ [ 27.069495890410959, 38.397626027397258 ], [ 27.069562663185383, 38.39763420365535 ], [ 27.069489955780163, 38.397663613392297 ], [ 27.069495890410959, 38.397626027397258 ] ], [ [ 27.1381, 38.3943 ], [ 27.1372, 38.3906 ], [ 27.140602673796788, 38.398445053475925 ], [ 27.1381, 38.3943 ] ], [ [ 27.140946301131418, 38.399014186248912 ], [ 27.1449, 38.4021 ], [ 27.1413, 38.3996 ], [ 27.140946301131418, 38.399014186248912 ] ], [ [ 27.165007908163268, 38.40593992346939 ], [ 27.168357811120909, 38.406828375992937 ], [ 27.1658, 38.4066 ], [ 27.165007908163268, 38.40593992346939 ] ], [ [ 27.1708, 38.4083 ], [ 27.171163723608444, 38.407572552783108 ], [ 27.1773, 38.4092 ], [ 27.1724, 38.4087 ], [ 27.1708, 38.4083 ] ], [ [ 27.2341, 38.271 ], [ 27.2413, 38.2717 ], [ 27.229867032967029, 38.271895435333896 ], [ 27.2341, 38.271 ] ], [ [ 27.2649, 38.2745 ], [ 27.26544460580913, 38.275037344398342 ], [ 27.2618, 38.2757 ], [ 27.2649, 38.2745 ] ], [ [ 27.2979, 38.2894 ], [ 27.298106463878327, 38.289744106463878 ], [ 27.2952, 38.2901 ], [ 27.2979, 38.2894 ] ], [ [ 27.298976519337018, 38.289637569060773 ], [ 27.299, 38.2896 ], [ 27.2996, 38.2894 ], [ 27.3001, 38.2895 ], [ 27.298976519337018, 38.289637569060773 ] ], [ [ 27.3208, 38.2849 ], [ 27.320864516129028, 38.284948387096776 ], [ 27.320808196721309, 38.284954644808742 ], [ 27.3208, 38.2849 ] ], [ [ 27.323835294117654, 38.287176470588236 ], [ 27.3233, 38.2871 ], [ 27.323145762711864, 38.286659322033898 ], [ 27.323835294117654, 38.287176470588236 ] ], [ [ 27.3347, 38.2864 ], [ 27.3261, 38.2875 ], [ 27.325721925133678, 38.287445989304814 ], [ 27.3347, 38.2864 ] ], [ [ 27.3538, 38.2862 ], [ 27.353921951219512, 38.286321951219513 ], [ 27.3485, 38.2848 ], [ 27.3538, 38.2862 ] ], [ [ 26.894413606557379, 38.306652131147537 ], [ 26.8943, 38.3069 ], [ 26.8901, 38.3063 ], [ 26.894413606557379, 38.306652131147537 ] ], [ [ 26.9053, 38.2993 ], [ 26.917, 38.3005 ], [ 26.905275779816513, 38.29930770642202 ], [ 26.9053, 38.2993 ] ], [ [ 26.934346025104603, 38.30855732217573 ], [ 26.9338, 38.3088 ], [ 26.9337, 38.3067 ], [ 26.934346025104603, 38.30855732217573 ] ], [ [ 26.9361, 38.3076 ], [ 26.936279061371842, 38.30769819494585 ], [ 26.935687096774192, 38.307961290322581 ], [ 26.9361, 38.3076 ] ], [ [ 26.939278332354668, 38.309279565472693 ], [ 26.945, 38.3297 ], [ 26.9392, 38.3093 ], [ 26.939278332354668, 38.309279565472693 ] ], [ [ 27.08964, 38.308292 ], [ 27.090943902439022, 38.307379268292685 ], [ 27.0909, 38.3075 ], [ 27.08964, 38.308292 ] ], [ [ 27.0759, 38.3143 ], [ 27.085319483101401, 38.311007753479117 ], [ 27.0839, 38.3119 ], [ 27.0759, 38.3143 ] ], [ [ 27.1344, 38.3622 ], [ 27.1322, 38.361 ], [ 27.136662871707742, 38.362036023789294 ], [ 27.1344, 38.3622 ] ], [ [ 27.139272972972972, 38.360827027027028 ], [ 27.1395, 38.3614 ], [ 27.140560714285709, 38.361753571428572 ], [ 27.138173437499997, 38.361926562500003 ], [ 27.139272972972972, 38.360827027027028 ] ], [ [ 27.1373, 38.3461 ], [ 27.14250193236715, 38.345937439613529 ], [ 27.1424, 38.3466 ], [ 27.137286687797147, 38.346410618066564 ], [ 27.1373, 38.3461 ] ], [ [ 27.2268, 38.3063 ], [ 27.2239, 38.3082 ], [ 27.227079714738512, 38.30523708399366 ], [ 27.2268, 38.3063 ] ], [ [ 27.2278, 38.3025 ], [ 27.227540048250905, 38.303487816646559 ], [ 27.2175, 38.2954 ], [ 27.2278, 38.3025 ] ], [ [ 26.938184, 38.347516 ], [ 26.945, 38.3549 ], [ 26.9378, 38.3475 ], [ 26.938184, 38.347516 ] ], [ [ 27.141158426966292, 38.361952808988768 ], [ 27.1413, 38.362 ], [ 27.1357, 38.3717 ], [ 27.141158426966292, 38.361952808988768 ] ], [ [ 27.1419, 38.3804 ], [ 27.1424, 38.3837 ], [ 27.142387695220066, 38.383716327496451 ], [ 27.1419, 38.3804 ] ] ], [ [ [ 26.2878, 38.3823 ], [ 26.2889, 38.382 ], [ 26.2907, 38.3791 ], [ 26.2892, 38.3787 ], [ 26.2878, 38.3823 ] ] ], [ [ [ 26.4347, 38.3829 ], [ 26.4349, 38.3836 ], [ 26.4354, 38.3828 ], [ 26.4347, 38.3829 ] ] ], [ [ [ 26.4368, 38.3863 ], [ 26.437, 38.3875 ], [ 26.4376, 38.3865 ], [ 26.4368, 38.3863 ] ] ], [ [ [ 26.424, 38.3865 ], [ 26.4233, 38.3867 ], [ 26.4242, 38.3874 ], [ 26.424, 38.3865 ] ] ], [ [ [ 26.2733, 38.3884 ], [ 26.2754, 38.3875 ], [ 26.2734, 38.3867 ], [ 26.2716, 38.3878 ], [ 26.2733, 38.3884 ] ] ], [ [ [ 26.4285, 38.3881 ], [ 26.4289, 38.3892 ], [ 26.4292, 38.388 ], [ 26.4285, 38.3881 ] ] ], [ [ [ 26.2833, 38.3905 ], [ 26.2873, 38.3868 ], [ 26.2861, 38.3866 ], [ 26.2828, 38.39 ], [ 26.2816, 38.3896 ], [ 26.2805, 38.3916 ], [ 26.2833, 38.3905 ] ] ], [ [ [ 26.4281, 38.3905 ], [ 26.4293, 38.3915 ], [ 26.429, 38.3901 ], [ 26.4284, 38.3898 ], [ 26.4281, 38.3905 ] ] ], [ [ [ 26.2804, 38.3955 ], [ 26.2818, 38.395 ], [ 26.2807, 38.3944 ], [ 26.2802, 38.3945 ], [ 26.2804, 38.3955 ] ] ], [ [ [ 26.3132, 38.4183 ], [ 26.3152, 38.4165 ], [ 26.3119, 38.4149 ], [ 26.3085, 38.4179 ], [ 26.3132, 38.4183 ] ] ], [ [ [ 26.3087, 38.4231 ], [ 26.3104, 38.4198 ], [ 26.3089, 38.4199 ], [ 26.307, 38.4235 ], [ 26.3087, 38.4231 ] ] ], [ [ [ 26.3436, 38.4235 ], [ 26.3441, 38.4231 ], [ 26.3444, 38.4219 ], [ 26.3425, 38.4215 ], [ 26.3436, 38.4235 ] ] ], [ [ [ 26.3238, 38.4235 ], [ 26.3234, 38.4226 ], [ 26.3232, 38.4235 ], [ 26.3238, 38.4235 ] ] ], [ [ [ 26.3654, 38.4278 ], [ 26.3658, 38.4273 ], [ 26.3653, 38.4268 ], [ 26.3654, 38.4278 ] ] ], [ [ [ 26.3818, 38.4349 ], [ 26.3849, 38.4358 ], [ 26.3883, 38.4331 ], [ 26.386, 38.4331 ], [ 26.3849, 38.431 ], [ 26.3891, 38.4248 ], [ 26.3878, 38.4223 ], [ 26.3836, 38.4229 ], [ 26.3802, 38.4258 ], [ 26.3765, 38.4254 ], [ 26.3773, 38.4272 ], [ 26.3731, 38.4272 ], [ 26.3745, 38.4292 ], [ 26.3736, 38.4319 ], [ 26.3815, 38.4326 ], [ 26.3818, 38.4349 ] ] ], [ [ [ 26.3733, 38.4348 ], [ 26.371, 38.4297 ], [ 26.3679, 38.4277 ], [ 26.368, 38.4371 ], [ 26.3694, 38.4378 ], [ 26.3733, 38.4348 ] ] ], [ [ [ 26.3262, 38.4357 ], [ 26.3268, 38.4349 ], [ 26.3261, 38.435 ], [ 26.3262, 38.4357 ] ] ], [ [ [ 26.3491, 38.4277 ], [ 26.3516, 38.4325 ], [ 26.3473, 38.4307 ], [ 26.3454, 38.4276 ], [ 26.3432, 38.4305 ], [ 26.3408, 38.4304 ], [ 26.3402, 38.4248 ], [ 26.3385, 38.4234 ], [ 26.3374, 38.4283 ], [ 26.3348, 38.4289 ], [ 26.3347, 38.423 ], [ 26.3313, 38.4229 ], [ 26.3276, 38.4273 ], [ 26.3296, 38.4341 ], [ 26.3274, 38.4379 ], [ 26.3258, 38.4379 ], [ 26.3253, 38.4409 ], [ 26.3279, 38.4416 ], [ 26.3291, 38.4441 ], [ 26.3437, 38.4477 ], [ 26.3491, 38.4538 ], [ 26.3596, 38.4564 ], [ 26.3611, 38.4525 ], [ 26.3597, 38.4491 ], [ 26.3619, 38.4484 ], [ 26.363, 38.4457 ], [ 26.3603, 38.4397 ], [ 26.3588, 38.4419 ], [ 26.3579, 38.4409 ], [ 26.3585, 38.435 ], [ 26.3575, 38.4336 ], [ 26.3558, 38.434 ], [ 26.3578, 38.429 ], [ 26.3539, 38.4255 ], [ 26.3491, 38.4277 ] ] ], [ [ [ 26.4772, 38.1898 ], [ 26.4772, 38.189 ], [ 26.477, 38.189 ], [ 26.4772, 38.1898 ] ] ], [ [ [ 26.6744, 38.3295 ], [ 26.6744, 38.3324 ], [ 26.6782, 38.3338 ], [ 26.6795, 38.3302 ], [ 26.6744, 38.3295 ] ] ], [ [ [ 26.4539, 38.3685 ], [ 26.4581, 38.3625 ], [ 26.4578, 38.3604 ], [ 26.453, 38.3597 ], [ 26.4463, 38.3645 ], [ 26.4497, 38.3675 ], [ 26.4539, 38.3685 ] ] ], [ [ [ 26.467, 38.3719 ], [ 26.467, 38.3725 ], [ 26.4673, 38.3717 ], [ 26.467, 38.3719 ] ] ], [ [ [ 26.4696, 38.3765 ], [ 26.4701, 38.3766 ], [ 26.47, 38.3757 ], [ 26.4696, 38.3765 ] ] ], [ [ [ 26.4619, 38.3746 ], [ 26.4664, 38.3823 ], [ 26.4665, 38.3754 ], [ 26.4619, 38.3746 ] ] ], [ [ [ 26.4594, 38.3791 ], [ 26.4585, 38.3786 ], [ 26.4585, 38.3805 ], [ 26.4594, 38.3791 ] ] ], [ [ [ 26.4478, 38.389 ], [ 26.449, 38.3901 ], [ 26.4505, 38.387 ], [ 26.4497, 38.386 ], [ 26.4478, 38.389 ] ] ], [ [ [ 26.4491, 38.3951 ], [ 26.4488, 38.3924 ], [ 26.4469, 38.3913 ], [ 26.4491, 38.3951 ] ] ], [ [ [ 26.4644, 38.4025 ], [ 26.4663, 38.3926 ], [ 26.468, 38.3914 ], [ 26.4668, 38.3878 ], [ 26.4647, 38.3873 ], [ 26.4621, 38.3957 ], [ 26.4625, 38.4008 ], [ 26.4644, 38.4025 ] ] ], [ [ [ 26.4496, 38.3975 ], [ 26.4492, 38.3982 ], [ 26.45, 38.3981 ], [ 26.4496, 38.3975 ] ] ], [ [ [ 26.4676, 38.3968 ], [ 26.4688, 38.4006 ], [ 26.469, 38.3975 ], [ 26.4676, 38.3968 ] ] ], [ [ [ 26.4901, 38.4034 ], [ 26.4904, 38.4054 ], [ 26.4929, 38.4046 ], [ 26.4904, 38.4032 ], [ 26.4901, 38.4034 ] ] ], [ [ [ 26.4599, 38.4045 ], [ 26.4603, 38.4048 ], [ 26.4604, 38.4044 ], [ 26.4599, 38.4045 ] ] ], [ [ [ 26.7671, 38.4121 ], [ 26.7665, 38.4128 ], [ 26.7675, 38.4127 ], [ 26.7671, 38.4121 ] ] ], [ [ [ 26.7648, 38.4131 ], [ 26.7646, 38.4131 ], [ 26.7645, 38.4137 ], [ 26.7648, 38.4131 ] ] ], [ [ [ 26.5086, 38.4247 ], [ 26.5077, 38.4252 ], [ 26.5085, 38.4256 ], [ 26.5086, 38.4247 ] ] ], [ [ [ 26.6967, 38.4732 ], [ 26.6952, 38.4747 ], [ 26.6966, 38.4751 ], [ 26.6967, 38.4732 ] ] ], [ [ [ 26.7241, 38.4625 ], [ 26.7282, 38.4705 ], [ 26.7258, 38.4732 ], [ 26.7235, 38.4716 ], [ 26.7159, 38.4744 ], [ 26.714, 38.4777 ], [ 26.7061, 38.4793 ], [ 26.7034, 38.4783 ], [ 26.7023, 38.4748 ], [ 26.6937, 38.4784 ], [ 26.6946, 38.491 ], [ 26.6927, 38.4969 ], [ 26.6959, 38.5079 ], [ 26.6936, 38.5122 ], [ 26.6947, 38.5182 ], [ 26.6955, 38.5205 ], [ 26.6974, 38.5193 ], [ 26.7024, 38.5218 ], [ 26.7022, 38.533 ], [ 26.7049, 38.5335 ], [ 26.7065, 38.536 ], [ 26.7058, 38.5383 ], [ 26.7026, 38.541 ], [ 26.701, 38.5407 ], [ 26.6976, 38.5474 ], [ 26.7017, 38.5424 ], [ 26.7055, 38.5412 ], [ 26.7054, 38.5435 ], [ 26.7142, 38.5417 ], [ 26.7191, 38.5359 ], [ 26.7215, 38.5359 ], [ 26.7206, 38.5335 ], [ 26.725, 38.5337 ], [ 26.7276, 38.5319 ], [ 26.7306, 38.5259 ], [ 26.7291, 38.5213 ], [ 26.7325, 38.5199 ], [ 26.7311, 38.517 ], [ 26.7326, 38.5154 ], [ 26.7352, 38.5156 ], [ 26.7349, 38.5131 ], [ 26.7335, 38.5138 ], [ 26.7314, 38.512 ], [ 26.7306, 38.4972 ], [ 26.7326, 38.4935 ], [ 26.735, 38.4926 ], [ 26.7451, 38.4925 ], [ 26.7414, 38.4914 ], [ 26.7412, 38.4896 ], [ 26.7434, 38.4893 ], [ 26.7446, 38.485 ], [ 26.7491, 38.481 ], [ 26.7472, 38.4778 ], [ 26.7466, 38.4685 ], [ 26.7443, 38.467 ], [ 26.7433, 38.4603 ], [ 26.7409, 38.4589 ], [ 26.7359, 38.4613 ], [ 26.7352, 38.4593 ], [ 26.733, 38.4589 ], [ 26.7216, 38.4612 ], [ 26.7241, 38.4625 ] ] ], [ [ [ 26.5219, 38.6539 ], [ 26.5235, 38.6532 ], [ 26.526, 38.6505 ], [ 26.5233, 38.652 ], [ 26.5219, 38.6539 ] ] ], [ [ [ 26.5111, 38.6588 ], [ 26.5185, 38.6634 ], [ 26.519, 38.6613 ], [ 26.5175, 38.6604 ], [ 26.5197, 38.6586 ], [ 26.5134, 38.6565 ], [ 26.5111, 38.6571 ], [ 26.5111, 38.6588 ] ] ], [ [ [ 26.8852, 38.0225 ], [ 26.8827, 38.0205 ], [ 26.8797, 38.021 ], [ 26.8807, 38.0246 ], [ 26.8852, 38.0225 ] ] ], [ [ [ 27.0128, 38.0457 ], [ 27.0145, 38.045 ], [ 27.0132, 38.0437 ], [ 27.0123, 38.0449 ], [ 27.0128, 38.0457 ] ] ], [ [ [ 26.8037, 38.1536 ], [ 26.8034, 38.149 ], [ 26.8022, 38.15 ], [ 26.8037, 38.1536 ] ] ], [ [ [ 26.8059, 38.1644 ], [ 26.8027, 38.1581 ], [ 26.8007, 38.1578 ], [ 26.8016, 38.162 ], [ 26.8059, 38.1644 ] ] ], [ [ [ 26.7698, 38.1987 ], [ 26.7692, 38.2006 ], [ 26.7705, 38.2003 ], [ 26.7716, 38.1991 ], [ 26.7698, 38.1987 ] ] ], [ [ [ 26.7835, 38.3942 ], [ 26.7892, 38.3998 ], [ 26.792, 38.3967 ], [ 26.7855, 38.3929 ], [ 26.7835, 38.3942 ] ] ], [ [ [ 26.7682, 38.4104 ], [ 26.7694, 38.411 ], [ 26.7738, 38.4081 ], [ 26.77, 38.4046 ], [ 26.7682, 38.4104 ] ] ], [ [ [ 26.7997, 38.4069 ], [ 26.7948, 38.407 ], [ 26.7926, 38.4051 ], [ 26.7921, 38.41 ], [ 26.7952, 38.4154 ], [ 26.7997, 38.4069 ] ] ], [ [ [ 26.7809, 38.4176 ], [ 26.7823, 38.4185 ], [ 26.7854, 38.4154 ], [ 26.7817, 38.4154 ], [ 26.7809, 38.4176 ] ] ], [ [ [ 26.7957, 38.4199 ], [ 26.795, 38.4208 ], [ 26.7955, 38.4207 ], [ 26.7957, 38.4199 ] ] ], [ [ [ 26.7758, 38.4425 ], [ 26.7745, 38.4403 ], [ 26.7678, 38.4383 ], [ 26.7662, 38.4357 ], [ 26.7623, 38.4362 ], [ 26.7582, 38.4393 ], [ 26.7592, 38.4537 ], [ 26.7666, 38.4555 ], [ 26.7718, 38.4541 ], [ 26.7728, 38.4519 ], [ 26.7713, 38.449 ], [ 26.7758, 38.4425 ] ] ] ] } },
{ "type": "Feature", "properties": { "cevre_id": "IZMIR_2", "cevre_adi": "İzmir 2", "il": "IZMIR", "mv_sayisi": 14 }, "geometry": { "type": "MultiPolygon", "coordinates": [ [ [ [ 26.7239, 38.6748 ], [ 26.7247, 38.6767 ], [ 26.7294, 38.6729 ], [ 26.7271, 38.6711 ], [ 26.7257, 38.6718 ], [ 26.7239, 38.6748 ] ] ], [ [ [ 26.8153, 38.5891 ], [ 26.8142, 38.5902 ], [ 26.8168, 38.5943 ], [ 26.8105, 38.5953 ], [ 26.8067, 38.6018 ], [ 26.8006, 38.5995 ], [ 26.8015, 38.6023 ], [ 26.8038, 38.6034 ], [ 26.8012, 38.6043 ], [ 26.8021, 38.6078 ], [ 26.7996, 38.6115 ], [ 26.7932, 38.6114 ], [ 26.7963, 38.6091 ], [ 26.795, 38.609 ], [ 26.7883, 38.6141 ], [ 26.7789, 38.6176 ], [ 26.7753, 38.6162 ], [ 26.7747, 38.6126 ], [ 26.7729, 38.6154 ], [ 26.7701, 38.6164 ], [ 26.7663, 38.6165 ], [ 26.7652, 38.6147 ], [ 26.7648, 38.617 ], [ 26.7619, 38.6151 ], [ 26.7565, 38.616 ], [ 26.7591, 38.6197 ], [ 26.7564, 38.6234 ], [ 26.7574, 38.6266 ], [ 26.7544, 38.6273 ], [ 26.7545, 38.6285 ], [ 26.7585, 38.6299 ], [ 26.7605, 38.6329 ], [ 26.7642, 38.633 ], [ 26.7645, 38.6366 ], [ 26.7667, 38.6372 ], [ 26.7686, 38.6345 ], [ 26.7705, 38.6354 ], [ 26.7663, 38.641 ], [ 26.7607, 38.6404 ], [ 26.7543, 38.6358 ], [ 26.7492, 38.6346 ], [ 26.7483, 38.6362 ], [ 26.7439, 38.6374 ], [ 26.7429, 38.6455 ], [ 26.7406, 38.6462 ], [ 26.7366, 38.6446 ], [ 26.733, 38.6477 ], [ 26.735, 38.6522 ], [ 26.7339, 38.6538 ], [ 26.7272, 38.6551 ], [ 26.7257, 38.6504 ], [ 26.7228, 38.6521 ], [ 26.7234, 38.6562 ], [ 26.7312, 38.6564 ], [ 26.7345, 38.6598 ], [ 26.7346, 38.6669 ], [ 26.741, 38.6634 ], [ 26.7423, 38.6682 ], [ 26.7452, 38.6689 ], [ 26.7448, 38.6647 ], [ 26.7491, 38.6636 ], [ 26.7533, 38.6661 ], [ 26.7507, 38.6697 ], [ 26.7533, 38.6705 ], [ 26.7549, 38.6691 ], [ 26.7536, 38.6739 ], [ 26.7458, 38.6786 ], [ 26.7396, 38.6783 ], [ 26.738, 38.6758 ], [ 26.7333, 38.6753 ], [ 26.7368, 38.6789 ], [ 26.741, 38.6794 ], [ 26.7413, 38.6813 ], [ 26.7398, 38.6837 ], [ 26.7371, 38.6832 ], [ 26.734, 38.6858 ], [ 26.7368, 38.6883 ], [ 26.7319, 38.6908 ], [ 26.731, 38.6942 ], [ 26.7288, 38.695 ], [ 26.7311, 38.6983 ], [ 26.7302, 38.7018 ], [ 26.7324, 38.7026 ], [ 26.733, 38.7048 ], [ 26.7303, 38.7081 ], [ 26.7283, 38.708 ], [ 26.7297, 38.7093 ], [ 26.7282, 38.7104 ], [ 26.7304, 38.7107 ], [ 26.729, 38.7159 ], [ 26.7315, 38.7154 ], [ 26.7326, 38.7192 ], [ 26.7316, 38.7206 ], [ 26.7268, 38.7211 ], [ 26.7301, 38.7234 ], [ 26.7285, 38.7262 ], [ 26.7297, 38.7276 ], [ 26.7322, 38.7273 ], [ 26.7374, 38.7317 ], [ 26.7414, 38.731 ], [ 26.743, 38.7322 ], [ 26.7422, 38.7358 ], [ 26.7388, 38.7388 ], [ 26.7406, 38.7395 ], [ 26.7399, 38.7416 ], [ 26.7489, 38.7409 ], [ 26.7501, 38.739 ], [ 26.7518, 38.7398 ], [ 26.7538, 38.7369 ], [ 26.7561, 38.7374 ], [ 26.7574, 38.736 ], [ 26.7594, 38.7368 ], [ 26.7592, 38.7392 ], [ 26.7641, 38.7408 ], [ 26.7653, 38.738 ], [ 26.7671, 38.738 ], [ 26.7672, 38.7419 ], [ 26.7701, 38.7421 ], [ 26.769, 38.735 ], [ 26.7728, 38.7366 ], [ 26.7717, 38.7387 ], [ 26.7743, 38.7393 ], [ 26.7751, 38.738 ], [ 26.7794, 38.7402 ], [ 26.7785, 38.7383 ], [ 26.7809, 38.7365 ], [ 26.785, 38.7398 ], [ 26.7837, 38.7424 ], [ 26.787, 38.7436 ], [ 26.7875, 38.7472 ], [ 26.7906, 38.7459 ], [ 26.7913, 38.7486 ], [ 26.7967, 38.7464 ], [ 26.7971, 38.7482 ], [ 26.8023, 38.7506 ], [ 26.8045, 38.7498 ], [ 26.8085, 38.7524 ], [ 26.8128, 38.7516 ], [ 26.8129, 38.7533 ], [ 26.8155, 38.7533 ], [ 26.8156, 38.7562 ], [ 26.8215, 38.7597 ], [ 26.8223, 38.762 ], [ 26.8308, 38.7615 ], [ 26.832, 38.7559 ], [ 26.8379, 38.7529 ], [ 26.8326, 38.7505 ], [ 26.8338, 38.7438 ], [ 26.8369, 38.7422 ], [ 26.8399, 38.7417 ], [ 26.8389, 38.7428 ], [ 26.8411, 38.7426 ], [ 26.8466, 38.7473 ], [ 26.851, 38.7486 ], [ 26.8504, 38.7514 ], [ 26.8566, 38.7531 ], [ 26.8608, 38.7508 ], [ 26.8658, 38.7441 ], [ 26.8732, 38.74 ], [ 26.8753, 38.7363 ], [ 26.8828, 38.7329 ], [ 26.8891, 38.7323 ], [ 26.8977, 38.7358 ], [ 26.9012, 38.7454 ], [ 26.8997, 38.7482 ], [ 26.8967, 38.749 ], [ 26.9001, 38.7523 ], [ 26.9042, 38.7512 ], [ 26.907, 38.7531 ], [ 26.9041, 38.7593 ], [ 26.9074, 38.7607 ], [ 26.9055, 38.7636 ], [ 26.9075, 38.7647 ], [ 26.9073, 38.7665 ], [ 26.912, 38.7665 ], [ 26.9135, 38.7638 ], [ 26.9157, 38.7632 ], [ 26.9142, 38.7675 ], [ 26.9189, 38.7619 ], [ 26.9184, 38.7639 ], [ 26.9193, 38.7657 ], [ 26.9203, 38.7603 ], [ 26.9218, 38.7592 ], [ 26.921, 38.7609 ], [ 26.9217, 38.7626 ], [ 26.9235, 38.7576 ], [ 26.9255, 38.7576 ], [ 26.9246, 38.7603 ], [ 26.9256, 38.7578 ], [ 26.929, 38.7563 ], [ 26.9296, 38.7618 ], [ 26.9303, 38.7562 ], [ 26.9346, 38.7578 ], [ 26.9392, 38.7635 ], [ 26.9393, 38.7664 ], [ 26.9336, 38.772 ], [ 26.9305, 38.7733 ], [ 26.9289, 38.7722 ], [ 26.9284, 38.7724 ], [ 26.9313, 38.7762 ], [ 26.9301, 38.7786 ], [ 26.9329, 38.7807 ], [ 26.9314, 38.7819 ], [ 26.9286, 38.7798 ], [ 26.9265, 38.7808 ], [ 26.9253, 38.7768 ], [ 26.9252, 38.78 ], [ 26.9172, 38.786 ], [ 26.9139, 38.7919 ], [ 26.9106, 38.7942 ], [ 26.9119, 38.7965 ], [ 26.9059, 38.8031 ], [ 26.9049, 38.8069 ], [ 26.8974, 38.8103 ], [ 26.8915, 38.8206 ], [ 26.8929, 38.8248 ], [ 26.896, 38.8254 ], [ 26.8984, 38.8217 ], [ 26.914, 38.8174 ], [ 26.9174, 38.8195 ], [ 26.9144, 38.8221 ], [ 26.9144, 38.8215 ], [ 26.9138, 38.8207 ], [ 26.9146, 38.8227 ], [ 26.9155, 38.8237 ], [ 26.9145, 38.8224 ], [ 26.9165, 38.8216 ], [ 26.9195, 38.8238 ], [ 26.9176, 38.8256 ], [ 26.9193, 38.8287 ], [ 26.9177, 38.8256 ], [ 26.9196, 38.8238 ], [ 26.9253, 38.8285 ], [ 26.9347, 38.8306 ], [ 26.9369, 38.8339 ], [ 26.9445, 38.8361 ], [ 26.9456, 38.8307 ], [ 26.9499, 38.8323 ], [ 26.9501, 38.8319 ], [ 26.9457, 38.8303 ], [ 26.9448, 38.8236 ], [ 26.9475, 38.825 ], [ 26.9466, 38.8222 ], [ 26.9467, 38.8233 ], [ 26.9438, 38.8223 ], [ 26.9433, 38.8192 ], [ 26.9447, 38.819 ], [ 26.9447, 38.8181 ], [ 26.9433, 38.8185 ], [ 26.9434, 38.8169 ], [ 26.9447, 38.8168 ], [ 26.9421, 38.8163 ], [ 26.942, 38.8126 ], [ 26.9462, 38.8096 ], [ 26.9488, 38.8097 ], [ 26.9507, 38.8049 ], [ 26.9533, 38.8038 ], [ 26.9565, 38.8044 ], [ 26.9568, 38.8029 ], [ 26.9601, 38.803 ], [ 26.9638, 38.8034 ], [ 26.9627, 38.8044 ], [ 26.9698, 38.8047 ], [ 26.976, 38.8083 ], [ 26.975, 38.8064 ], [ 26.9766, 38.8075 ], [ 26.984, 38.8239 ], [ 26.9835, 38.8266 ], [ 26.979, 38.8293 ], [ 26.9622, 38.8311 ], [ 26.9706, 38.8465 ], [ 26.9774, 38.8447 ], [ 26.9771, 38.8475 ], [ 26.9748, 38.8472 ], [ 26.9792, 38.8489 ], [ 26.9868, 38.847 ], [ 26.9888, 38.8491 ], [ 26.9877, 38.8536 ], [ 26.9907, 38.8563 ], [ 27.0024, 38.857 ], [ 27.0062, 38.8598 ], [ 27.0071, 38.8666 ], [ 27.0086, 38.8673 ], [ 27.0119, 38.8659 ], [ 27.0172, 38.8677 ], [ 27.024, 38.8724 ], [ 27.0271, 38.8718 ], [ 27.0202, 38.8664 ], [ 27.0195, 38.8626 ], [ 27.023, 38.8581 ], [ 27.0233, 38.8608 ], [ 27.0244, 38.8579 ], [ 27.028, 38.8584 ], [ 27.0273, 38.857 ], [ 27.0301, 38.8572 ], [ 27.0321, 38.8547 ], [ 27.0333, 38.8566 ], [ 27.0349, 38.856 ], [ 27.0352, 38.8617 ], [ 27.0389, 38.8623 ], [ 27.0442, 38.8686 ], [ 27.0501, 38.8676 ], [ 27.0557, 38.8697 ], [ 27.0567, 38.8663 ], [ 27.0594, 38.8661 ], [ 27.0636, 38.8717 ], [ 27.0607, 38.8771 ], [ 27.0631, 38.8786 ], [ 27.0653, 38.8759 ], [ 27.0661, 38.8791 ], [ 27.0627, 38.8823 ], [ 27.0615, 38.8872 ], [ 27.057, 38.8913 ], [ 27.0495, 38.8939 ], [ 27.0464, 38.8934 ], [ 27.0444, 38.8909 ], [ 27.0402, 38.8934 ], [ 27.038, 38.8928 ], [ 27.0369, 38.8966 ], [ 27.0422, 38.8984 ], [ 27.0423, 38.9011 ], [ 27.0446, 38.9032 ], [ 27.0446, 38.9098 ], [ 27.0512, 38.9103 ], [ 27.0573, 38.9135 ], [ 27.0538, 38.9247 ], [ 27.0475, 38.9299 ], [ 27.0524, 38.9279 ], [ 27.054, 38.9312 ], [ 27.0498, 38.9364 ], [ 27.0454, 38.9382 ], [ 27.0452, 38.9402 ], [ 27.0424, 38.942 ], [ 27.0429, 38.9405 ], [ 27.041, 38.9394 ], [ 27.0378, 38.9414 ], [ 27.0375, 38.9401 ], [ 27.0358, 38.9407 ], [ 27.0356, 38.9379 ], [ 27.0311, 38.9365 ], [ 27.0313, 38.9346 ], [ 27.0293, 38.9345 ], [ 27.0271, 38.9301 ], [ 27.0191, 38.9292 ], [ 27.0162, 38.9254 ], [ 27.0123, 38.9249 ], [ 27.0102, 38.9241 ], [ 27.0094, 38.9233 ], [ 27.0142, 38.9244 ], [ 27.0165, 38.9235 ], [ 27.014, 38.922 ], [ 27.0132, 38.922 ], [ 27.0128, 38.9226 ], [ 27.0125, 38.9227 ], [ 27.0118, 38.9227 ], [ 27.0139, 38.9213 ], [ 27.0127, 38.9199 ], [ 27.0098, 38.9216 ], [ 27.0091, 38.9206 ], [ 27.0124, 38.9176 ], [ 27.0066, 38.9192 ], [ 27.0059, 38.9169 ], [ 27.0082, 38.9159 ], [ 27.0168, 38.9182 ], [ 27.0194, 38.9138 ], [ 27.0074, 38.9128 ], [ 26.9858, 38.9191 ], [ 26.9567, 38.9382 ], [ 26.9561, 38.9395 ], [ 26.9582, 38.9373 ], [ 26.9591, 38.938 ], [ 26.9572, 38.9393 ], [ 26.9583, 38.9407 ], [ 26.9571, 38.9405 ], [ 26.9563, 38.9407 ], [ 26.9584, 38.9411 ], [ 26.9576, 38.9434 ], [ 26.9549, 38.9421 ], [ 26.9544, 38.9384 ], [ 26.9507, 38.9345 ], [ 26.9466, 38.9392 ], [ 26.9365, 38.9375 ], [ 26.936, 38.9339 ], [ 26.9393, 38.929 ], [ 26.9392, 38.926 ], [ 26.9305, 38.9299 ], [ 26.9301, 38.9307 ], [ 26.9313, 38.9311 ], [ 26.931, 38.9298 ], [ 26.9335, 38.9289 ], [ 26.933, 38.9331 ], [ 26.9297, 38.9366 ], [ 26.9242, 38.9392 ], [ 26.9188, 38.9397 ], [ 26.9112, 38.9348 ], [ 26.8939, 38.9302 ], [ 26.8905, 38.9279 ], [ 26.8891, 38.924 ], [ 26.8808, 38.9224 ], [ 26.878, 38.916 ], [ 26.8713, 38.9187 ], [ 26.865, 38.915 ], [ 26.8584, 38.9144 ], [ 26.8532, 38.9158 ], [ 26.8527, 38.9184 ], [ 26.8573, 38.9223 ], [ 26.8538, 38.9251 ], [ 26.854, 38.9299 ], [ 26.8524, 38.9321 ], [ 26.8441, 38.9352 ], [ 26.8302, 38.9333 ], [ 26.8249, 38.936 ], [ 26.8223, 38.9358 ], [ 26.8168, 38.9406 ], [ 26.8148, 38.9492 ], [ 26.8123, 38.9522 ], [ 26.808, 38.9539 ], [ 26.8023, 38.9509 ], [ 26.7984, 38.956 ], [ 26.7966, 38.9633 ], [ 26.7997, 38.9641 ], [ 26.801, 38.9688 ], [ 26.7995, 38.9724 ], [ 26.8006, 38.9747 ], [ 26.7964, 38.9824 ], [ 26.7966, 38.986 ], [ 26.7994, 38.9894 ], [ 26.7972, 38.9907 ], [ 26.7986, 38.9931 ], [ 26.7973, 38.9961 ], [ 26.8012, 38.9988 ], [ 26.7998, 39.0028 ], [ 26.8022, 39.0101 ], [ 26.8081, 39.0147 ], [ 26.8085, 39.017 ], [ 26.8093, 39.0146 ], [ 26.8123, 39.0151 ], [ 26.8147, 39.0209 ], [ 26.8132, 39.0222 ], [ 26.8117, 39.0197 ], [ 26.8079, 39.0199 ], [ 26.8071, 39.0181 ], [ 26.7995, 39.0155 ], [ 26.7982, 39.0166 ], [ 26.7997, 39.0216 ], [ 26.7956, 39.0242 ], [ 26.7999, 39.0286 ], [ 26.7993, 39.0319 ], [ 26.8045, 39.0351 ], [ 26.8052, 39.0378 ], [ 26.8119, 39.0369 ], [ 26.813, 39.0397 ], [ 26.8111, 39.0405 ], [ 26.8131, 39.0415 ], [ 26.8176, 39.037 ], [ 26.8223, 39.0376 ], [ 26.8289, 39.0403 ], [ 26.8307, 39.0436 ], [ 26.8383, 39.0449 ], [ 26.8398, 39.0485 ], [ 26.8473, 39.0516 ], [ 26.8517, 39.0576 ], [ 26.8558, 39.0563 ], [ 26.8602, 39.0572 ], [ 26.8685, 39.0641 ], [ 26.874, 39.0627 ], [ 26.8814, 39.0643 ], [ 26.8868, 39.0687 ], [ 26.8872, 39.0702 ], [ 26.8854, 39.0689 ], [ 26.8865, 39.0704 ], [ 26.8848, 39.0716 ], [ 26.8871, 39.0709 ], [ 26.8878, 39.0736 ], [ 26.8862, 39.0801 ], [ 26.8749, 39.1008 ], [ 26.8532, 39.1201 ], [ 26.8509, 39.1276 ], [ 26.8361, 39.1416 ], [ 26.8124, 39.1572 ], [ 26.7952, 39.1621 ], [ 26.769, 39.1662 ], [ 26.7699, 39.1687 ], [ 26.8153, 39.2123 ], [ 26.8373, 39.2218 ], [ 26.8775, 39.2404 ], [ 26.9126, 39.2703 ], [ 26.9535, 39.2904 ], [ 27.0228, 39.3188 ], [ 27.0407, 39.3219 ], [ 27.0915, 39.3384 ], [ 27.1067, 39.3508 ], [ 27.11, 39.3591 ], [ 27.1232, 39.3709 ], [ 27.1411, 39.3756 ], [ 27.1662, 39.3787 ], [ 27.1952, 39.3782 ], [ 27.2388, 39.3699 ], [ 27.25, 39.3694 ], [ 27.2599, 39.3714 ], [ 27.3008, 39.3885 ], [ 27.3127, 39.3916 ], [ 27.3794, 39.388 ], [ 27.4012, 39.389 ], [ 27.3977, 39.3851 ], [ 27.3894, 39.3676 ], [ 27.39, 39.3521 ], [ 27.41, 39.3264 ], [ 27.4448, 39.2911 ], [ 27.4618, 39.2778 ], [ 27.4701, 39.2636 ], [ 27.473, 39.248 ], [ 27.4712, 39.2342 ], [ 27.4607, 39.2012 ], [ 27.4674, 39.1781 ], [ 27.4686, 39.1783 ], [ 27.4765, 39.1594 ], [ 27.4779, 39.1572 ], [ 27.476, 39.1539 ], [ 27.4767, 39.1498 ], [ 27.482, 39.147 ], [ 27.4816, 39.144 ], [ 27.484, 39.1444 ], [ 27.4883, 39.1306 ], [ 27.5054, 39.1017 ], [ 27.5166, 39.0723 ], [ 27.5219, 39.0297 ], [ 27.5189, 39.0159 ], [ 27.5066, 38.999 ], [ 27.5054, 38.9843 ], [ 27.4948, 38.9724 ], [ 27.4789, 38.9605 ], [ 27.4731, 38.9499 ], [ 27.4683, 38.9453 ], [ 27.4525, 38.9338 ], [ 27.4342, 38.9329 ], [ 27.406, 38.9237 ], [ 27.3619, 38.9224 ], [ 27.3436, 38.9201 ], [ 27.3171, 38.9142 ], [ 27.3078, 38.915 ], [ 27.2771, 38.9127 ], [ 27.2707, 38.9113 ], [ 27.2519, 38.9017 ], [ 27.2277, 38.8788 ], [ 27.2254, 38.8733 ], [ 27.223, 38.8719 ], [ 27.1797, 38.8744 ], [ 27.1736, 38.8691 ], [ 27.1639, 38.8426 ], [ 27.152, 38.8389 ], [ 27.1217, 38.8224 ], [ 27.1055, 38.8091 ], [ 27.0993, 38.7996 ], [ 27.0987, 38.7915 ], [ 27.1212, 38.762 ], [ 27.1325, 38.7547 ], [ 27.1475, 38.7481 ], [ 27.1629, 38.7343 ], [ 27.159993333333365, 38.734636561403505 ], [ 27.1678, 38.7325 ], [ 27.1947, 38.73 ], [ 27.2141, 38.7228 ], [ 27.2126, 38.7194 ], [ 27.217, 38.7198 ], [ 27.2183, 38.7162 ], [ 27.222, 38.7182 ], [ 27.2213, 38.7149 ], [ 27.2272, 38.7136 ], [ 27.2286, 38.7115 ], [ 27.2277, 38.6931 ], [ 27.2182, 38.6935 ], [ 27.2085, 38.6893 ], [ 27.202, 38.6912 ], [ 27.2032, 38.6853 ], [ 27.1997, 38.683 ], [ 27.2127, 38.6777 ], [ 27.212, 38.6723 ], [ 27.2196, 38.6657 ], [ 27.2216, 38.6662 ], [ 27.2243, 38.6638 ], [ 27.2304, 38.6652 ], [ 27.2303, 38.6623 ], [ 27.2265, 38.6596 ], [ 27.2261, 38.6574 ], [ 27.2283, 38.6585 ], [ 27.2296, 38.654 ], [ 27.2347, 38.6511 ], [ 27.2425, 38.6224 ], [ 27.2478, 38.6156 ], [ 27.2595, 38.6082 ], [ 27.2643, 38.5949 ], [ 27.2631, 38.5766 ], [ 27.2554, 38.5718 ], [ 27.2498, 38.573 ], [ 27.2296, 38.5696 ], [ 27.229177858439204, 38.56710232909861 ], [ 27.2382, 38.5687 ], [ 27.2429, 38.5665 ], [ 27.2491, 38.5658 ], [ 27.2484, 38.563 ], [ 27.2498, 38.5616 ], [ 27.2683, 38.554 ], [ 27.2715, 38.5589 ], [ 27.2744, 38.5589 ], [ 27.2753, 38.5535 ], [ 27.2858, 38.5592 ], [ 27.2926, 38.5598 ], [ 27.2961, 38.5499 ], [ 27.2991, 38.5499 ], [ 27.3019, 38.5466 ], [ 27.3016, 38.5443 ], [ 27.3107, 38.5423 ], [ 27.3223, 38.5427 ], [ 27.3257, 38.5409 ], [ 27.3346, 38.5422 ], [ 27.3377, 38.5367 ], [ 27.3347, 38.529 ], [ 27.338, 38.5257 ], [ 27.3381, 38.5168 ], [ 27.3419, 38.5087 ], [ 27.343, 38.5001 ], [ 27.3396, 38.4995 ], [ 27.3373, 38.4968 ], [ 27.3344, 38.4972 ], [ 27.3353, 38.495 ], [ 27.3334, 38.4941 ], [ 27.3255, 38.4941 ], [ 27.3262, 38.489 ], [ 27.3318, 38.4837 ], [ 27.3272, 38.4792 ], [ 27.3277, 38.4752 ], [ 27.3262, 38.4748 ], [ 27.3287, 38.471 ], [ 27.322, 38.4703 ], [ 27.3208, 38.4726 ], [ 27.3203, 38.469 ], [ 27.3179, 38.4672 ], [ 27.3196, 38.4646 ], [ 27.3148, 38.4588 ], [ 27.3168, 38.457 ], [ 27.3221, 38.4576 ], [ 27.3223, 38.4557 ], [ 27.325, 38.4561 ], [ 27.3238, 38.4542 ], [ 27.3267, 38.4517 ], [ 27.3332, 38.4523 ], [ 27.3372, 38.4494 ], [ 27.3417, 38.434 ], [ 27.3472, 38.4246 ], [ 27.3394, 38.4175 ], [ 27.333, 38.4226 ], [ 27.3326, 38.4206 ], [ 27.3271, 38.4235 ], [ 27.3297, 38.4265 ], [ 27.3256, 38.4345 ], [ 27.3175, 38.4358 ], [ 27.3096, 38.4251 ], [ 27.309, 38.4162 ], [ 27.3036, 38.416 ], [ 27.2969, 38.4097 ], [ 27.2858, 38.4078 ], [ 27.2621, 38.3993 ], [ 27.2614, 38.3883 ], [ 27.2656, 38.3858 ], [ 27.2659, 38.3838 ], [ 27.271, 38.3823 ], [ 27.2623, 38.38 ], [ 27.254, 38.3809 ], [ 27.2414, 38.3766 ], [ 27.2505, 38.3713 ], [ 27.2456, 38.3702 ], [ 27.2483, 38.3684 ], [ 27.2482, 38.3658 ], [ 27.2412, 38.3632 ], [ 27.2376, 38.3641 ], [ 27.2368, 38.3721 ], [ 27.234, 38.3712 ], [ 27.2252, 38.3797 ], [ 27.2194, 38.3807 ], [ 27.2198, 38.3837 ], [ 27.2141, 38.3854 ], [ 27.216, 38.3877 ], [ 27.2152, 38.3925 ], [ 27.2098, 38.3988 ], [ 27.2125, 38.4056 ], [ 27.2115, 38.4065 ], [ 27.2071, 38.4083 ], [ 27.197, 38.4083 ], [ 27.1891, 38.405 ], [ 27.1867, 38.4064 ], [ 27.1894, 38.4079 ], [ 27.1866, 38.4076 ], [ 27.1868, 38.4171 ], [ 27.1802, 38.4195 ], [ 27.1779, 38.4218 ], [ 27.1801, 38.4269 ], [ 27.180399881323243, 38.448191573950453 ], [ 27.1711, 38.4478 ], [ 27.1658, 38.4557 ], [ 27.1652, 38.4595 ], [ 27.1571, 38.4673 ], [ 27.1561, 38.4662 ], [ 27.1558, 38.4676 ], [ 27.1555, 38.4676 ], [ 27.1554, 38.4652 ], [ 27.1536, 38.467 ], [ 27.1516, 38.4646 ], [ 27.1501, 38.4651 ], [ 27.1346, 38.4649 ], [ 27.134539489194498, 38.464923379174856 ], [ 27.1354, 38.4626 ], [ 27.1332, 38.4647 ], [ 27.1332, 38.4627 ], [ 27.1313, 38.4629 ], [ 27.131, 38.4604 ], [ 27.1287, 38.4608 ], [ 27.1244, 38.4554 ], [ 27.1205, 38.4554 ], [ 27.1121, 38.4487 ], [ 27.103, 38.4509 ], [ 27.099, 38.4535 ], [ 27.0977, 38.4518 ], [ 27.0969, 38.4541 ], [ 27.0939, 38.455 ], [ 27.0933, 38.4539 ], [ 27.0955, 38.453 ], [ 27.0934, 38.4535 ], [ 27.0928, 38.4543 ], [ 27.0936, 38.456 ], [ 27.0927, 38.4552 ], [ 27.0888, 38.4573 ], [ 27.0782, 38.4676 ], [ 27.0698, 38.4672 ], [ 27.0692, 38.4647 ], [ 27.0717, 38.4627 ], [ 27.0715, 38.4599 ], [ 27.0622, 38.4589 ], [ 27.061, 38.4611 ], [ 27.063, 38.4627 ], [ 27.0598, 38.4624 ], [ 27.0605, 38.4598 ], [ 27.0558, 38.4617 ], [ 27.0584, 38.4625 ], [ 27.0585, 38.4647 ], [ 27.0572, 38.4657 ], [ 27.0565, 38.4628 ], [ 27.0524, 38.4654 ], [ 27.0511, 38.4639 ], [ 27.0474, 38.4661 ], [ 27.0394, 38.4647 ], [ 27.0401, 38.4657 ], [ 27.0357, 38.4701 ], [ 27.0317, 38.4693 ], [ 27.0236, 38.4714 ], [ 27.0158, 38.4683 ], [ 27.016, 38.4694 ], [ 27.0117, 38.4692 ], [ 27.0094, 38.4664 ], [ 27.0103, 38.4636 ], [ 27.0086, 38.4609 ], [ 27.0056, 38.461 ], [ 27.0056, 38.4597 ], [ 26.9988, 38.4578 ], [ 26.9956, 38.4594 ], [ 26.9944, 38.4572 ], [ 26.9955, 38.4545 ], [ 26.9897, 38.4527 ], [ 26.9891, 38.4507 ], [ 26.9878, 38.4536 ], [ 26.9911, 38.4538 ], [ 26.9893, 38.4583 ], [ 26.9875, 38.4575 ], [ 26.9885, 38.4546 ], [ 26.9851, 38.457 ], [ 26.9837, 38.4552 ], [ 26.9866, 38.4533 ], [ 26.9855, 38.4523 ], [ 26.9841, 38.4535 ], [ 26.984, 38.4486 ], [ 26.9802, 38.4536 ], [ 26.979, 38.4518 ], [ 26.9808, 38.4489 ], [ 26.9787, 38.4494 ], [ 26.9751, 38.4557 ], [ 26.9731, 38.4548 ], [ 26.9746, 38.4515 ], [ 26.9731, 38.4536 ], [ 26.9705, 38.4537 ], [ 26.9747, 38.4471 ], [ 26.9721, 38.4428 ], [ 26.9764, 38.4401 ], [ 26.9736, 38.4364 ], [ 26.9727, 38.4367 ], [ 26.972, 38.4352 ], [ 26.9712, 38.435 ], [ 26.9721, 38.4347 ], [ 26.9723, 38.4324 ], [ 26.972, 38.4345 ], [ 26.9686, 38.4362 ], [ 26.9686, 38.4367 ], [ 26.9691, 38.437 ], [ 26.9695, 38.437 ], [ 26.9717, 38.4352 ], [ 26.9709, 38.4365 ], [ 26.9725, 38.4374 ], [ 26.9673, 38.4487 ], [ 26.9629, 38.447 ], [ 26.9628, 38.4431 ], [ 26.9606, 38.4456 ], [ 26.9565, 38.4442 ], [ 26.9549, 38.4453 ], [ 26.9541, 38.4422 ], [ 26.9547, 38.4415 ], [ 26.9542, 38.4413 ], [ 26.9549, 38.4406 ], [ 26.9548, 38.4401 ], [ 26.9549, 38.4399 ], [ 26.9549, 38.4398 ], [ 26.9549, 38.4397 ], [ 26.9527, 38.4391 ], [ 26.9473, 38.43 ], [ 26.9439, 38.4279 ], [ 26.9472, 38.4301 ], [ 26.9516, 38.4375 ], [ 26.949, 38.4414 ], [ 26.9515, 38.4406 ], [ 26.9522, 38.4431 ], [ 26.947, 38.4469 ], [ 26.9462, 38.4448 ], [ 26.9448, 38.4474 ], [ 26.9436, 38.4444 ], [ 26.9414, 38.4449 ], [ 26.943, 38.447 ], [ 26.9396, 38.4458 ], [ 26.9398, 38.4501 ], [ 26.9375, 38.4491 ], [ 26.9395, 38.4507 ], [ 26.9297, 38.4557 ], [ 26.9305, 38.4544 ], [ 26.9277, 38.4539 ], [ 26.9276, 38.4554 ], [ 26.9241, 38.4545 ], [ 26.9232, 38.4568 ], [ 26.9255, 38.4564 ], [ 26.9241, 38.46 ], [ 26.9197, 38.4605 ], [ 26.9239, 38.4605 ], [ 26.9234, 38.4627 ], [ 26.9232, 38.4624 ], [ 26.9229, 38.4624 ], [ 26.9224, 38.4619 ], [ 26.9223, 38.4619 ], [ 26.9222, 38.4619 ], [ 26.9224, 38.4682 ], [ 26.9195, 38.4713 ], [ 26.9169, 38.4699 ], [ 26.9161, 38.4703 ], [ 26.9182, 38.4728 ], [ 26.9131, 38.4778 ], [ 26.9122, 38.4826 ], [ 26.9086, 38.4867 ], [ 26.9054, 38.4887 ], [ 26.9037, 38.4871 ], [ 26.905, 38.489 ], [ 26.903, 38.4879 ], [ 26.9043, 38.4895 ], [ 26.8839, 38.5039 ], [ 26.8855, 38.5064 ], [ 26.8831, 38.5085 ], [ 26.8683, 38.5141 ], [ 26.8409, 38.5208 ], [ 26.8413, 38.5211 ], [ 26.8415, 38.522 ], [ 26.8418, 38.5222 ], [ 26.842, 38.5228 ], [ 26.8421, 38.5229 ], [ 26.8423, 38.523 ], [ 26.8427, 38.5212 ], [ 26.8467, 38.5201 ], [ 26.8535, 38.5205 ], [ 26.8539, 38.5187 ], [ 26.854, 38.5193 ], [ 26.8564, 38.5193 ], [ 26.8544, 38.519 ], [ 26.8566, 38.5173 ], [ 26.8686, 38.515 ], [ 26.881, 38.5096 ], [ 26.883, 38.5109 ], [ 26.888, 38.51 ], [ 26.888885334670345, 38.514262722486841 ], [ 26.8774, 38.516 ], [ 26.8808, 38.5197 ], [ 26.8783, 38.5232 ], [ 26.8801, 38.5266 ], [ 26.8752, 38.5293 ], [ 26.8812, 38.5297 ], [ 26.8827, 38.535 ], [ 26.8729, 38.5348 ], [ 26.87, 38.5373 ], [ 26.85, 38.5424 ], [ 26.8453, 38.5462 ], [ 26.8472, 38.5497 ], [ 26.8448, 38.5508 ], [ 26.843, 38.5499 ], [ 26.8385, 38.554 ], [ 26.8358, 38.5536 ], [ 26.8305, 38.5568 ], [ 26.8289, 38.5566 ], [ 26.8244, 38.551 ], [ 26.8228, 38.5506 ], [ 26.8277, 38.5563 ], [ 26.834, 38.5599 ], [ 26.8307, 38.5571 ], [ 26.8395, 38.5559 ], [ 26.8412, 38.5581 ], [ 26.8382, 38.5612 ], [ 26.8465, 38.5601 ], [ 26.846, 38.5625 ], [ 26.8431, 38.5629 ], [ 26.8442, 38.5651 ], [ 26.8418, 38.5683 ], [ 26.8482, 38.576 ], [ 26.8453, 38.5811 ], [ 26.8425, 38.5821 ], [ 26.8398, 38.5807 ], [ 26.8401, 38.5877 ], [ 26.8383, 38.5894 ], [ 26.8349, 38.5878 ], [ 26.8311, 38.581 ], [ 26.8314, 38.5782 ], [ 26.8275, 38.5817 ], [ 26.828, 38.5846 ], [ 26.8259, 38.5872 ], [ 26.828, 38.5912 ], [ 26.826, 38.5901 ], [ 26.8238, 38.591 ], [ 26.8234, 38.5885 ], [ 26.8206, 38.5882 ], [ 26.8191, 38.5859 ], [ 26.815564573991033, 38.589239013452918 ], [ 26.8153, 38.5891 ] ], [ [ 26.9896, 38.6656 ], [ 26.983945190156604, 38.670025503355703 ], [ 26.9855, 38.6676 ], [ 26.9896, 38.6656 ] ], [ [ 26.9394, 39.2196 ], [ 26.9192, 39.2236 ], [ 26.9647, 39.2131 ], [ 26.9394, 39.2196 ] ], [ [ 27.0199, 39.1816 ], [ 27.0132, 39.1881 ], [ 27.0319, 39.1659 ], [ 27.0199, 39.1816 ] ], [ [ 27.1164, 38.4674 ], [ 27.12634538271605, 38.468089283950619 ], [ 27.1258, 38.4683 ], [ 27.1164, 38.4674 ] ], [ [ 27.1115, 38.4699 ], [ 27.112172162645219, 38.469557059874887 ], [ 27.1155, 38.4768 ], [ 27.1115, 38.4699 ] ], [ [ 27.1368, 38.4997 ], [ 27.136312738853508, 38.499384713375797 ], [ 27.1467, 38.499 ], [ 27.1368, 38.4997 ] ], [ [ 27.1781, 38.5118 ], [ 27.175451289009491, 38.50983799185888 ], [ 27.1842, 38.514 ], [ 27.1781, 38.5118 ] ], [ [ 27.229596891191711, 38.56062487046632 ], [ 27.23125464333782, 38.558027725437412 ], [ 27.2314, 38.5582 ], [ 27.229596891191711, 38.56062487046632 ] ], [ [ 27.2284, 38.5625 ], [ 27.228504812129202, 38.56233579433092 ], [ 27.228523017408126, 38.563227852998061 ], [ 27.2284, 38.5625 ] ], [ [ 27.203235159817346, 38.45673782343988 ], [ 27.192943949044263, 38.45285605095529 ], [ 27.2033, 38.4567 ], [ 27.203235159817346, 38.45673782343988 ] ], [ [ 27.185909074410169, 38.478907622504536 ], [ 27.1909, 38.4731 ], [ 27.1885, 38.4771 ], [ 27.185909074410169, 38.478907622504536 ] ], [ [ 27.1755, 38.4814 ], [ 27.184930980027865, 38.47959001393405 ], [ 27.1842, 38.4801 ], [ 27.1755, 38.4814 ] ], [ [ 27.0699, 38.462 ], [ 27.0694, 38.4622 ], [ 27.070005405405404, 38.461859459459461 ], [ 27.0699, 38.462 ] ], [ [ 27.071133333333332, 38.461566666666663 ], [ 27.070685245901643, 38.461477049180324 ], [ 27.071, 38.4613 ], [ 27.071133333333332, 38.461566666666663 ] ], [ [ 26.898602118413905, 38.5316298750679 ], [ 26.8908, 38.5232 ], [ 26.8907794044665, 38.523076426799008 ], [ 26.8987, 38.5307 ], [ 26.898602118413905, 38.5316298750679 ] ], [ [ 26.8995, 38.5326 ], [ 26.899176258992807, 38.53225021086579 ], [ 26.9043, 38.5296 ], [ 26.8995, 38.5326 ] ], [ [ 27.092071643629399, 38.550652730258655 ], [ 27.091346675712341, 38.551080461329718 ], [ 27.0917, 38.5505 ], [ 27.092071643629399, 38.550652730258655 ] ], [ [ 27.059742055760829, 38.944822640241853 ], [ 27.0673, 38.9435 ], [ 27.0603, 38.945 ], [ 27.059742055760829, 38.944822640241853 ] ], [ [ 27.118, 38.7398 ], [ 27.1108, 38.7404 ], [ 27.098976239907664, 38.740778085351792 ], [ 27.118, 38.7398 ] ], [ [ 27.156373408892737, 38.735055710549261 ], [ 27.1534, 38.7354 ], [ 27.1409, 38.7347 ], [ 27.156373408892737, 38.735055710549261 ] ], [ [ 27.1087, 38.55 ], [ 27.104155412844033, 38.545834128440362 ], [ 27.1044, 38.5457 ], [ 27.1087, 38.55 ] ], [ [ 27.1183, 38.5537 ], [ 27.1148, 38.5503 ], [ 27.118838323353291, 38.553665269461078 ], [ 27.1183, 38.5537 ] ], [ [ 27.1313, 38.5533 ], [ 27.1266445026178, 38.549032460732988 ], [ 27.1268, 38.5489 ], [ 27.1313, 38.5533 ] ], [ [ 27.336108186469605, 39.153234223990914 ], [ 27.357474172185317, 39.157581953642364 ], [ 27.3392, 39.1545 ], [ 27.336108186469605, 39.153234223990914 ] ], [ [ 27.376165835717327, 39.160734317531691 ], [ 27.4217, 39.1668 ], [ 27.3896, 39.163 ], [ 27.376165835717327, 39.160734317531691 ] ] ], [ [ [ 26.7184, 38.6771 ], [ 26.7134, 38.6739 ], [ 26.7112, 38.6753 ], [ 26.7142, 38.6773 ], [ 26.7184, 38.6771 ] ] ], [ [ [ 26.7264, 38.691 ], [ 26.7275, 38.6913 ], [ 26.7274, 38.6904 ], [ 26.7264, 38.691 ] ] ], [ [ [ 26.7085, 38.6957 ], [ 26.7073, 38.6962 ], [ 26.7089, 38.6994 ], [ 26.7081, 38.7028 ], [ 26.7185, 38.6926 ], [ 26.7245, 38.6932 ], [ 26.7252, 38.6911 ], [ 26.7217, 38.6869 ], [ 26.7231, 38.6843 ], [ 26.7274, 38.6839 ], [ 26.7247, 38.6832 ], [ 26.723, 38.6841 ], [ 26.7204, 38.6879 ], [ 26.7117, 38.6931 ], [ 26.7086, 38.6921 ], [ 26.7092, 38.6945 ], [ 26.7072, 38.6952 ], [ 26.7085, 38.6957 ] ] ], [ [ [ 26.7254, 38.7031 ], [ 26.7265, 38.704 ], [ 26.7261, 38.7026 ], [ 26.7254, 38.7031 ] ] ], [ [ [ 26.7099, 38.7146 ], [ 26.7089, 38.7121 ], [ 26.708, 38.7114 ], [ 26.7085, 38.7167 ], [ 26.7099, 38.7146 ] ] ], [ [ [ 26.7332, 38.7345 ], [ 26.7339, 38.7323 ], [ 26.7318, 38.7327 ], [ 26.7332, 38.7345 ] ] ], [ [ [ 26.8864, 38.8469 ], [ 26.8831, 38.8464 ], [ 26.8802, 38.8486 ], [ 26.8784, 38.8472 ], [ 26.8768, 38.848 ], [ 26.8768, 38.8527 ], [ 26.8824, 38.8558 ], [ 26.8878, 38.8544 ], [ 26.8864, 38.8469 ] ] ], [ [ [ 26.8808, 38.8627 ], [ 26.8808, 38.8635 ], [ 26.8818, 38.8625 ], [ 26.8808, 38.8627 ] ] ], [ [ [ 26.8915, 38.8644 ], [ 26.8942, 38.8664 ], [ 26.8927, 38.8628 ], [ 26.8922, 38.8624 ], [ 26.8915, 38.8644 ] ] ], [ [ [ 26.9079, 38.8901 ], [ 26.9088, 38.8892 ], [ 26.9079, 38.8888 ], [ 26.9079, 38.8901 ] ] ], [ [ [ 26.8395, 38.903 ], [ 26.8377, 38.9014 ], [ 26.8345, 38.9034 ], [ 26.8324, 38.9063 ], [ 26.8328, 38.909 ], [ 26.8395, 38.903 ] ] ], [ [ [ 26.8118, 38.9214 ], [ 26.8098, 38.9222 ], [ 26.8126, 38.9231 ], [ 26.8075, 38.924 ], [ 26.8075, 38.9266 ], [ 26.8115, 38.9273 ], [ 26.8174, 38.9225 ], [ 26.8241, 38.9236 ], [ 26.8263, 38.9195 ], [ 26.8242, 38.9152 ], [ 26.8216, 38.914 ], [ 26.8223, 38.9117 ], [ 26.8179, 38.9118 ], [ 26.8154, 38.9152 ], [ 26.8112, 38.915 ], [ 26.8067, 38.9178 ], [ 26.8112, 38.9188 ], [ 26.8118, 38.9214 ] ] ], [ [ [ 26.8065, 38.9208 ], [ 26.8049, 38.9211 ], [ 26.806, 38.9218 ], [ 26.8078, 38.9215 ], [ 26.8065, 38.9208 ] ] ], [ [ [ 26.8054, 38.9355 ], [ 26.8059, 38.9343 ], [ 26.8052, 38.9341 ], [ 26.8054, 38.9355 ] ] ], [ [ [ 26.8055, 38.936 ], [ 26.8044, 38.9363 ], [ 26.8042, 38.9374 ], [ 26.8047, 38.9372 ], [ 26.8055, 38.936 ] ] ], [ [ [ 26.7971, 38.9976 ], [ 26.7929, 38.9967 ], [ 26.7914, 38.9976 ], [ 26.7941, 39.0065 ], [ 26.7926, 39.0082 ], [ 26.7967, 39.0111 ], [ 26.7996, 39.0104 ], [ 26.7953, 39.0012 ], [ 26.7971, 38.9976 ] ] ], [ [ [ 26.7839, 39.0006 ], [ 26.7837, 39.0077 ], [ 26.7808, 39.0085 ], [ 26.7822, 39.0107 ], [ 26.7856, 39.0109 ], [ 26.7868, 39.0124 ], [ 26.7889, 39.0096 ], [ 26.7867, 39.0028 ], [ 26.7839, 39.0006 ] ] ], [ [ [ 27.8306, 37.9718 ], [ 27.8101, 37.9626 ], [ 27.7975, 37.9631 ], [ 27.7843, 37.9672 ], [ 27.7731, 37.9677 ], [ 27.7157, 37.9822 ], [ 27.7097, 37.9822 ], [ 27.7031, 37.9806 ], [ 27.7012, 37.978 ], [ 27.6886, 37.977 ], [ 27.6728, 37.9693 ], [ 27.6675, 37.962 ], [ 27.6391, 37.9615 ], [ 27.6292, 37.9688 ], [ 27.6256, 37.9744 ], [ 27.6226, 37.9791 ], [ 27.618, 38.0018 ], [ 27.6101, 38.0069 ], [ 27.5982, 38.0064 ], [ 27.5559, 38.0111 ], [ 27.5262, 37.9977 ], [ 27.5216, 37.9915 ], [ 27.4978, 37.9749 ], [ 27.4923, 37.9737 ], [ 27.492, 37.9879 ], [ 27.4898, 37.9932 ], [ 27.4838, 37.999 ], [ 27.4831, 38.0072 ], [ 27.4865, 38.0206 ], [ 27.4895, 38.0241 ], [ 27.4921, 38.0358 ], [ 27.4954, 38.0416 ], [ 27.4958, 38.0451 ], [ 27.4913, 38.0518 ], [ 27.4935, 38.0581 ], [ 27.4931, 38.0647 ], [ 27.496, 38.0697 ], [ 27.5049, 38.0732 ], [ 27.5145, 38.0739 ], [ 27.5145, 38.0832 ], [ 27.5125, 38.0883 ], [ 27.5176, 38.1005 ], [ 27.5144, 38.102 ], [ 27.5198, 38.1056 ], [ 27.5175, 38.1059 ], [ 27.5166, 38.1108 ], [ 27.508, 38.1092 ], [ 27.5069, 38.1145 ], [ 27.5037, 38.1143 ], [ 27.5041, 38.1126 ], [ 27.5025, 38.1122 ], [ 27.5012, 38.1143 ], [ 27.4981, 38.1147 ], [ 27.4982, 38.1209 ], [ 27.4886, 38.1184 ], [ 27.4768, 38.1128 ], [ 27.4765, 38.1143 ], [ 27.483310838101641, 38.120453651969029 ], [ 27.48, 38.1183 ], [ 27.4779, 38.1199 ], [ 27.4763, 38.1282 ], [ 27.4737, 38.1325 ], [ 27.4685, 38.136 ], [ 27.4696, 38.1367 ], [ 27.4519, 38.1355 ], [ 27.4389, 38.1321 ], [ 27.4347, 38.133 ], [ 27.4423, 38.1469 ], [ 27.4453, 38.1576 ], [ 27.4497, 38.1623 ], [ 27.4541, 38.1612 ], [ 27.4581, 38.1661 ], [ 27.4549, 38.1725 ], [ 27.4623, 38.1825 ], [ 27.4632, 38.1855 ], [ 27.4618, 38.1866 ], [ 27.4651, 38.1969 ], [ 27.4681, 38.1999 ], [ 27.4678, 38.2088 ], [ 27.4734, 38.2088 ], [ 27.4798, 38.2165 ], [ 27.4832, 38.2166 ], [ 27.4863, 38.212 ], [ 27.4885, 38.2124 ], [ 27.491, 38.2158 ], [ 27.4963, 38.2142 ], [ 27.5006, 38.2168 ], [ 27.506, 38.2243 ], [ 27.5056, 38.2273 ], [ 27.5095, 38.227 ], [ 27.5119, 38.2284 ], [ 27.5209, 38.2383 ], [ 27.5202, 38.2435 ], [ 27.5226, 38.2459 ], [ 27.5228, 38.251 ], [ 27.5171, 38.2554 ], [ 27.5153, 38.2634 ], [ 27.5114, 38.265 ], [ 27.5062, 38.264 ], [ 27.5028, 38.2709 ], [ 27.499, 38.2736 ], [ 27.4964, 38.2813 ], [ 27.4923, 38.2849 ], [ 27.4918, 38.2878 ], [ 27.4824, 38.2924 ], [ 27.4869, 38.2933 ], [ 27.4914, 38.3004 ], [ 27.5137, 38.3085 ], [ 27.5458, 38.3126 ], [ 27.5634, 38.3109 ], [ 27.6099, 38.3131 ], [ 27.609, 38.3184 ], [ 27.6104, 38.3228 ], [ 27.6465, 38.3323 ], [ 27.6542, 38.3296 ], [ 27.654, 38.3222 ], [ 27.666, 38.3212 ], [ 27.6753, 38.3324 ], [ 27.681, 38.3268 ], [ 27.6861, 38.327 ], [ 27.7053, 38.3196 ], [ 27.7188, 38.3412 ], [ 27.7185, 38.3482 ], [ 27.7237, 38.3583 ], [ 27.7352, 38.3612 ], [ 27.7379, 38.3607 ], [ 27.7467, 38.3483 ], [ 27.7573, 38.341 ], [ 27.775, 38.335 ], [ 27.8108, 38.3295 ], [ 27.8403, 38.3254 ], [ 27.8561, 38.3208 ], [ 27.8797, 38.3167 ], [ 27.8891, 38.319 ], [ 27.8932, 38.3231 ], [ 27.8891, 38.3291 ], [ 27.885, 38.3511 ], [ 27.8761, 38.3708 ], [ 27.875, 38.3786 ], [ 27.8914, 38.391 ], [ 27.8973, 38.3983 ], [ 27.9014, 38.4011 ], [ 27.9103, 38.4038 ], [ 27.9185, 38.4057 ], [ 27.9308, 38.4015 ], [ 27.9579, 38.3882 ], [ 27.9797, 38.3878 ], [ 27.9926, 38.3919 ], [ 28.0026, 38.3979 ], [ 28.0185, 38.4029 ], [ 28.0238, 38.4025 ], [ 28.0567, 38.4089 ], [ 28.0885, 38.4043 ], [ 28.0997, 38.3993 ], [ 28.1068, 38.3924 ], [ 28.1097, 38.3791 ], [ 28.1144, 38.3704 ], [ 28.1232, 38.3635 ], [ 28.1379, 38.3553 ], [ 28.1538, 38.3516 ], [ 28.1774, 38.3434 ], [ 28.1897, 38.3369 ], [ 28.2197, 38.3282 ], [ 28.2338, 38.3255 ], [ 28.2538, 38.325 ], [ 28.2562, 38.3269 ], [ 28.2627, 38.3278 ], [ 28.2738, 38.3259 ], [ 28.2768, 38.3232 ], [ 28.3233, 38.314 ], [ 28.3492, 38.3044 ], [ 28.378, 38.2801 ], [ 28.3927, 38.2719 ], [ 28.418, 38.2654 ], [ 28.4374, 38.265 ], [ 28.4674, 38.2581 ], [ 28.4798, 38.2503 ], [ 28.488, 38.2407 ], [ 28.4927, 38.2265 ], [ 28.488, 38.2114 ], [ 28.4803, 38.1977 ], [ 28.4633, 38.188 ], [ 28.4563, 38.1769 ], [ 28.4557, 38.1632 ], [ 28.4639, 38.1508 ], [ 28.4751, 38.1467 ], [ 28.4874, 38.1375 ], [ 28.488, 38.1316 ], [ 28.4992, 38.1261 ], [ 28.4928, 38.1215 ], [ 28.471, 38.1122 ], [ 28.4631, 38.106 ], [ 28.4532, 38.1055 ], [ 28.438, 38.0926 ], [ 28.4017, 38.0931 ], [ 28.3608, 38.1184 ], [ 28.3529, 38.12 ], [ 28.3397, 38.1194 ], [ 28.3357, 38.1112 ], [ 28.335, 38.1009 ], [ 28.3249, 38.0969 ], [ 28.3007, 38.0788 ], [ 28.3073, 38.0627 ], [ 28.2835, 38.0472 ], [ 28.2782, 38.04 ], [ 28.2657, 38.0374 ], [ 28.2261, 38.0358 ], [ 28.1996, 38.0296 ], [ 28.1805, 38.0302 ], [ 28.1699, 38.0338 ], [ 28.1567, 38.0441 ], [ 28.1548, 38.0426 ], [ 28.1475, 38.0193 ], [ 28.1415, 38.0167 ], [ 28.1264, 38.0157 ], [ 28.1105, 38.0183 ], [ 28.0749, 38.0198 ], [ 28.0643, 38.0219 ], [ 28.0557, 38.0209 ], [ 28.0485, 38.0178 ], [ 27.9989, 37.9775 ], [ 27.9421, 37.9909 ], [ 27.9252, 37.9891 ], [ 27.8893, 37.9853 ], [ 27.8655, 37.9786 ], [ 27.8543, 37.9729 ], [ 27.8306, 37.9718 ] ], [ [ 27.495915361445778, 38.128652710843376 ], [ 27.5235, 38.1426 ], [ 27.5006, 38.1317 ], [ 27.495915361445778, 38.128652710843376 ] ], [ [ 27.79565062972291, 38.230858942065481 ], [ 27.8179, 38.2475 ], [ 27.7989, 38.234 ], [ 27.79565062972291, 38.230858942065481 ] ], [ [ 27.927617381092194, 38.158002524955954 ], [ 27.9264, 38.1597 ], [ 27.9212, 38.1629 ], [ 27.927617381092194, 38.158002524955954 ] ], [ [ 27.9282, 38.046 ], [ 27.9289, 38.0416 ], [ 27.9278, 38.0524 ], [ 27.9282, 38.046 ] ], [ [ 28.208, 38.1539 ], [ 28.2136, 38.1524 ], [ 28.2271, 38.1501 ], [ 28.208, 38.1539 ] ], [ [ 28.1876, 38.1792 ], [ 28.1995, 38.1632 ], [ 28.208, 38.1539 ], [ 28.1876, 38.1792 ] ], [ [ 28.119, 38.2857 ], [ 28.119, 38.2822 ], [ 28.122177233429387, 38.275986743515865 ], [ 28.119, 38.2857 ] ], [ [ 28.123280487804887, 38.273829268292666 ], [ 28.1235, 38.2734 ], [ 28.1257, 38.2702 ], [ 28.123280487804887, 38.273829268292666 ] ], [ [ 28.132372010994047, 38.265040311497941 ], [ 28.133571208530803, 38.263400592417064 ], [ 28.1332, 38.2644 ], [ 28.132372010994047, 38.265040311497941 ] ], [ [ 28.135070731707316, 38.259363414634144 ], [ 28.134260427263477, 38.255581993896236 ], [ 28.1358, 38.2574 ], [ 28.135070731707316, 38.259363414634144 ] ], [ [ 28.1242, 38.2393 ], [ 28.126, 38.2343 ], [ 28.12762334830019, 38.232605452212958 ], [ 28.1242, 38.2393 ] ], [ [ 28.136989730659021, 38.222828263610317 ], [ 28.1374, 38.2224 ], [ 28.1659, 38.2075 ], [ 28.136989730659021, 38.222828263610317 ] ] ], [ [ [ 27.1501, 38.4651 ], [ 27.1506, 38.4636 ], [ 27.1505, 38.4636 ], [ 27.1501, 38.4651 ] ] ], [ [ [ 27.0324, 38.8808 ], [ 27.0337, 38.8797 ], [ 27.0323, 38.8792 ], [ 27.0324, 38.8808 ] ] ], [ [ [ 27.0395, 38.8846 ], [ 27.0383, 38.8849 ], [ 27.0393, 38.8858 ], [ 27.0416, 38.8856 ], [ 27.0395, 38.8846 ] ] ], [ [ [ 26.9095, 38.8907 ], [ 26.9118, 38.8902 ], [ 26.9099, 38.8897 ], [ 26.9095, 38.8907 ] ] ], [ [ [ 27.0212, 38.9229 ], [ 27.0235, 38.9238 ], [ 27.0266, 38.9196 ], [ 27.0212, 38.9229 ] ] ], [ [ [ 26.9452, 38.9324 ], [ 26.9446, 38.9338 ], [ 26.9454, 38.9336 ], [ 26.9464, 38.9321 ], [ 26.9452, 38.9324 ] ] ] ] } },
{ "type": "Feature", "properties": { "cevre_id": "KAHRAMANMARAS", "cevre_adi": "KAHRAMANMARAS", "il": "KAHRAMANMARAS", "mv_sayisi": 8 }, "geometry": { "type": "MultiPolygon", "coordinates": [ [ [ [ 37.039100646972656, 38.594539642334098 ], [ 37.059886932373331, 38.578189849853516 ], [ 37.288425445556584, 38.595909118652571 ], [ 37.274082183838175, 38.554397583007926 ], [ 37.19495010376005, 38.492843627929688 ], [ 37.197761535644702, 38.46109771728527 ], [ 37.36172103881853, 38.465408325195312 ], [ 37.45554351806652, 38.45201492309593 ], [ 37.699298858642749, 38.358089447021484 ], [ 37.773830413818644, 38.310089111328068 ], [ 37.772167205810717, 38.22153472900402 ], [ 37.634899139404354, 37.916770935058707 ], [ 37.525821685791072, 37.772682189941463 ], [ 37.413574218750057, 37.685104370117358 ], [ 37.426506042480526, 37.604759216308537 ], [ 37.573127746582202, 37.550518035888672 ], [ 37.622962951660213, 37.512134552002237 ], [ 37.61789703369169, 37.425151824951286 ], [ 37.555526733398722, 37.382736206054631 ], [ 37.185897827148381, 37.332862854004134 ], [ 37.089210510253906, 37.282642364502067 ], [ 37.048294067382869, 37.234699249267578 ], [ 37.010841369629077, 37.217384338378906 ], [ 36.965000152587891, 37.232959747314453 ], [ 36.930515289306697, 37.345127105712891 ], [ 36.905574798584269, 37.366729736328125 ], [ 36.728641510009936, 37.276050567626953 ], [ 36.65103912353544, 37.329986572265682 ], [ 36.582782745361385, 37.405204772949332 ], [ 36.488948822021541, 37.368858337402344 ], [ 36.378616333007869, 37.349002838134822 ], [ 36.255264282226847, 37.363426208496207 ], [ 36.212810516357536, 37.517009735107479 ], [ 36.2694740295413, 37.582317352295036 ], [ 36.359855651855639, 37.745281219482592 ], [ 36.360103607178019, 37.77470779418968 ], [ 36.319038391113452, 37.83251953125 ], [ 36.315170288086222, 37.885597229003963 ], [ 36.335357666015739, 37.996673583984489 ], [ 36.428920745849723, 38.257984161376953 ], [ 36.584957122803019, 38.394802093505916 ], [ 36.678695678711222, 38.504093170166072 ], [ 36.714694976806584, 38.585800170898665 ], [ 36.920482635498331, 38.628463745117188 ], [ 37.039100646972656, 38.594539642334098 ] ] ] ] } },
{ "type": "Feature", "properties": { "cevre_id": "KARABUK", "cevre_adi": "KARABUK", "il": "KARABUK", "mv_sayisi": 3 }, "geometry": { "type": "MultiPolygon", "coordinates": [ [ [ [ 32.972885131835994, 41.520233154296932 ], [ 33.044803619384936, 41.416450500488452 ], [ 33.010940551757983, 41.370845794677791 ], [ 32.951057434082202, 41.333637237549055 ], [ 32.918903350830249, 41.285110473632869 ], [ 32.917327880859432, 41.214569091796989 ], [ 32.927604675293139, 41.195224761963175 ], [ 33.011619567871207, 41.154235839843977 ], [ 33.077140808105639, 41.088871002197266 ], [ 33.027935028076456, 41.016464233398438 ], [ 32.691940307617301, 40.957851409912166 ], [ 32.519256591796875, 40.839225769043082 ], [ 32.484817504883097, 40.874618530273665 ], [ 32.281967163086108, 40.941097259521712 ], [ 32.285209655761889, 41.008300781250057 ], [ 32.091995239257983, 41.018367767334041 ], [ 32.109592437744084, 41.125061035156477 ], [ 32.13407135009794, 41.157505035400391 ], [ 32.202606201172046, 41.198169708251953 ], [ 32.301856994628963, 41.237632751464957 ], [ 32.428539276123217, 41.254291534424055 ], [ 32.609321594238338, 41.339672088623047 ], [ 32.656684875488565, 41.377902984619197 ], [ 32.697933197021541, 41.464015960693359 ], [ 32.755634307861499, 41.489173889160384 ], [ 32.793640136719034, 41.527175903320426 ], [ 32.823165893554801, 41.513092041015739 ], [ 32.925575256347713, 41.553955078125 ], [ 32.972885131835994, 41.520233154296932 ] ] ] ] } },
{ "type": "Feature", "properties": { "cevre_id": "KARAMAN", "cevre_adi": "KARAMAN", "il": "KARAMAN", "mv_sayisi": 3 }, "geometry": { "type": "MultiPolygon", "coordinates": [ [ [ [ 33.829673767089957, 37.381584167480582 ], [ 33.905017852783374, 37.321617126465071 ], [ 33.933216094970703, 37.272449493408374 ], [ 34.098758697509709, 37.240989685058707 ], [ 34.197612762451342, 37.17826080322277 ], [ 34.092498779296932, 37.131454467773665 ], [ 33.989757537841854, 37.126686096191634 ], [ 33.867404937744084, 37.061119079589957 ], [ 33.750389099121037, 37.028026580810661 ], [ 33.632530212402344, 37.047321319580192 ], [ 33.529609680175838, 37.002975463867301 ], [ 33.388763427734375, 36.999134063720703 ], [ 33.115837097168139, 36.852386474609432 ], [ 32.961845397949503, 36.809215545654524 ], [ 33.040004730224609, 36.676963806152457 ], [ 33.096580505371264, 36.634300231933537 ], [ 33.217575073242244, 36.58370590209978 ], [ 33.230613708496378, 36.559211730957031 ], [ 33.213207244873217, 36.522609710693473 ], [ 33.054721832275561, 36.468769073486385 ], [ 32.795829772949276, 36.431247711181754 ], [ 32.658142089843807, 36.446079254150504 ], [ 32.554233551025561, 36.508216857910099 ], [ 32.503814697265682, 36.561042785644645 ], [ 32.456497192382983, 36.674057006835994 ], [ 32.470584869384822, 36.751125335693303 ], [ 32.608047485351847, 36.784622192382812 ], [ 32.748134613037394, 36.850887298583984 ], [ 32.809719085693473, 36.910945892334098 ], [ 32.616397857666186, 36.948932647705078 ], [ 32.565792083740519, 36.988525390625 ], [ 32.564231872558764, 37.013008117676009 ], [ 32.647991180420206, 37.093460083007812 ], [ 32.68590164184576, 37.157508850097656 ], [ 32.691440582275447, 37.211727142334269 ], [ 32.768863677978572, 37.233978271484375 ], [ 32.841159820556697, 37.21237945556652 ], [ 32.900009155273494, 37.213756561279524 ], [ 32.862831115722713, 37.281120300292969 ], [ 32.917613983154354, 37.369514465332088 ], [ 33.056598663330078, 37.388217926025391 ], [ 33.111625671386719, 37.448928833007756 ], [ 33.147506713867358, 37.456317901611499 ], [ 33.201309204101733, 37.453342437744197 ], [ 33.296306610107706, 37.377433776855469 ], [ 33.353820800781534, 37.375347137451286 ], [ 33.388496398925838, 37.397289276123161 ], [ 33.421478271484432, 37.477863311767578 ], [ 33.486095428467081, 37.541919708251953 ], [ 33.64541244506853, 37.604286193847884 ], [ 33.726142883301065, 37.608123779296932 ], [ 33.829673767089957, 37.381584167480582 ] ] ] ] } },
{ "type": "Feature", "properties": { "cevre_id": "KARS", "cevre_adi": "KARS", "il": "KARS", "mv_sayisi": 3 }, "geometry": { "type": "MultiPolygon", "coordinates": [ [ [ [ 43.599414825439737, 40.985626220703352 ], [ 43.676242828369197, 40.927700042724609 ], [ 43.676109313964901, 40.844436645507983 ], [ 43.713020324707315, 40.811920166015739 ], [ 43.748699188232479, 40.735939025878963 ], [ 43.736301422119197, 40.707901000976619 ], [ 43.750053405761719, 40.680580139160156 ], [ 43.675224304199332, 40.57935714721674 ], [ 43.642005920410213, 40.559001922607592 ], [ 43.647968292236328, 40.531520843505859 ], [ 43.631858825683651, 40.537345886230469 ], [ 43.626861572265796, 40.519538879394645 ], [ 43.545551300048885, 40.47705078125 ], [ 43.618808746337947, 40.418064117431641 ], [ 43.5936927795413, 40.3372802734375 ], [ 43.639865875244425, 40.276622772216911 ], [ 43.681713104248217, 40.258499145507983 ], [ 43.681953430175724, 40.229919433593807 ], [ 43.575031280517862, 40.186195373535156 ], [ 43.411888122558594, 40.182025909423942 ], [ 43.38365554809576, 40.167209625244141 ], [ 43.393310546875114, 40.131748199462891 ], [ 43.380401611328068, 40.112411499023438 ], [ 43.306949615478572, 40.109199523926009 ], [ 43.292118072509822, 40.071033477783487 ], [ 43.346298217773608, 39.999179840087891 ], [ 43.350471496582031, 39.962757110595703 ], [ 43.103221893310717, 40.008327484130859 ], [ 42.710891723633097, 39.91766357421875 ], [ 42.627677917480526, 39.920089721679631 ], [ 42.566364288330135, 39.947551727295149 ], [ 42.498966217041186, 40.041206359863224 ], [ 42.367481231689737, 40.131492614746151 ], [ 42.205627441406534, 40.166572570800781 ], [ 42.138141632080135, 40.255275726318473 ], [ 42.149829864502237, 40.289623260498161 ], [ 42.271778106689624, 40.316322326660213 ], [ 42.514598846435717, 40.410617828369141 ], [ 42.538536071777514, 40.444206237793253 ], [ 42.570297241211051, 40.590175628662223 ], [ 42.548084259033487, 40.640731811523608 ], [ 42.611167907714787, 40.640113830566349 ], [ 42.704601287841854, 40.681495666503849 ], [ 42.836013793945597, 40.713542938232649 ], [ 42.869586944580135, 40.770298004150391 ], [ 42.873275756836108, 40.852668762207088 ], [ 42.908889770508097, 40.921489715576286 ], [ 42.993515014648494, 40.961849212646484 ], [ 43.112609863281193, 40.984458923339901 ], [ 43.218975067138842, 41.02573394775402 ], [ 43.260841369629077, 41.084224700927848 ], [ 43.263774871826172, 41.155364990234432 ], [ 43.280563354492244, 41.18324279785179 ], [ 43.365367889404411, 41.202350616455249 ], [ 43.437232971191349, 41.179378509521598 ], [ 43.471282958984432, 41.129795074463004 ], [ 43.449779510498217, 41.09215164184593 ], [ 43.472160339355469, 41.027984619140852 ], [ 43.599414825439737, 40.985626220703352 ] ] ] ] } },
{ "type": "Feature", "properties": { "cevre_id": "KASTAMONU", "cevre_adi": "KASTAMONU", "il": "KASTAMONU", "mv_sayisi": 3 }, "geometry": { "type": "MultiPolygon", "coordinates": [ [ [ [ 33.338748931884766, 42.020416259765739 ], [ 33.678470611572322, 41.980415344238281 ], [ 34.046806335449219, 41.982082366943359 ], [ 34.226531982421932, 41.955139160156477 ], [ 34.225559234619425, 41.874015808105469 ], [ 34.267166137695369, 41.805038452148665 ], [ 34.269077301025675, 41.739074707031364 ], [ 34.493095397949503, 41.724838256835938 ], [ 34.599296569824332, 41.668979644775504 ], [ 34.596225738525561, 41.634914398193359 ], [ 34.567058563232592, 41.592460632324219 ], [ 34.465148925781307, 41.540878295898494 ], [ 34.475601196289233, 41.303886413574219 ], [ 34.434368133544979, 41.306133270263729 ], [ 34.394657135009766, 41.277118682861499 ], [ 34.290962219238452, 41.167438507080078 ], [ 34.210571289062614, 41.040046691894645 ], [ 34.226070404052791, 41.00858306884777 ], [ 34.279071807861328, 40.976325988769645 ], [ 34.277767181396541, 40.927242279053019 ], [ 34.035892486572322, 40.850971221923771 ], [ 33.892864227294979, 40.891555786132812 ], [ 33.823852539062671, 40.919368743896541 ], [ 33.788246154785213, 40.951320648193359 ], [ 33.791225433349666, 40.995929718017521 ], [ 33.860649108886719, 41.052822113037109 ], [ 33.858146667480412, 41.077766418457259 ], [ 33.82796859741228, 41.09726715087902 ], [ 33.449188232422159, 40.962253570556697 ], [ 33.385791778564396, 40.961006164550838 ], [ 33.215167999267635, 41.062389373779354 ], [ 33.148246765136719, 41.087013244628906 ], [ 33.077140808105639, 41.088871002197266 ], [ 32.991531372070369, 41.169620513916072 ], [ 32.927604675293139, 41.195224761963175 ], [ 32.913772583007926, 41.275463104248274 ], [ 32.951057434082202, 41.333637237549055 ], [ 33.010940551757983, 41.370845794677791 ], [ 33.044803619384936, 41.416450500488452 ], [ 32.952548980712947, 41.546436309814624 ], [ 32.827293395996094, 41.595649719238395 ], [ 32.761165618896655, 41.7322998046875 ], [ 32.680973052978629, 41.834583282470646 ], [ 32.914028167724666, 41.873474121093807 ], [ 33.027362823486612, 41.927360534668253 ], [ 33.169029235839787, 41.955417633056868 ], [ 33.338748931884766, 42.020416259765739 ] ] ] ] } },
{ "type": "Feature", "properties": { "cevre_id": "KAYSERI", "cevre_adi": "KAYSERI", "il": "KAYSERI", "mv_sayisi": 10 }, "geometry": { "type": "MultiPolygon", "coordinates": [ [ [ [ 35.948204040527628, 39.200828552246037 ], [ 36.012729644775504, 39.148101806640852 ], [ 36.067920684814453, 39.129901885986385 ], [ 36.307441711425781, 39.130260467529524 ], [ 36.374038696289119, 39.153411865234432 ], [ 36.459373474121378, 39.130359649658203 ], [ 36.603393554687443, 39.175640106201229 ], [ 36.777328491211222, 39.175086975097656 ], [ 36.889068603515739, 39.131286621093807 ], [ 36.944854736328296, 39.057159423828239 ], [ 36.758411407470874, 38.674396514892805 ], [ 36.732337951660099, 38.591064453125 ], [ 36.699138641357479, 38.572242736816463 ], [ 36.675273895263672, 38.499301910400618 ], [ 36.509117126464957, 38.322906494140625 ], [ 36.49144363403326, 38.316326141357422 ], [ 36.473384857178019, 38.336627960205135 ], [ 36.408332824707202, 38.455623626709212 ], [ 36.305366516113338, 38.463748931884766 ], [ 36.146896362304744, 38.402191162109489 ], [ 36.007938385009822, 38.181381225585938 ], [ 35.680976867676065, 38.059661865234318 ], [ 35.621017456054744, 37.955760955810661 ], [ 35.437164306640682, 37.919582366943359 ], [ 35.265781402587947, 37.959201812744254 ], [ 35.312152862548885, 38.040725708007926 ], [ 35.311183929443416, 38.168991088867188 ], [ 35.279579162597713, 38.221496582031477 ], [ 35.236129760742244, 38.254776000976506 ], [ 35.122283935546989, 38.259029388427848 ], [ 35.063629150390796, 38.282264709472656 ], [ 34.993675231933651, 38.421707153320312 ], [ 34.922523498535213, 38.432281494140682 ], [ 34.908813476562557, 38.461875915527457 ], [ 34.908012390136889, 38.504791259765739 ], [ 34.92678451538103, 38.538246154785156 ], [ 35.018016815185604, 38.565429687500114 ], [ 35.070098876953125, 38.613536834716854 ], [ 35.068992614746264, 38.748256683349723 ], [ 34.953247070312557, 38.798259735107706 ], [ 35.002136230469034, 39.013160705566406 ], [ 35.037403106689624, 39.038051605224609 ], [ 35.080066680908487, 39.037673950195369 ], [ 35.241218566894702, 39.00565338134777 ], [ 35.482967376709155, 39.099575042724666 ], [ 35.463966369628906, 39.156749725341854 ], [ 35.471805572509879, 39.186771392822379 ], [ 35.677078247070369, 39.203239440918026 ], [ 35.812648773193473, 39.299446105957031 ], [ 35.885440826416016, 39.276336669922159 ], [ 35.948204040527628, 39.200828552246037 ] ] ] ] } },
{ "type": "Feature", "properties": { "cevre_id": "KILIS", "cevre_adi": "KILIS", "il": "KILIS", "mv_sayisi": 2 }, "geometry": { "type": "MultiPolygon", "coordinates": [ [ [ [ 37.435653686523494, 36.781429290771769 ], [ 37.508502960205362, 36.655395507812557 ], [ 37.484977722167912, 36.641086578369141 ], [ 37.144741058349723, 36.663227081298828 ], [ 37.121917724609432, 36.659389495849609 ], [ 37.090995788574276, 36.62364578247076 ], [ 37.028041839599894, 36.660575866699332 ], [ 37.056037902832202, 36.724258422851619 ], [ 36.944351196289119, 36.781242370605526 ], [ 36.804183959961051, 36.798564910888786 ], [ 36.78188705444353, 36.823947906494254 ], [ 36.805789947509822, 36.852622985839901 ], [ 36.909992218017862, 36.902648925781364 ], [ 36.972259521484659, 36.993789672851676 ], [ 37.013324737548942, 37.010478973388786 ], [ 37.124984741210994, 37.010272979736442 ], [ 37.183128356933651, 36.985897064209269 ], [ 37.240356445312557, 36.865493774414062 ], [ 37.435653686523494, 36.781429290771769 ] ] ] ] } },
{ "type": "Feature", "properties": { "cevre_id": "KIRIKKALE", "cevre_adi": "KIRIKKALE", "il": "KIRIKKALE", "mv_sayisi": 3 }, "geometry": { "type": "MultiPolygon", "coordinates": [ [ [ [ 33.917881011962947, 40.26161193847679 ], [ 34.079017639160099, 40.224529266357479 ], [ 34.105388641357536, 40.131149291992415 ], [ 34.198616027831974, 40.037311553955078 ], [ 34.059497833252124, 39.948017120361442 ], [ 34.06889724731451, 39.808368682861442 ], [ 33.910820007324389, 39.705814361572266 ], [ 33.855770111083928, 39.563274383545036 ], [ 33.801372528076456, 39.514717102050895 ], [ 33.760181427002237, 39.444633483886889 ], [ 33.679565429687614, 39.443767547607422 ], [ 33.584907531738338, 39.381088256835938 ], [ 33.528022766113452, 39.254798889160099 ], [ 33.416896820068359, 39.16110992431652 ], [ 33.365608215332088, 39.225627899170149 ], [ 33.390270233154354, 39.277446746826172 ], [ 33.369384765625057, 39.317165374755916 ], [ 33.286685943603572, 39.330387115478629 ], [ 33.233318328857479, 39.376693725585938 ], [ 33.285533905029297, 39.461860656738509 ], [ 33.338455200195483, 39.715847015380973 ], [ 33.362762451171989, 39.758777618408317 ], [ 33.428653717041129, 39.810588836669979 ], [ 33.603286743164347, 39.891906738281421 ], [ 33.619411468506144, 39.958343505859602 ], [ 33.576469421386889, 40.048053741455135 ], [ 33.622394561767635, 40.155441284179801 ], [ 33.707740783691463, 40.258777618408203 ], [ 33.769126892090014, 40.284759521484489 ], [ 33.917881011962947, 40.26161193847679 ] ] ] ] } },
{ "type": "Feature", "properties": { "cevre_id": "KIRKLARELI", "cevre_adi": "KIRKLARELI", "il": "KIRKLARELI", "mv_sayisi": 3 }, "geometry": { "type": "MultiPolygon", "coordinates": [ [ [ [ 27.254264831543026, 42.1054115295413 ], [ 27.329357147216911, 42.084095001220703 ], [ 27.339616775512809, 42.062168121337891 ], [ 27.37686729431158, 42.049530029296932 ], [ 27.415891647338867, 41.990142822265625 ], [ 27.509033203125, 41.950714111328125 ], [ 27.551439285278548, 41.89959716796875 ], [ 27.567394256591911, 41.906280517578182 ], [ 27.557416915893555, 41.913585662841797 ], [ 27.568567276000977, 41.936641693115234 ], [ 27.668466567993107, 41.952606201172046 ], [ 27.692621231079158, 41.972965240478743 ], [ 27.729068756103743, 41.972743988037109 ], [ 27.802497863769645, 41.935733795166016 ], [ 27.827438354492472, 41.945426940918026 ], [ 27.813037872314737, 41.979782104492301 ], [ 27.851890563964957, 41.996574401855582 ], [ 27.902822494506836, 41.968566894531364 ], [ 28.031341552734659, 41.98703765869152 ], [ 28.057918548584041, 41.883193969726562 ], [ 28.010417938232479, 41.894027709960938 ], [ 27.995695114135913, 41.887638092041016 ], [ 27.970417022705192, 41.862361907959041 ], [ 27.995695114135913, 41.797359466552848 ], [ 28.042083740234546, 41.752639770507926 ], [ 28.040973663330362, 41.731250762939453 ], [ 28.105693817138842, 41.669303894043082 ], [ 28.090139389038086, 41.662918090820369 ], [ 28.09124946594244, 41.638473510742188 ], [ 28.149583816528548, 41.580516815185661 ], [ 27.977830886840934, 41.543331146240178 ], [ 27.86650657653837, 41.500820159912109 ], [ 27.770309448242188, 41.508777618408317 ], [ 27.730844497680607, 41.49436187744152 ], [ 27.67464828491228, 41.457752227783203 ], [ 27.673555374145565, 41.409912109374943 ], [ 27.643146514892521, 41.348999023437557 ], [ 27.55360603332548, 41.236564636230469 ], [ 27.520938873291016, 41.221145629882812 ], [ 27.472660064697436, 41.226486206054688 ], [ 27.377403259277344, 41.310066223144759 ], [ 27.262168884277514, 41.347400665283317 ], [ 26.914499282836857, 41.333065032959212 ], [ 26.881700515747241, 41.364166259765625 ], [ 26.882940292358569, 41.405998229980526 ], [ 27.000787734985579, 41.564857482910156 ], [ 26.997392654419002, 41.622680664062727 ], [ 26.921703338623104, 41.656303405761832 ], [ 26.9095973968507, 41.679828643798885 ], [ 26.951318740844897, 41.731407165527571 ], [ 26.969900131225529, 41.812602996826286 ], [ 26.988868713378906, 41.917926788330192 ], [ 26.971960067749308, 41.97768783569353 ], [ 26.98307037353544, 42.033229827880916 ], [ 27.019552230834961, 42.050571441650447 ], [ 27.028076171875284, 42.081169128417969 ], [ 27.069709777831974, 42.092285156250227 ], [ 27.209518432617131, 42.064937591552848 ], [ 27.208007812500171, 42.083984375 ], [ 27.254264831543026, 42.1054115295413 ] ] ] ] } },
{ "type": "Feature", "properties": { "cevre_id": "KIRSEHIR", "cevre_adi": "KIRSEHIR", "il": "KIRSEHIR", "mv_sayisi": 2 }, "geometry": { "type": "MultiPolygon", "coordinates": [ [ [ [ 34.226722717285213, 39.741729736328409 ], [ 34.357379913330362, 39.748535156250227 ], [ 34.425678253173771, 39.733055114746151 ], [ 34.468528747558764, 39.67209625244152 ], [ 34.544994354248104, 39.622127532958984 ], [ 34.525463104248217, 39.557762145996151 ], [ 34.656600952148608, 39.486606597900504 ], [ 34.61058425903326, 39.380512237549055 ], [ 34.609249114990291, 39.327224731445426 ], [ 34.661758422851733, 39.317752838134993 ], [ 34.726558685302791, 39.360916137695312 ], [ 34.754566192627124, 39.351558685302848 ], [ 34.686729431152514, 39.269874572753849 ], [ 34.692863464355639, 39.220260620117472 ], [ 34.625297546386719, 39.173606872558594 ], [ 34.636188507080135, 39.097076416015625 ], [ 34.567581176757869, 39.079063415527401 ], [ 34.576847076416072, 39.030117034912337 ], [ 34.520809173584098, 38.990596771240234 ], [ 34.475379943847656, 38.917903900146484 ], [ 34.473014831543026, 38.886650085449332 ], [ 34.427967071533146, 38.875957489013842 ], [ 34.339496612548999, 38.885543823242131 ], [ 34.310905456543082, 38.862415313720874 ], [ 34.302989959716911, 38.815876007080249 ], [ 34.262569427490519, 38.793670654296875 ], [ 34.221981048583928, 38.815670013427734 ], [ 34.176864624023381, 38.882102966308537 ], [ 34.077655792236328, 38.903553009033317 ], [ 33.981735229492472, 38.965106964111385 ], [ 33.9267005920413, 39.008110046386776 ], [ 33.94088363647478, 39.037784576416129 ], [ 33.598014831543139, 39.17142486572277 ], [ 33.528022766113452, 39.254798889160099 ], [ 33.584907531738338, 39.381088256835938 ], [ 33.679565429687614, 39.443767547607422 ], [ 33.760181427002237, 39.444633483886889 ], [ 33.801372528076456, 39.514717102050895 ], [ 33.855770111083928, 39.563274383545036 ], [ 33.907295227050838, 39.700912475586222 ], [ 33.963325500488338, 39.747650146484489 ], [ 34.06889724731451, 39.808368682861442 ], [ 34.226722717285213, 39.741729736328409 ] ] ] ] } },
{ "type": "Feature", "properties": { "cevre_id": "KOCAELI", "cevre_adi": "KOCAELI", "il": "KOCAELI", "mv_sayisi": 14 }, "geometry": { "type": "MultiPolygon", "coordinates": [ [ [ [ 30.272916793823413, 41.212081909179801 ], [ 30.349306106567553, 41.192916870117188 ], [ 30.377426147460881, 41.162662506103516 ], [ 30.371839523315714, 41.133312225341797 ], [ 30.320560455322266, 41.100971221924112 ], [ 30.288484573364315, 41.020324707031477 ], [ 30.362899780273722, 40.950325012207259 ], [ 30.377388000488565, 40.868991851806868 ], [ 30.366508483887003, 40.850341796875 ], [ 30.290256500244197, 40.821163177490348 ], [ 30.2994384765625, 40.755702972412337 ], [ 30.228591918945369, 40.62846755981451 ], [ 30.153219223022575, 40.621955871582145 ], [ 30.019073486328296, 40.578571319580192 ], [ 29.90131950378418, 40.579971313476676 ], [ 29.766637802124308, 40.613407135009993 ], [ 29.576255798339901, 40.55675125122076 ], [ 29.452556610107479, 40.555171966552734 ], [ 29.431001663208121, 40.560283660888615 ], [ 29.432935714721737, 40.679412841796875 ], [ 29.514583587646598, 40.741249084472827 ], [ 29.521528244018839, 40.720695495605696 ], [ 29.50736045837408, 40.717361450195256 ], [ 29.56263923645048, 40.686527252197379 ], [ 29.811527252197322, 40.730140686035099 ], [ 29.916805267334041, 40.714027404785384 ], [ 29.93680572509794, 40.719860076904354 ], [ 29.940139770507812, 40.755695343017805 ], [ 29.782636642456339, 40.740970611572266 ], [ 29.73125076293951, 40.771804809570369 ], [ 29.615139007568644, 40.782638549804858 ], [ 29.570693969726619, 40.765972137451229 ], [ 29.489305496215877, 40.78013992309576 ], [ 29.354583740234375, 40.755138397217024 ], [ 29.331806182861385, 40.816249847412053 ], [ 29.257085800170955, 40.802639007568416 ], [ 29.254304885864258, 40.814861297607536 ], [ 29.292638778686808, 40.833194732666129 ], [ 29.270696640014933, 40.831806182861555 ], [ 29.265417098999023, 40.842639923095703 ], [ 29.279306411743221, 40.836528778076172 ], [ 29.330535888672046, 40.862979888915959 ], [ 29.348457336425952, 40.891124725342024 ], [ 29.419984817504826, 40.920513153076229 ], [ 29.431894302368221, 40.974300384521541 ], [ 29.481319427490405, 41.000701904297102 ], [ 29.496175765991495, 41.035736083984375 ], [ 29.652343750000057, 41.010490417480582 ], [ 29.748725891113565, 41.053184509277457 ], [ 29.875808715820312, 41.080051422119311 ], [ 29.882820129394815, 41.103969573974666 ], [ 29.863510131835994, 41.142082214355582 ], [ 30.1526393890382, 41.137638092040959 ], [ 30.193195343017635, 41.147361755371151 ], [ 30.192361831665096, 41.162082672119141 ], [ 30.225973129272631, 41.16180419921875 ], [ 30.223747253418139, 41.186248779296875 ], [ 30.250972747802791, 41.186527252197266 ], [ 30.272916793823413, 41.212081909179801 ] ] ], [ [ [ 30.264030456543026, 41.21763992309593 ], [ 30.259860992431811, 41.214305877685661 ], [ 30.255695343017749, 41.215137481689453 ], [ 30.257360458374308, 41.21763992309593 ], [ 30.264030456543026, 41.21763992309593 ] ] ] ] } },
{ "type": "Feature", "properties": { "cevre_id": "KONYA", "cevre_adi": "KONYA", "il": "KONYA", "mv_sayisi": 15 }, "geometry": { "type": "MultiPolygon", "coordinates": [ [ [ [ 33.230518341064737, 39.222126007080078 ], [ 33.374038696289347, 39.037906646728516 ], [ 33.362129211425838, 38.791782379150504 ], [ 33.465042114257756, 38.636470794677791 ], [ 33.364070892333984, 38.537345886230526 ], [ 33.301437377929858, 38.347045898437614 ], [ 33.240203857422046, 38.247261047363509 ], [ 33.243114471435831, 38.201576232910156 ], [ 33.362567901611499, 38.003620147705192 ], [ 33.41840744018549, 37.947883605956974 ], [ 33.495018005371264, 37.932556152343807 ], [ 33.786247253417912, 37.957027435302791 ], [ 34.074249267578068, 38.012737274170149 ], [ 34.147918701172046, 38.007186889648722 ], [ 34.326908111572436, 37.856449127197266 ], [ 34.451175689697322, 37.700721740722656 ], [ 34.45323562622076, 37.647628784179801 ], [ 34.397258758544865, 37.555591583252067 ], [ 34.380016326904354, 37.472881317138672 ], [ 34.384258270263956, 37.454002380371151 ], [ 34.420326232910213, 37.44654464721674 ], [ 34.482170104980526, 37.395599365234432 ], [ 34.514114379882983, 37.333137512207145 ], [ 34.495208740234318, 37.313819885253963 ], [ 34.332847595215128, 37.241931915283374 ], [ 34.319168090820312, 37.221969604492188 ], [ 34.197612762451342, 37.17826080322277 ], [ 34.098758697509709, 37.240989685058707 ], [ 33.930988311767635, 37.274074554443473 ], [ 33.905017852783374, 37.321617126465071 ], [ 33.829673767089957, 37.381584167480582 ], [ 33.726142883301065, 37.608123779296932 ], [ 33.64541244506853, 37.604286193847884 ], [ 33.472419738769588, 37.532356262207088 ], [ 33.406707763672046, 37.454486846923885 ], [ 33.388496398925838, 37.397289276123161 ], [ 33.360069274902401, 37.37762451171875 ], [ 33.296306610107706, 37.377433776855469 ], [ 33.201309204101733, 37.453342437744197 ], [ 33.12356185913103, 37.454425811767578 ], [ 33.056598663330078, 37.388217926025391 ], [ 32.954086303710938, 37.383758544921875 ], [ 32.897201538086222, 37.352764129638672 ], [ 32.862457275390739, 37.275581359863281 ], [ 32.900009155273494, 37.213756561279524 ], [ 32.841159820556697, 37.21237945556652 ], [ 32.768863677978572, 37.233978271484375 ], [ 32.686759948730526, 37.208473205566406 ], [ 32.679237365722656, 37.142818450927791 ], [ 32.635391235351733, 37.078083038330078 ], [ 32.567897796631144, 37.018024444580078 ], [ 32.564151763916186, 36.991134643554801 ], [ 32.622947692871037, 36.946212768554688 ], [ 32.809719085693473, 36.910945892334098 ], [ 32.748134613037394, 36.850887298583984 ], [ 32.608047485351847, 36.784622192382812 ], [ 32.470584869384822, 36.751125335693303 ], [ 32.417442321777401, 36.827526092529524 ], [ 32.291046142578409, 36.850933074951172 ], [ 32.232948303222827, 37.000308990478572 ], [ 31.846702575683764, 37.288299560546989 ], [ 31.727830886840934, 37.327564239501953 ], [ 31.459989547729435, 37.341545104980412 ], [ 31.374643325805607, 37.370304107666016 ], [ 31.323301315307617, 37.424388885498161 ], [ 31.357999801635913, 37.481292724609489 ], [ 31.365823745727823, 37.549926757812727 ], [ 31.450740814209098, 37.777999877929688 ], [ 31.452302932739428, 37.852764129638786 ], [ 31.425519943237475, 37.90036773681652 ], [ 31.424312591552905, 37.965686798095817 ], [ 31.474828720093058, 38.020690917968864 ], [ 31.599279403686694, 38.065040588378906 ], [ 31.618766784668139, 38.105682373046875 ], [ 31.586572647094897, 38.145084381103572 ], [ 31.255617141723576, 38.366821289062557 ], [ 31.244230270386026, 38.41173171997076 ], [ 31.250438690185604, 38.42662429809576 ], [ 31.679281234741325, 38.632602691650447 ], [ 31.6107826232913, 38.674972534179631 ], [ 31.58945655822771, 38.725635528564453 ], [ 31.6233043670656, 38.817733764648665 ], [ 31.708700180053995, 38.953735351562727 ], [ 31.696891784668253, 39.093059539795149 ], [ 31.758911132812784, 39.075538635253906 ], [ 31.829113006591854, 39.100021362304915 ], [ 31.860668182373331, 39.167995452880916 ], [ 31.883207321167276, 39.173801422119254 ], [ 31.973306655883903, 39.104354858398438 ], [ 32.113323211669979, 39.031372070312727 ], [ 32.294452667236499, 39.06810379028326 ], [ 32.472068786621378, 38.994724273681754 ], [ 32.555919647216797, 39.049808502197379 ], [ 32.70268630981451, 39.032848358154411 ], [ 32.742153167724666, 39.082061767578125 ], [ 32.837898254394815, 39.153533935546875 ], [ 32.892547607421932, 39.154331207275504 ], [ 32.962631225586222, 39.126510620117244 ], [ 33.021648406982706, 39.159328460693473 ], [ 33.055221557617188, 39.218933105468864 ], [ 33.115245819091854, 39.220882415771541 ], [ 33.187801361084269, 39.276828765869084 ], [ 33.230518341064737, 39.222126007080078 ] ] ] ] } },
{ "type": "Feature", "properties": { "cevre_id": "KUTAHYA", "cevre_adi": "KUTAHYA", "il": "KUTAHYA", "mv_sayisi": 5 }, "geometry": { "type": "MultiPolygon", "coordinates": [ [ [ [ 29.562942504882926, 39.891212463378963 ], [ 29.677007675170842, 39.90554428100603 ], [ 29.692924499511889, 39.879703521728629 ], [ 29.686740875244311, 39.825405120849609 ], [ 29.722852706909237, 39.740993499756087 ], [ 29.952077865600756, 39.682159423828352 ], [ 30.12015342712408, 39.704483032226619 ], [ 30.18699836730957, 39.696708679199332 ], [ 30.137981414794922, 39.623779296875227 ], [ 30.314607620239315, 39.483478546142635 ], [ 30.317146301269815, 39.367877960205078 ], [ 30.414789199829158, 39.287094116210938 ], [ 30.453329086303881, 39.205997467041072 ], [ 30.446313858032511, 39.181560516357649 ], [ 30.384635925293253, 39.126319885253963 ], [ 30.260791778564396, 39.079544067382812 ], [ 30.171138763428019, 38.902561187744254 ], [ 30.102157592773722, 38.807487487793082 ], [ 29.917819976806925, 38.716899871826172 ], [ 29.894367218017862, 38.709682464599837 ], [ 29.89125251770048, 38.790119171142578 ], [ 29.862709045410213, 38.855148315429744 ], [ 29.688402175903491, 38.890506744384993 ], [ 29.593931198120174, 38.8758544921875 ], [ 29.50399398803728, 38.835620880127067 ], [ 29.305118560791072, 38.782318115234489 ], [ 29.233789443970011, 38.733341217041243 ], [ 29.090955734253157, 38.739379882812614 ], [ 29.03648948669445, 38.727699279785213 ], [ 29.032846450805664, 38.851329803466797 ], [ 29.010677337646769, 38.873256683349609 ], [ 28.98968505859375, 38.956939697265625 ], [ 28.95732307434082, 39.008655548095646 ], [ 28.886121749877987, 39.075222015380803 ], [ 28.695968627929688, 39.120712280273381 ], [ 28.662187576294059, 39.163825988769474 ], [ 28.661375045776367, 39.2337074279788 ], [ 28.793338775634766, 39.283752441406364 ], [ 28.883300781250227, 39.366607666015625 ], [ 28.940580368041935, 39.519817352295036 ], [ 28.934938430786246, 39.550872802734546 ], [ 28.96330642700218, 39.589256286621321 ], [ 29.021434783935547, 39.557746887207031 ], [ 29.092315673828125, 39.543609619140625 ], [ 29.229446411132983, 39.557651519775391 ], [ 29.247165679931697, 39.581157684326399 ], [ 29.267078399658203, 39.692760467529354 ], [ 29.336360931396655, 39.776153564453182 ], [ 29.406822204590014, 39.906528472900447 ], [ 29.452070236206168, 39.924568176269759 ], [ 29.562942504882926, 39.891212463378963 ] ] ] ] } },
{ "type": "Feature", "properties": { "cevre_id": "MALATYA", "cevre_adi": "MALATYA", "il": "MALATYA", "mv_sayisi": 6 }, "geometry": { "type": "MultiPolygon", "coordinates": [ [ [ [ 38.427520751953182, 39.116550445556697 ], [ 38.523433685302678, 39.114940643310547 ], [ 38.617038726806925, 39.079467773437614 ], [ 38.656471252441349, 39.050712585449162 ], [ 38.681869506836108, 39.004627227783317 ], [ 38.613189697265625, 39.010799407958984 ], [ 38.587699890136776, 38.978694915771769 ], [ 38.631317138672046, 38.876541137695426 ], [ 38.629730224609659, 38.750209808349553 ], [ 38.495624542236499, 38.744083404541129 ], [ 38.462364196777344, 38.728507995605582 ], [ 38.347343444824389, 38.586193084716797 ], [ 38.379295349121378, 38.512310028076286 ], [ 38.429889678955135, 38.475028991699332 ], [ 38.525379180908374, 38.462001800537223 ], [ 38.684249877929744, 38.412025451660213 ], [ 38.829200744628963, 38.402088165283317 ], [ 38.968620300293026, 38.308952331542912 ], [ 39.119144439697436, 38.338256835937557 ], [ 39.142196655273494, 38.285404205322266 ], [ 39.122989654541072, 38.197509765625114 ], [ 39.074615478515796, 38.144973754882812 ], [ 39.00511550903326, 38.11749267578125 ], [ 38.858875274658317, 38.092426300048828 ], [ 38.655338287353572, 38.09172439575201 ], [ 38.562923431396484, 38.124473571777457 ], [ 38.624332427978459, 38.169216156006144 ], [ 38.634452819824276, 38.199169158935661 ], [ 38.545761108398494, 38.230003356933594 ], [ 38.471187591552734, 38.218231201171932 ], [ 38.13481521606451, 38.089435577392635 ], [ 38.181053161621151, 37.918960571289062 ], [ 37.973274230957031, 37.860195159912223 ], [ 37.824371337890682, 37.881458282470703 ], [ 37.769504547119311, 37.86634826660179 ], [ 37.737289428711222, 37.834129333496321 ], [ 37.663505554199162, 37.835338592529354 ], [ 37.558151245117244, 37.808689117431754 ], [ 37.697540283203182, 38.038051605224609 ], [ 37.77407455444353, 38.227058410644588 ], [ 37.773830413818644, 38.310089111328068 ], [ 37.699298858642749, 38.358089447021484 ], [ 37.462284088134822, 38.450214385986328 ], [ 37.36172103881853, 38.465408325195312 ], [ 37.203033447265909, 38.458873748779524 ], [ 37.19495010376005, 38.492843627929688 ], [ 37.274082183838175, 38.554397583007926 ], [ 37.293075561523722, 38.599689483642692 ], [ 37.486011505127237, 38.70621490478527 ], [ 37.573925018310831, 38.776378631591797 ], [ 37.596317291259936, 38.836570739746264 ], [ 37.552742004394702, 38.925922393798828 ], [ 37.551895141601847, 38.959354400634993 ], [ 37.58811187744152, 39.009922027587947 ], [ 37.780391693115234, 39.001106262207315 ], [ 37.93951416015625, 39.059078216552734 ], [ 38.173679351806811, 39.071071624755859 ], [ 38.307487487792969, 39.138469696045149 ], [ 38.427520751953182, 39.116550445556697 ] ] ] ] } },
{ "type": "Feature", "properties": { "cevre_id": "MANISA", "cevre_adi": "MANISA", "il": "MANISA", "mv_sayisi": 10 }, "geometry": { "type": "MultiPolygon", "coordinates": [ [ [ [ 27.679256439208984, 39.346874237060547 ], [ 27.791463851928711, 39.357288360595817 ], [ 27.881540298462085, 39.345581054687614 ], [ 27.896583557128906, 39.357212066650447 ], [ 27.917137145996037, 39.329010009765625 ], [ 27.882318496704102, 39.269546508789062 ], [ 27.895751953125114, 39.236072540283203 ], [ 27.978343963623274, 39.228481292724837 ], [ 28.010795593261662, 39.210613250732536 ], [ 28.057016372680835, 39.172363281250114 ], [ 28.112621307373274, 39.062858581543026 ], [ 28.152387619018612, 39.045005798339844 ], [ 28.466716766357536, 39.12395095825201 ], [ 28.620576858520792, 39.181629180908317 ], [ 28.662187576294059, 39.163825988769474 ], [ 28.707931518554631, 39.113952636718977 ], [ 28.855918884277457, 39.086483001708928 ], [ 28.91626358032255, 39.054626464843977 ], [ 28.987447738647745, 38.961959838867244 ], [ 29.036460876465071, 38.830104827880973 ], [ 29.03648948669445, 38.727699279785213 ], [ 28.878778457641658, 38.637416839599666 ], [ 28.847818374633789, 38.576419830322379 ], [ 28.840629577637003, 38.490051269531477 ], [ 28.856254577636776, 38.394741058349609 ], [ 28.82542800903326, 38.355316162109375 ], [ 28.920953750610408, 38.265453338623104 ], [ 28.801586151123104, 38.218879699707145 ], [ 28.789449691772518, 38.141899108886719 ], [ 28.71974372863798, 38.099273681640739 ], [ 28.682991027832031, 38.114776611328068 ], [ 28.559946060180778, 38.108661651611385 ], [ 28.527257919311467, 38.135257720947379 ], [ 28.474098205566577, 38.254539489746207 ], [ 28.433549880981445, 38.295082092285156 ], [ 28.22292518615734, 38.335872650146541 ], [ 28.16123199462919, 38.360778808593864 ], [ 28.145027160644815, 38.392040252685547 ], [ 28.117492675781477, 38.402797698974837 ], [ 28.001060485839787, 38.399547576904524 ], [ 27.853576660156534, 38.333789825439567 ], [ 27.821334838867472, 38.350772857666129 ], [ 27.742670059204045, 38.446926116943644 ], [ 27.56540679931652, 38.486286163330249 ], [ 27.457939147949446, 38.563476562500057 ], [ 27.338329315185661, 38.588287353515852 ], [ 27.279998779296932, 38.572151184082145 ], [ 27.22967720031761, 38.741630554199446 ], [ 27.124540328979776, 38.779743194580192 ], [ 27.168153762817496, 38.891708374023438 ], [ 27.370035171508789, 38.926849365234602 ], [ 27.387517929077205, 38.952041625976619 ], [ 27.433935165405387, 38.967048645019531 ], [ 27.50539588928217, 39.019886016845817 ], [ 27.504394531249943, 39.117656707763729 ], [ 27.470958709716797, 39.171882629394702 ], [ 27.458766937255859, 39.29547119140625 ], [ 27.407686233520792, 39.381515502929688 ], [ 27.516485214233455, 39.413845062255859 ], [ 27.612707138061694, 39.360099792480469 ], [ 27.679256439208984, 39.346874237060547 ] ] ] ] } },
{ "type": "Feature", "properties": { "cevre_id": "MARDIN", "cevre_adi": "MARDIN", "il": "MARDIN", "mv_sayisi": 6 }, "geometry": { "type": "MultiPolygon", "coordinates": [ [ [ [ 40.802249908447322, 37.717403411865234 ], [ 41.051792144775675, 37.739574432373047 ], [ 41.054275512695369, 37.713871002197493 ], [ 41.133434295654581, 37.637451171875057 ], [ 41.189006805420092, 37.556800842285384 ], [ 41.446121215820597, 37.554428100585938 ], [ 41.573192596435604, 37.577484130859318 ], [ 41.686473846435604, 37.675868988037109 ], [ 41.873889923095703, 37.740245819091911 ], [ 41.95733642578125, 37.637668609619141 ], [ 41.933547973632812, 37.585899353027344 ], [ 41.949218750000057, 37.525520324707259 ], [ 41.902011871337947, 37.498355865478572 ], [ 41.763572692871264, 37.479297637939567 ], [ 41.740730285644588, 37.468338012695426 ], [ 41.73814773559576, 37.4432373046875 ], [ 41.738990783691577, 37.337070465087891 ], [ 41.756416320800838, 37.296710968017635 ], [ 41.779117584228686, 37.288055419922102 ], [ 41.848300933838175, 37.307178497314453 ], [ 41.868583679199332, 37.276142120361385 ], [ 41.887989044189396, 37.209285736083984 ], [ 41.869235992431697, 37.139022827148438 ], [ 41.558143615722827, 37.085227966308594 ], [ 41.271060943603572, 37.079242706298828 ], [ 41.218410491943416, 37.063602447509766 ], [ 41.169742584228686, 37.092239379882926 ], [ 40.949954986572209, 37.124412536621151 ], [ 40.885929107666186, 37.124263763427734 ], [ 40.850471496582315, 37.106624603271598 ], [ 40.781726837158146, 37.120582580566634 ], [ 40.546268463134822, 37.026714324951456 ], [ 40.438137054443416, 37.00880050659174 ], [ 40.25516510009794, 36.916130065918026 ], [ 40.181613922119197, 36.946792602539119 ], [ 40.132339477539347, 37.023399353027287 ], [ 40.114879608154581, 37.130916595458984 ], [ 39.940494537353572, 37.414386749267635 ], [ 39.881374359130916, 37.556331634521541 ], [ 40.017303466796989, 37.556312561035099 ], [ 40.09448623657255, 37.589130401611555 ], [ 40.206615447998161, 37.566856384277344 ], [ 40.280414581298885, 37.569232940673999 ], [ 40.418190002441463, 37.645885467529297 ], [ 40.516101837158203, 37.650424957275504 ], [ 40.535087585449276, 37.675189971923942 ], [ 40.542995452880859, 37.733390808105526 ], [ 40.602046966553019, 37.787681579589844 ], [ 40.647644042968807, 37.766258239746207 ], [ 40.715831756591854, 37.761577606201286 ], [ 40.752021789550895, 37.730331420898494 ], [ 40.802249908447322, 37.717403411865234 ] ] ] ] } },
{ "type": "Feature", "properties": { "cevre_id": "MERSIN", "cevre_adi": "MERSIN", "il": "MERSIN", "mv_sayisi": 13 }, "geometry": { "type": "MultiPolygon", "coordinates": [ [ [ [ 33.530418395996378, 36.129028320312614 ], [ 33.534862518310604, 36.121528625488338 ], [ 33.528751373291072, 36.119304656982479 ], [ 33.531528472900391, 36.124027252197266 ], [ 33.530418395996378, 36.129028320312614 ] ] ], [ [ [ 33.69486236572294, 36.161251068115462 ], [ 33.698192596435831, 36.16041564941429 ], [ 33.698192596435831, 36.159305572509766 ], [ 33.691806793212947, 36.16069412231451 ], [ 33.69486236572294, 36.161251068115462 ] ] ], [ [ [ 33.779582977294979, 36.200973510742188 ], [ 33.777084350585881, 36.184307098388842 ], [ 33.756805419921932, 36.182361602783374 ], [ 33.761806488037166, 36.190139770507812 ], [ 33.779582977294979, 36.200973510742188 ] ] ], [ [ [ 33.828193664551065, 36.269306182861612 ], [ 33.829029083252237, 36.267082214355753 ], [ 33.826248168945597, 36.264583587646484 ], [ 33.825695037841797, 36.267360687256144 ], [ 33.828193664551065, 36.269306182861612 ] ] ], [ [ [ 34.914901733398494, 37.12962722778326 ], [ 34.934616088867472, 37.076961517333984 ], [ 35.000785827636832, 37.041458129882926 ], [ 35.054630279541072, 36.970394134521541 ], [ 35.069812774658203, 36.833457946777344 ], [ 35.034801483154354, 36.770996093750114 ], [ 34.949817657470646, 36.754016876220703 ], [ 34.909584045410213, 36.723751068115462 ], [ 34.853748321533374, 36.780139923095703 ], [ 34.762916564941463, 36.809581756592024 ], [ 34.654026031494311, 36.807640075683707 ], [ 34.560695648193644, 36.768470764160213 ], [ 34.545139312744311, 36.742916107177678 ], [ 34.472637176513842, 36.70847320556669 ], [ 34.429862976074276, 36.663749694824276 ], [ 34.278472900390739, 36.585693359375 ], [ 34.168472290039006, 36.466804504394645 ], [ 34.121250152588175, 36.450695037842081 ], [ 34.110416412353686, 36.425415039062614 ], [ 34.079303741455021, 36.410415649414062 ], [ 34.072639465332088, 36.317916870117358 ], [ 34.043472290039119, 36.294860839843977 ], [ 33.997081756592081, 36.304027557373161 ], [ 33.97652816772478, 36.275970458984375 ], [ 33.997917175293253, 36.285694122314567 ], [ 33.999027252197436, 36.284584045410384 ], [ 33.962638854980753, 36.231803894043082 ], [ 33.937637329101847, 36.289585113525391 ], [ 33.870140075683878, 36.316249847412053 ], [ 33.832359313965128, 36.285137176513956 ], [ 33.840972900390909, 36.275138854980412 ], [ 33.814861297607479, 36.273750305176065 ], [ 33.809028625488338, 36.240139007568303 ], [ 33.698471069336222, 36.173751831054915 ], [ 33.687362670898494, 36.159305572509766 ], [ 33.699859619140796, 36.143196105957031 ], [ 33.689582824707202, 36.134582519531421 ], [ 33.672084808349553, 36.146251678467081 ], [ 33.683471679687671, 36.157638549804801 ], [ 33.659305572509709, 36.160137176513899 ], [ 33.661251068115405, 36.18680572509777 ], [ 33.64791488647478, 36.193748474121264 ], [ 33.592918395996151, 36.176528930664006 ], [ 33.560970306396541, 36.12541580200218 ], [ 33.474029541015796, 36.159305572509766 ], [ 33.394584655761776, 36.124862670898438 ], [ 33.352359771728629, 36.154304504394588 ], [ 33.289306640625057, 36.129028320312614 ], [ 33.146526336669979, 36.137916564941634 ], [ 33.125137329101847, 36.130138397216967 ], [ 33.081527709961108, 36.069583892822379 ], [ 33.051807403564737, 36.094860076904297 ], [ 32.9501380920413, 36.103748321533487 ], [ 32.86875152587902, 36.070693969726562 ], [ 32.803195953369197, 36.015415191650504 ], [ 32.679306030273494, 36.038471221923885 ], [ 32.566024780273494, 36.099861145019474 ], [ 32.600368499755859, 36.139133453369197 ], [ 32.632686614990291, 36.225891113281364 ], [ 32.646808624267635, 36.286026000976562 ], [ 32.635822296142521, 36.383594512939453 ], [ 32.658142089843807, 36.446079254150504 ], [ 32.840652465820369, 36.433116912841911 ], [ 33.054721832275561, 36.468769073486385 ], [ 33.213207244873217, 36.522609710693473 ], [ 33.230613708496378, 36.559211730957031 ], [ 33.217575073242244, 36.58370590209978 ], [ 33.096580505371264, 36.634300231933537 ], [ 33.040004730224609, 36.676963806152457 ], [ 32.961845397949503, 36.809215545654524 ], [ 33.115837097168139, 36.852386474609432 ], [ 33.328708648681754, 36.976009368896484 ], [ 33.39587783813505, 37.000568389892692 ], [ 33.529609680175838, 37.002975463867301 ], [ 33.621078491210938, 37.046009063720874 ], [ 33.679523468017521, 37.046859741210881 ], [ 33.740608215332315, 37.026695251464844 ], [ 33.836917877197436, 37.050258636474609 ], [ 33.983695983886889, 37.124595642090071 ], [ 34.137424468994254, 37.143173217773381 ], [ 34.319168090820312, 37.221969604492188 ], [ 34.332847595215128, 37.241931915283374 ], [ 34.490905761718807, 37.310096740722656 ], [ 34.514114379882983, 37.333137512207145 ], [ 34.509880065918253, 37.349323272705078 ], [ 34.599800109863338, 37.351367950439396 ], [ 34.707183837890682, 37.395866394043082 ], [ 34.783325195312557, 37.396003723144759 ], [ 34.914901733398494, 37.12962722778326 ] ] ] ] } },
{ "type": "Feature", "properties": { "cevre_id": "MUGLA", "cevre_adi": "MUGLA", "il": "MUGLA", "mv_sayisi": 7 }, "geometry": { "type": "MultiPolygon", "coordinates": [ [ [ [ 29.059860229492358, 36.542083740234602 ], [ 29.061805725097656, 36.540695190429858 ], [ 29.06041717529331, 36.538749694824389 ], [ 29.058750152588004, 36.539859771728743 ], [ 29.059860229492358, 36.542083740234602 ] ] ], [ [ [ 29.07208251953125, 36.555416107177848 ], [ 29.075971603393668, 36.55347061157255 ], [ 29.064027786255338, 36.554306030273494 ], [ 29.065694808959904, 36.555416107177848 ], [ 29.07208251953125, 36.555416107177848 ] ] ], [ [ [ 28.035972595214787, 36.559028625488509 ], [ 28.036527633666992, 36.555416107177848 ], [ 28.035139083862418, 36.554584503174055 ], [ 28.03430557251005, 36.557083129882812 ], [ 28.035972595214787, 36.559028625488509 ] ] ], [ [ [ 28.040693283080998, 36.563472747802734 ], [ 28.038473129272859, 36.561248779296818 ], [ 28.035694122314794, 36.560974121093977 ], [ 28.036527633666992, 36.562915802002124 ], [ 28.040693283080998, 36.563472747802734 ] ] ], [ [ [ 28.127082824707486, 36.600692749023551 ], [ 28.129028320312614, 36.595695495605526 ], [ 28.121805191040323, 36.597637176513672 ], [ 28.122638702392692, 36.599304199218977 ], [ 28.127082824707486, 36.600692749023551 ] ] ], [ [ [ 28.056804656982877, 36.619026184082145 ], [ 28.057636260986669, 36.616806030273438 ], [ 28.053195953369254, 36.613193511963004 ], [ 28.055414199829556, 36.619026184082145 ], [ 28.056804656982877, 36.619026184082145 ] ] ], [ [ [ 28.052917480468864, 36.627361297607422 ], [ 28.053472518920842, 36.625972747802848 ], [ 28.053749084472656, 36.623195648193359 ], [ 28.050693511963345, 36.624305725097713 ], [ 28.052917480468864, 36.627361297607422 ] ] ], [ [ [ 28.763750076294343, 36.628749847412337 ], [ 28.765138626099088, 36.626804351806641 ], [ 28.761528015136662, 36.625972747802848 ], [ 28.761249542236669, 36.627082824707031 ], [ 28.763750076294343, 36.628749847412337 ] ] ], [ [ [ 28.054582595825195, 36.650138854980639 ], [ 28.059858322143612, 36.649028778076456 ], [ 28.060140609741154, 36.647361755371321 ], [ 28.048751831054631, 36.648193359375114 ], [ 28.054582595825195, 36.650138854980639 ] ] ], [ [ [ 29.1059703826906, 36.653194427490462 ], [ 29.099582672119254, 36.645973205566406 ], [ 29.097362518310547, 36.646251678466797 ], [ 29.098196029663484, 36.65263748168951 ], [ 29.1059703826906, 36.653194427490462 ] ] ], [ [ [ 27.510417938232763, 36.662918090820483 ], [ 27.512083053588924, 36.660972595214957 ], [ 27.509307861328409, 36.654582977295036 ], [ 27.507638931274698, 36.659305572509822 ], [ 27.510417938232763, 36.662918090820483 ] ] ], [ [ [ 29.046527862549283, 36.664585113525391 ], [ 29.054304122924805, 36.660415649414176 ], [ 29.043195724487248, 36.651805877685547 ], [ 29.04125022888195, 36.661529541015739 ], [ 29.046527862549283, 36.664585113525391 ] ] ], [ [ [ 28.014303207397518, 36.670139312744368 ], [ 28.014303207397518, 36.666805267334098 ], [ 28.012916564941577, 36.666526794433537 ], [ 28.011528015136832, 36.669582366943587 ], [ 28.014303207397518, 36.670139312744368 ] ] ], [ [ [ 28.895971298217944, 36.670417785644759 ], [ 28.907363891601619, 36.6648597717288 ], [ 28.907917022705021, 36.651248931884993 ], [ 28.888748168945256, 36.665973663330305 ], [ 28.895971298217944, 36.670417785644759 ] ] ], [ [ [ 28.036249160766602, 36.671249389648722 ], [ 28.046247482299975, 36.656250000000171 ], [ 28.04152870178234, 36.649581909179688 ], [ 28.027639389038143, 36.659862518310774 ], [ 28.036249160766602, 36.671249389648722 ] ] ], [ [ [ 29.030138015747411, 36.671806335449276 ], [ 29.035972595214957, 36.668750762939453 ], [ 29.036527633667333, 36.666805267334098 ], [ 29.029861450195426, 36.668193817138672 ], [ 29.030138015747411, 36.671806335449276 ] ] ], [ [ [ 28.042083740234716, 36.67319488525402 ], [ 28.041805267334325, 36.668750762939453 ], [ 28.04013824462902, 36.668472290039062 ], [ 28.039304733276822, 36.672084808349666 ], [ 28.042083740234716, 36.67319488525402 ] ] ], [ [ [ 28.916805267334041, 36.681804656982649 ], [ 28.939582824707088, 36.673751831054801 ], [ 28.914861679077148, 36.654304504394815 ], [ 28.909305572509766, 36.672084808349666 ], [ 28.916805267334041, 36.681804656982649 ] ] ], [ [ [ 28.043750762939453, 36.681804656982649 ], [ 28.042638778686523, 36.682918548584212 ], [ 28.045137405395621, 36.683471679687614 ], [ 28.045137405395621, 36.682640075683651 ], [ 28.043750762939453, 36.681804656982649 ] ] ], [ [ [ 28.69819450378418, 36.694862365722884 ], [ 28.69819450378418, 36.692638397217024 ], [ 28.690416336059684, 36.692081451416072 ], [ 28.692363739013786, 36.694305419921932 ], [ 28.69819450378418, 36.694862365722884 ] ] ], [ [ [ 28.932916641235352, 36.697360992431641 ], [ 28.934028625488679, 36.694583892822493 ], [ 28.932081222534407, 36.694026947021541 ], [ 28.930971145630053, 36.696250915527457 ], [ 28.932916641235352, 36.697360992431641 ] ] ], [ [ [ 29.00597190856945, 36.699028015136946 ], [ 29.013750076294116, 36.695972442627067 ], [ 29.013193130493164, 36.693473815918139 ], [ 29.00597190856945, 36.693748474121378 ], [ 29.00597190856945, 36.699028015136946 ] ] ], [ [ [ 28.928194046020565, 36.7001380920413 ], [ 28.930416107177678, 36.696804046630859 ], [ 28.925971984863281, 36.692916870117188 ], [ 28.923196792602937, 36.698749542236555 ], [ 28.928194046020565, 36.7001380920413 ] ] ], [ [ [ 27.988193511962834, 36.704860687255916 ], [ 27.990415573120515, 36.702640533447379 ], [ 27.989860534667969, 36.700973510742415 ], [ 27.987361907959041, 36.701805114746207 ], [ 27.988193511962834, 36.704860687255916 ] ] ], [ [ [ 28.934860229492472, 36.708751678466911 ], [ 28.935695648193416, 36.703750610351562 ], [ 28.932081222534407, 36.698749542236555 ], [ 28.933473587036133, 36.707359313965014 ], [ 28.934860229492472, 36.708751678466911 ] ] ], [ [ [ 27.997083663940828, 36.710140228271484 ], [ 27.998193740845181, 36.709304809570483 ], [ 27.995695114136083, 36.707084655761776 ], [ 27.994583129882756, 36.709026336669922 ], [ 27.997083663940828, 36.710140228271484 ] ] ], [ [ [ 28.933195114135742, 36.712081909179801 ], [ 28.933195114135742, 36.707916259765568 ], [ 28.931804656982422, 36.707359313965014 ], [ 28.929582595825309, 36.709861755371094 ], [ 28.933195114135742, 36.712081909179801 ] ] ], [ [ [ 28.248472213745515, 36.714584350586051 ], [ 28.247358322143612, 36.712081909179801 ], [ 28.242639541625977, 36.713748931884936 ], [ 28.244583129883267, 36.714584350586051 ], [ 28.248472213745515, 36.714584350586051 ] ] ], [ [ [ 28.001804351807039, 36.720138549804858 ], [ 28.004304885864713, 36.717918395996321 ], [ 28.004583358765103, 36.713195800781307 ], [ 27.999860763549918, 36.717918395996321 ], [ 28.001804351807039, 36.720138549804858 ] ] ], [ [ [ 28.033750534057674, 36.72652816772478 ], [ 28.031805038452546, 36.717918395996321 ], [ 28.014862060546875, 36.71180725097679 ], [ 28.01513862609869, 36.722362518310547 ], [ 28.033750534057674, 36.72652816772478 ] ] ], [ [ [ 28.052082061767521, 36.735416412353572 ], [ 28.058195114136026, 36.733470916748104 ], [ 28.064027786254996, 36.734859466553019 ], [ 28.0665283203125, 36.733749389648665 ], [ 28.060693740845124, 36.72652816772478 ], [ 28.045137405395621, 36.725139617920036 ], [ 28.052082061767521, 36.735416412353572 ] ] ], [ [ [ 28.939861297607479, 36.737083435058878 ], [ 28.950416564941406, 36.725418090820597 ], [ 28.938472747802734, 36.71763992309576 ], [ 28.933750152588118, 36.724029541015682 ], [ 28.939861297607479, 36.737083435058878 ] ] ], [ [ [ 27.405416488647461, 36.742916107177678 ], [ 27.413473129272518, 36.738750457763672 ], [ 27.414028167725064, 36.737640380859489 ], [ 27.404306411743107, 36.74124908447294 ], [ 27.405416488647461, 36.742916107177678 ] ] ], [ [ [ 27.962360382080135, 36.75291824340843 ], [ 27.966247558593977, 36.752082824707259 ], [ 27.965694427490575, 36.749584197998161 ], [ 27.962638854980526, 36.750415802001953 ], [ 27.962360382080135, 36.75291824340843 ] ] ], [ [ [ 27.791528701782227, 36.753192901611442 ], [ 27.792083740234375, 36.752361297607649 ], [ 27.790418624878043, 36.751251220703125 ], [ 27.790136337280671, 36.752361297607649 ], [ 27.791528701782227, 36.753192901611442 ] ] ], [ [ [ 27.764583587646541, 36.753471374511832 ], [ 27.762361526489258, 36.751525878906307 ], [ 27.759027481079386, 36.751251220703125 ], [ 27.759860992431754, 36.752639770507869 ], [ 27.764583587646541, 36.753471374511832 ] ] ], [ [ [ 27.775972366333065, 36.756805419921875 ], [ 27.775972366333065, 36.753471374511832 ], [ 27.773750305175781, 36.752082824707259 ], [ 27.773193359375, 36.754859924316577 ], [ 27.775972366333065, 36.756805419921875 ] ] ], [ [ [ 27.807638168335131, 36.760692596435547 ], [ 27.808195114136083, 36.759304046631144 ], [ 27.804582595825252, 36.757637023925838 ], [ 27.805416107178189, 36.760417938232706 ], [ 27.807638168335131, 36.760692596435547 ] ] ], [ [ [ 28.059583663940771, 36.761806488037053 ], [ 28.058471679687443, 36.759304046631144 ], [ 28.055973052978914, 36.759582519531364 ], [ 28.057083129883267, 36.761806488037053 ], [ 28.059583663940771, 36.761806488037053 ] ] ], [ [ [ 28.03430557251005, 36.762359619140852 ], [ 28.037361145019531, 36.760971069335938 ], [ 28.037361145019531, 36.759860992431754 ], [ 28.033472061157283, 36.760139465332145 ], [ 28.03430557251005, 36.762359619140852 ] ] ], [ [ [ 28.123750686645451, 36.762916564941406 ], [ 28.127082824707486, 36.761806488037053 ], [ 28.12680625915533, 36.760417938232706 ], [ 28.124305725097827, 36.760971069335938 ], [ 28.123750686645451, 36.762916564941406 ] ] ], [ [ [ 27.468196868896939, 36.770694732666072 ], [ 27.470138549805085, 36.769306182861328 ], [ 27.470138549805085, 36.768196105956974 ], [ 27.467361450195426, 36.769584655761719 ], [ 27.468196868896939, 36.770694732666072 ] ] ], [ [ [ 27.46069526672369, 36.775138854980696 ], [ 27.464582443237362, 36.772361755371207 ], [ 27.464305877685547, 36.770694732666072 ], [ 27.458749771118391, 36.773193359375 ], [ 27.46069526672369, 36.775138854980696 ] ] ], [ [ [ 28.440971374512117, 36.777084350585994 ], [ 28.442638397216854, 36.771526336669865 ], [ 28.430973052978743, 36.770416259765682 ], [ 28.436805725097713, 36.777637481689396 ], [ 28.440971374512117, 36.777084350585994 ] ] ], [ [ [ 28.599027633666992, 36.797637939453352 ], [ 28.597639083862248, 36.795417785644815 ], [ 28.595417022705135, 36.795696258545206 ], [ 28.596527099609489, 36.797359466552962 ], [ 28.599027633666992, 36.797637939453352 ] ] ], [ [ [ 28.258750915527287, 36.809860229492244 ], [ 28.259859085083065, 36.797916412353516 ], [ 28.243194580078352, 36.807918548584098 ], [ 28.253194808960131, 36.807361602783317 ], [ 28.258750915527287, 36.809860229492244 ] ] ], [ [ [ 28.288194656372241, 36.821250915527344 ], [ 28.28791618347168, 36.819026947021428 ], [ 28.278194427490462, 36.819583892822379 ], [ 28.278472900391023, 36.820693969726733 ], [ 28.288194656372241, 36.821250915527344 ] ] ], [ [ [ 28.444860458373967, 36.864860534668082 ], [ 28.445972442627294, 36.862915039062557 ], [ 28.445972442627294, 36.862083435058764 ], [ 28.444026947021598, 36.863193511963118 ], [ 28.444860458373967, 36.864860534668082 ] ] ], [ [ [ 28.026250839233398, 36.868751525878906 ], [ 28.027639389038143, 36.865970611572266 ], [ 28.017915725708349, 36.867916107177734 ], [ 28.017915725708349, 36.868473052978686 ], [ 28.026250839233398, 36.868751525878906 ] ] ], [ [ [ 28.037361145019531, 36.871528625488395 ], [ 28.037361145019531, 36.870140075683821 ], [ 28.032083511352937, 36.868194580078125 ], [ 28.03430557251005, 36.870693206787394 ], [ 28.037361145019531, 36.871528625488395 ] ] ], [ [ [ 28.042360305786133, 36.876525878906193 ], [ 28.045137405395621, 36.876251220703352 ], [ 28.045415878296183, 36.874584197998047 ], [ 28.042360305786133, 36.873195648193303 ], [ 28.042360305786133, 36.876525878906193 ] ] ], [ [ [ 28.034584045410611, 36.885692596435774 ], [ 28.036249160766602, 36.884029388427848 ], [ 28.03430557251005, 36.882637023925724 ], [ 28.033750534057674, 36.885417938232592 ], [ 28.034584045410611, 36.885692596435774 ] ] ], [ [ [ 28.155694961548079, 36.93763732910179 ], [ 28.157638549804801, 36.934581756591911 ], [ 28.154861450195312, 36.933471679687727 ], [ 28.153194427490575, 36.935699462890625 ], [ 28.155694961548079, 36.93763732910179 ] ] ], [ [ [ 28.15458297729532, 36.94597244262718 ], [ 28.156805038452433, 36.945137023926065 ], [ 28.155971527099666, 36.943748474121321 ], [ 28.154029846191349, 36.944026947021712 ], [ 28.15458297729532, 36.94597244262718 ] ] ], [ [ [ 27.306249618530671, 36.952362060547102 ], [ 27.306528091431062, 36.950973510742188 ], [ 27.304582595825195, 36.949859619140682 ], [ 27.303472518921012, 36.951805114746151 ], [ 27.306249618530671, 36.952362060547102 ] ] ], [ [ [ 28.19847488403326, 36.963748931884879 ], [ 28.200138092041016, 36.958751678467024 ], [ 28.189304351807039, 36.957916259765909 ], [ 28.193195343017692, 36.961807250976733 ], [ 28.19847488403326, 36.963748931884879 ] ] ], [ [ [ 27.579305648803654, 36.977085113525675 ], [ 27.577917098999478, 36.978195190429631 ], [ 27.581527709961335, 36.97874832153343 ], [ 27.580972671508789, 36.977638244629077 ], [ 27.579305648803654, 36.977085113525675 ] ] ], [ [ [ 27.655696868896769, 36.979862213134936 ], [ 27.65736198425293, 36.97874832153343 ], [ 27.65736198425293, 36.977638244629077 ], [ 27.655136108398438, 36.979026794433821 ], [ 27.655696868896769, 36.979862213134936 ] ] ], [ [ [ 27.589582443237418, 36.980140686035156 ], [ 27.600139617919979, 36.975418090820369 ], [ 27.602083206176871, 36.966526031494141 ], [ 27.591806411743505, 36.968471527099837 ], [ 27.589582443237418, 36.980140686035156 ] ] ], [ [ [ 27.231805801391658, 36.987083435058651 ], [ 27.232639312744595, 36.985973358154297 ], [ 27.233194351196403, 36.981529235840071 ], [ 27.229028701782568, 36.983196258545206 ], [ 27.231805801391658, 36.987083435058651 ] ] ], [ [ [ 27.197639465332486, 36.993751525879134 ], [ 27.199306488037053, 36.992916107178019 ], [ 27.199028015136662, 36.991527557373274 ], [ 27.195692062378214, 36.992362976074219 ], [ 27.197639465332486, 36.993751525879134 ] ] ], [ [ [ 28.206247329711971, 36.99569320678728 ], [ 28.209861755371548, 36.990699768066634 ], [ 28.200416564941406, 36.990970611572493 ], [ 28.201805114746321, 36.993473052978572 ], [ 28.206247329711971, 36.99569320678728 ] ] ], [ [ [ 27.428195953369084, 36.997638702392635 ], [ 27.484029769897518, 36.977638244629077 ], [ 27.492639541626147, 36.967361450195312 ], [ 27.476528167725007, 36.957916259765909 ], [ 27.445693969726562, 36.969860076904411 ], [ 27.428195953369084, 36.997638702392635 ] ] ], [ [ [ 28.208751678467195, 36.999584197998104 ], [ 28.209583282471158, 36.997081756592024 ], [ 28.204860687255803, 36.997917175293196 ], [ 28.205137252807617, 36.999584197998104 ], [ 28.208751678467195, 36.999584197998104 ] ] ], [ [ [ 27.385139465332315, 37.001804351806641 ], [ 27.386806488037053, 36.997360229492415 ], [ 27.384027481079556, 36.990139007568359 ], [ 27.379583358764762, 36.994861602783487 ], [ 27.385139465332315, 37.001804351806641 ] ] ], [ [ [ 28.241249084472656, 37.003471374511946 ], [ 28.241804122925203, 37.00152587890625 ], [ 28.23791694641119, 37.002082824707202 ], [ 28.23791694641119, 37.002918243408203 ], [ 28.241249084472656, 37.003471374511946 ] ] ], [ [ [ 27.180971145630224, 37.006248474121264 ], [ 27.183471679687727, 37.005695343017862 ], [ 27.183471679687727, 37.00485992431652 ], [ 27.180416107177848, 37.004306793213118 ], [ 27.180971145630224, 37.006248474121264 ] ] ], [ [ [ 27.36013793945358, 37.010692596435831 ], [ 27.362361907959098, 37.007637023926009 ], [ 27.359304428100643, 37.005973815918026 ], [ 27.356805801391545, 37.010139465332259 ], [ 27.36013793945358, 37.010692596435831 ] ] ], [ [ [ 27.219860076904752, 37.013473510742131 ], [ 27.224304199218807, 37.008193969726562 ], [ 27.2048606872562, 36.996250152587891 ], [ 27.203193664550895, 36.998748779296989 ], [ 27.219860076904752, 37.013473510742131 ] ] ], [ [ [ 27.203472137451286, 37.050971984863509 ], [ 27.203472137451286, 37.045970916748161 ], [ 27.198192596435717, 37.04902648925804 ], [ 27.200416564941406, 37.050971984863509 ], [ 27.203472137451286, 37.050971984863509 ] ] ], [ [ [ 27.213472366333065, 37.089862823486271 ], [ 27.213750839233626, 37.084304809570312 ], [ 27.204027175903263, 37.082359313964844 ], [ 27.207639694214265, 37.089305877685717 ], [ 27.213472366333065, 37.089862823486271 ] ] ], [ [ [ 27.236803054809684, 37.090694427490234 ], [ 27.240695953369084, 37.089027404785327 ], [ 27.241249084473054, 37.087638854980582 ], [ 27.232084274292049, 37.088748931884766 ], [ 27.236803054809684, 37.090694427490234 ] ] ], [ [ [ 27.474861145019531, 37.124027252197436 ], [ 27.47291755676315, 37.118473052978459 ], [ 27.469583511352539, 37.118194580078068 ], [ 27.469028472900732, 37.119583129882812 ], [ 27.474861145019531, 37.124027252197436 ] ] ], [ [ [ 27.481807708740575, 37.130695343017749 ], [ 27.480695724487248, 37.12513732910179 ], [ 27.477081298828239, 37.12513732910179 ], [ 27.477916717529752, 37.129028320312614 ], [ 27.481807708740575, 37.130695343017749 ] ] ], [ [ [ 27.256528854370572, 37.133750915527571 ], [ 27.257917404174748, 37.132915496826456 ], [ 27.257917404174748, 37.130973815917912 ], [ 27.255418777466218, 37.131805419922102 ], [ 27.256528854370572, 37.133750915527571 ] ] ], [ [ [ 27.394027709961335, 37.140415191650334 ], [ 27.389028549194734, 37.136249542236328 ], [ 27.385139465332315, 37.137638092041072 ], [ 27.385414123535156, 37.139583587646541 ], [ 27.394027709961335, 37.140415191650334 ] ] ], [ [ [ 27.532363891601619, 37.165138244628906 ], [ 27.52874946594261, 37.141250610351847 ], [ 27.489860534668082, 37.141250610351847 ], [ 27.494583129882869, 37.156806945800838 ], [ 27.532363891601619, 37.165138244628906 ] ] ], [ [ [ 27.36291885376005, 37.175140380859602 ], [ 27.378194808960018, 37.167640686035327 ], [ 27.379028320312955, 37.163192749023551 ], [ 27.367359161377294, 37.162361145019759 ], [ 27.36291885376005, 37.175140380859602 ] ] ], [ [ [ 27.355972290039176, 37.177082061767749 ], [ 27.359584808349609, 37.176250457763956 ], [ 27.360414505004996, 37.174026489258097 ], [ 27.354028701782624, 37.172359466552962 ], [ 27.355972290039176, 37.177082061767749 ] ] ], [ [ [ 27.521249771118335, 37.197360992431868 ], [ 27.522918701172046, 37.196529388427734 ], [ 27.522918701172046, 37.195693969726562 ], [ 27.519027709961392, 37.196804046630916 ], [ 27.521249771118335, 37.197360992431868 ] ] ], [ [ [ 27.550136566162109, 37.202640533447436 ], [ 27.55180549621582, 37.200973510742131 ], [ 27.552360534668026, 37.197917938232649 ], [ 27.550693511962891, 37.198471069336222 ], [ 27.550136566162109, 37.202640533447436 ] ] ], [ [ [ 27.550136566162109, 37.253749847412109 ], [ 27.563747406006314, 37.247081756591967 ], [ 27.563747406006314, 37.244583129882869 ], [ 27.548749923706168, 37.250694274902628 ], [ 27.550136566162109, 37.253749847412109 ] ] ], [ [ [ 27.559860229492301, 37.255138397217024 ], [ 27.560972213745231, 37.254306793212891 ], [ 27.561250686645621, 37.253192901611328 ], [ 27.558750152587947, 37.2540283203125 ], [ 27.559860229492301, 37.255138397217024 ] ] ], [ [ [ 27.369581222534407, 37.282917022705078 ], [ 27.365417480469148, 37.279861450195369 ], [ 27.363193511962891, 37.280418395996321 ], [ 27.366527557373502, 37.284862518310547 ], [ 27.369581222534407, 37.282917022705078 ] ] ], [ [ [ 28.478357315063647, 37.494197845459098 ], [ 28.60888862609869, 37.476413726806697 ], [ 28.615867614746094, 37.390548706054801 ], [ 28.74400711059576, 37.355293273925781 ], [ 28.786222457886026, 37.244335174560661 ], [ 28.928304672241268, 37.20682525634794 ], [ 29.032991409301701, 37.144401550293196 ], [ 29.063364028930664, 37.104351043701286 ], [ 29.05659675598173, 37.074577331542969 ], [ 29.07584381103527, 37.047645568847656 ], [ 29.081838607788143, 36.991504669189453 ], [ 29.190946578979549, 36.88718414306652 ], [ 29.266778945923136, 36.884883880615234 ], [ 29.329647064209155, 36.958892822265739 ], [ 29.337644577026651, 37.040996551513786 ], [ 29.387758255004826, 37.076091766357536 ], [ 29.408311843872355, 37.024627685546932 ], [ 29.39665603637701, 36.950046539306754 ], [ 29.446117401123331, 36.964389801025391 ], [ 29.511768341064737, 37.024211883545036 ], [ 29.546728134155217, 37.027606964111555 ], [ 29.624629974365291, 36.997509002685661 ], [ 29.6769447326663, 36.932643890381144 ], [ 29.6735973358156, 36.874767303466967 ], [ 29.604988098144702, 36.779148101806754 ], [ 29.574020385742472, 36.614864349365291 ], [ 29.323028564453409, 36.438026428222599 ], [ 29.328477859497241, 36.401874542236442 ], [ 29.293060302734659, 36.312446594238509 ], [ 29.262361526489315, 36.3009681701663 ], [ 29.226249694824276, 36.328750610351733 ], [ 29.164863586425838, 36.340972900390625 ], [ 29.138196945190771, 36.359859466552791 ], [ 29.14541625976608, 36.378192901611442 ], [ 29.101249694824389, 36.387084960937784 ], [ 29.102916717529695, 36.404582977294922 ], [ 29.131526947021882, 36.415695190429972 ], [ 29.117916107177678, 36.425415039062614 ], [ 29.133474349975586, 36.427917480468693 ], [ 29.124860763549805, 36.461528778076456 ], [ 29.100696563721158, 36.474582672119141 ], [ 29.125972747802734, 36.496528625488565 ], [ 29.125694274902344, 36.542362213134993 ], [ 29.112085342407681, 36.554584503174055 ], [ 29.09708595275913, 36.545139312744311 ], [ 29.086250305175838, 36.56513977050804 ], [ 29.049304962158203, 36.558471679687557 ], [ 29.053474426269588, 36.538749694824389 ], [ 29.008472442626953, 36.543472290039176 ], [ 29.046806335449673, 36.558193206787337 ], [ 29.022361755371151, 36.585971832275391 ], [ 29.040138244629361, 36.619861602783317 ], [ 29.075416564941861, 36.614307403564737 ], [ 29.077640533447379, 36.646251678466797 ], [ 29.101804733276367, 36.640972137451399 ], [ 29.089582443237305, 36.619861602783317 ], [ 29.115972518920955, 36.626525878906421 ], [ 29.12208557128946, 36.647361755371321 ], [ 29.103195190429688, 36.671249389648722 ], [ 29.054304122924805, 36.681526184082088 ], [ 29.033195495605469, 36.707916259765568 ], [ 29.013193130493164, 36.704303741455305 ], [ 29.020416259765625, 36.715415954589844 ], [ 28.9959716796875, 36.708194732666129 ], [ 28.97097206115734, 36.730972290039176 ], [ 28.964862823486385, 36.722362518310547 ], [ 28.928750991821346, 36.755138397216967 ], [ 28.929859161377294, 36.734306335449219 ], [ 28.894306182861385, 36.712081909179801 ], [ 28.909305572509766, 36.705417633056868 ], [ 28.864582061767692, 36.69708251953125 ], [ 28.869028091431062, 36.670970916748161 ], [ 28.850971221924055, 36.663471221923885 ], [ 28.866249084472997, 36.654026031494254 ], [ 28.850141525268668, 36.643196105957088 ], [ 28.870416641235408, 36.633472442626953 ], [ 28.880416870117188, 36.648750305175895 ], [ 28.906803131103516, 36.639583587646484 ], [ 28.868473052978516, 36.621807098388615 ], [ 28.875694274902401, 36.601806640625057 ], [ 28.845693588256893, 36.58819580078125 ], [ 28.824306488037166, 36.625694274902628 ], [ 28.851249694824617, 36.637638092040959 ], [ 28.830694198608512, 36.638748168945312 ], [ 28.818195343017635, 36.659305572509822 ], [ 28.794027328491268, 36.650417327880803 ], [ 28.806526184082145, 36.669029235840014 ], [ 28.790138244628849, 36.685974121093864 ], [ 28.727916717529297, 36.71180725097679 ], [ 28.670139312744539, 36.691528320312671 ], [ 28.673749923706396, 36.70597076416027 ], [ 28.647916793823299, 36.721805572509766 ], [ 28.632917404174748, 36.699859619140909 ], [ 28.617916107177791, 36.703472137451172 ], [ 28.624305725097713, 36.727638244629134 ], [ 28.607084274292049, 36.733749389648665 ], [ 28.632917404174748, 36.754859924316577 ], [ 28.61291694641119, 36.759304046631144 ], [ 28.630138397216854, 36.781528472900618 ], [ 28.587638854980469, 36.815418243408374 ], [ 28.549306869506893, 36.830417633056925 ], [ 28.548749923706509, 36.814304351806811 ], [ 28.529029846191747, 36.807083129883097 ], [ 28.535972595215071, 36.785694122314624 ], [ 28.489583969116268, 36.799026489257869 ], [ 28.498193740844897, 36.817916870117472 ], [ 28.462083816528434, 36.811248779297159 ], [ 28.450695037841911, 36.845695495605469 ], [ 28.469306945800895, 36.862361907958984 ], [ 28.455694198608512, 36.879306793213061 ], [ 28.432916641235465, 36.857639312744197 ], [ 28.407360076904354, 36.854026794433537 ], [ 28.402914047241552, 36.866527557373217 ], [ 28.379861831665494, 36.847637176513615 ], [ 28.387916564941406, 36.835140228271712 ], [ 28.426805496215934, 36.835693359375284 ], [ 28.398195266723746, 36.78458404541027 ], [ 28.311250686645451, 36.817081451416129 ], [ 28.301527023315487, 36.803749084472884 ], [ 28.314029693603516, 36.794860839843864 ], [ 28.285972595215298, 36.79042053222679 ], [ 28.265693664551179, 36.81402587890625 ], [ 28.312637329101619, 36.817916870117472 ], [ 28.315416336059684, 36.826805114746094 ], [ 28.277639389038086, 36.852359771728629 ], [ 28.259307861328239, 36.846252441406421 ], [ 28.232915878296012, 36.804309844970817 ], [ 28.256526947021598, 36.791805267333984 ], [ 28.249027252197322, 36.772640228271598 ], [ 28.267915725708121, 36.765972137451286 ], [ 28.269304275513036, 36.747081756591911 ], [ 28.291805267334098, 36.749027252197209 ], [ 28.303472518921353, 36.730140686035384 ], [ 28.288194656372241, 36.719860076904467 ], [ 28.261529922485352, 36.732917785644702 ], [ 28.225694656372298, 36.702362060546989 ], [ 28.224306106567383, 36.688194274902571 ], [ 28.163749694824332, 36.684307098388956 ], [ 28.106250762939396, 36.592082977294922 ], [ 28.088752746582486, 36.582084655761889 ], [ 28.066249847412109, 36.595138549804972 ], [ 28.025417327880859, 36.560974121093977 ], [ 28.010971069336051, 36.576248168945369 ], [ 28.017915725708349, 36.564582824707259 ], [ 27.97874832153326, 36.55374908447294 ], [ 27.965137481689624, 36.57986068725603 ], [ 27.97874832153326, 36.586250305175952 ], [ 27.956249237060604, 36.601249694824503 ], [ 28.062362670898835, 36.604862213134766 ], [ 28.095138549804688, 36.646251678466797 ], [ 28.07208251953125, 36.660415649414176 ], [ 28.072917938232422, 36.65847396850603 ], [ 28.0665283203125, 36.642082214355582 ], [ 28.057083129883267, 36.635417938232649 ], [ 28.068195343017805, 36.655693054199219 ], [ 28.052639007568473, 36.657638549804915 ], [ 28.072359085083065, 36.675415039062727 ], [ 28.05041694641119, 36.67319488525402 ], [ 28.04125022888195, 36.692916870117188 ], [ 28.040416717529411, 36.674026489257812 ], [ 28.02402687072771, 36.667915344238452 ], [ 27.963472366333065, 36.684307098388956 ], [ 28.001527786254883, 36.704303741455305 ], [ 28.042360305786133, 36.703750610351562 ], [ 28.061250686645508, 36.72319412231468 ], [ 28.097919464111328, 36.726806640624943 ], [ 28.085418701171875, 36.71763992309576 ], [ 28.099029541015682, 36.705139160156477 ], [ 28.112640380859318, 36.728195190429688 ], [ 28.129304885864599, 36.725692749023438 ], [ 28.084583282471101, 36.7434730529788 ], [ 28.112361907958928, 36.774581909179915 ], [ 28.128469467163086, 36.754306793213175 ], [ 28.133472442627408, 36.757083892822436 ], [ 28.120138168335018, 36.803199768066634 ], [ 28.082082748413029, 36.796249389648608 ], [ 28.078750610351562, 36.775138854980696 ], [ 28.051250457763729, 36.759582519531364 ], [ 28.046247482299975, 36.784862518310831 ], [ 28.014303207397518, 36.75847244262718 ], [ 27.955972671508789, 36.760971069335938 ], [ 27.930416107178075, 36.742084503173885 ], [ 27.91986083984375, 36.754581451416016 ], [ 27.894582748413029, 36.756805419921875 ], [ 27.899028778076229, 36.742427825927962 ], [ 27.890693664550781, 36.740970611572379 ], [ 27.877639770507926, 36.757915496826229 ], [ 27.858472824096737, 36.74124908447294 ], [ 27.816249847412166, 36.763195037841797 ], [ 27.730693817138615, 36.763195037841797 ], [ 27.686527252197664, 36.725418090820597 ], [ 27.696250915527457, 36.710971832275618 ], [ 27.675970077514762, 36.700416564941463 ], [ 27.678749084472827, 36.657638549804915 ], [ 27.573474884033658, 36.684860229492358 ], [ 27.561250686645621, 36.672359466552905 ], [ 27.51402854919462, 36.677360534668082 ], [ 27.477081298828239, 36.64708328247093 ], [ 27.468471527099609, 36.661529541015739 ], [ 27.404861450195312, 36.662361145019531 ], [ 27.402360916137809, 36.680416107177734 ], [ 27.36291885376005, 36.684581756591797 ], [ 27.373195648193416, 36.689582824707145 ], [ 27.36291885376005, 36.709861755371094 ], [ 27.398193359375, 36.700416564941463 ], [ 27.421249389648779, 36.713470458984546 ], [ 27.428195953369084, 36.748470306396655 ], [ 27.447916030883846, 36.744861602783203 ], [ 27.464305877685547, 36.762359619140852 ], [ 27.479585647583463, 36.749862670898722 ], [ 27.609861373901367, 36.76402664184576 ], [ 27.640415191650447, 36.810970306396598 ], [ 27.696807861328239, 36.785137176513672 ], [ 27.771804809570256, 36.788471221923942 ], [ 27.827083587646484, 36.813472747803019 ], [ 28.032918930053711, 36.787639617919979 ], [ 28.060417175292969, 36.800971984863395 ], [ 28.065139770507926, 36.820972442626953 ], [ 28.055973052978914, 36.833751678466797 ], [ 28.002361297607422, 36.835140228271712 ], [ 28.029861450195256, 36.837085723877237 ], [ 28.031248092651424, 36.839027404785384 ], [ 28.000139236450309, 36.853473663330135 ], [ 28.059030532836971, 36.878749847412109 ], [ 28.040416717529411, 36.88430404663103 ], [ 28.05041694641119, 36.897083282470874 ], [ 28.014303207397518, 36.905693054199503 ], [ 28.043750762939453, 36.910137176513956 ], [ 28.020694732666414, 36.925693511963061 ], [ 28.099582672119084, 36.94041824340826 ], [ 28.139030456542969, 36.934581756591911 ], [ 28.145971298217717, 36.918750762939567 ], [ 28.159027099609375, 36.926532745361385 ], [ 28.159582138061523, 36.907917022705249 ], [ 28.167917251586971, 36.906806945801065 ], [ 28.17069435119663, 36.939582824707259 ], [ 28.158193588257177, 36.945415496826229 ], [ 28.205694198608739, 36.952083587646541 ], [ 28.200971603393555, 36.969306945801009 ], [ 28.21597290039108, 36.977359771728516 ], [ 28.197082519531705, 36.982360839843864 ], [ 28.215139389038143, 36.985137939453352 ], [ 28.215694427490519, 36.998748779296989 ], [ 28.250694274902628, 36.989860534667969 ], [ 28.245136260986499, 37.003192901611555 ], [ 28.268194198608683, 37.01652908325218 ], [ 28.330415725708065, 37.032360076904524 ], [ 28.322914123535384, 37.05152893066429 ], [ 28.163749694824332, 37.028472900390682 ], [ 28.100973129272631, 37.034584045410213 ], [ 28.115694046020792, 37.015415191650447 ], [ 28.099859237670898, 37.011806488037223 ], [ 28.087640762329158, 37.028751373291243 ], [ 27.978195190430029, 37.031806945800952 ], [ 27.94597244262701, 37.015972137451399 ], [ 27.925693511962891, 37.030971527099609 ], [ 27.843748092651595, 37.018470764160156 ], [ 27.799583435058651, 36.994861602783487 ], [ 27.786804199218807, 37.005973815918026 ], [ 27.781251907348633, 36.992362976074219 ], [ 27.685140609741325, 37.003471374511946 ], [ 27.647361755371151, 36.997917175293196 ], [ 27.636249542236442, 36.977638244629077 ], [ 27.574026107788086, 36.993751525879134 ], [ 27.564582824707088, 36.974582672119368 ], [ 27.518472671508846, 36.995140075683707 ], [ 27.482917785644929, 36.986251831054858 ], [ 27.424303054809684, 37.035694122314396 ], [ 27.412639617920149, 37.016803741455192 ], [ 27.395971298217887, 37.029304504394474 ], [ 27.37624931335489, 36.998748779296989 ], [ 27.382638931274812, 37.026527404785384 ], [ 27.330974578857422, 37.014583587646484 ], [ 27.340415954589844, 36.99847412109375 ], [ 27.300416946411133, 36.972637176513899 ], [ 27.30402755737299, 36.957359313964957 ], [ 27.263471603393725, 36.96402740478544 ], [ 27.25013923645065, 37.03125 ], [ 27.225414276123161, 37.058471679687784 ], [ 27.238750457763956, 37.083194732665959 ], [ 27.293472290039062, 37.110973358154354 ], [ 27.254583358764705, 37.111526489257983 ], [ 27.255138397217252, 37.130973815917912 ], [ 27.264028549194677, 37.120140075683594 ], [ 27.273471832275504, 37.140693664550724 ], [ 27.311527252197266, 37.115417480468807 ], [ 27.32319450378418, 37.159305572509936 ], [ 27.343193054199332, 37.150138854980696 ], [ 27.345138549805029, 37.130416870117358 ], [ 27.364860534668196, 37.15708160400419 ], [ 27.390417098999478, 37.144859313964957 ], [ 27.376529693603686, 37.134029388427962 ], [ 27.386526107788086, 37.120418548583984 ], [ 27.430416107177791, 37.128471374512003 ], [ 27.470972061157283, 37.080696105957259 ], [ 27.537361145019645, 37.128749847412223 ], [ 27.581527709961335, 37.13680648803728 ], [ 27.57513618469244, 37.139305114746378 ], [ 27.557081222534237, 37.13347244262701 ], [ 27.549861907959098, 37.135692596435717 ], [ 27.560972213745231, 37.154582977294922 ], [ 27.541528701782454, 37.154026031494368 ], [ 27.546527862549226, 37.184307098388672 ], [ 27.526250839233512, 37.194026947021655 ], [ 27.5548610687257, 37.192916870117301 ], [ 27.570692062378043, 37.211528778076286 ], [ 27.593471527099666, 37.193473815918253 ], [ 27.574583053588867, 37.179027557373104 ], [ 27.599861145019588, 37.196250915527514 ], [ 27.610137939453523, 37.187084197998331 ], [ 27.615137100220124, 37.188472747802678 ], [ 27.57541847229021, 37.214027404785213 ], [ 27.612916946411588, 37.279861450195369 ], [ 27.556804656982422, 37.27763748168951 ], [ 27.540971755981502, 37.2540283203125 ], [ 27.552360534668026, 37.24486160278326 ], [ 27.534860610961971, 37.251525878906421 ], [ 27.52680587768549, 37.228473663330362 ], [ 27.51069450378418, 37.22763824462902 ], [ 27.498750686645508, 37.237361907958984 ], [ 27.522361755371094, 37.250415802002237 ], [ 27.518472671508846, 37.276805877685717 ], [ 27.454307556152742, 37.255416870117244 ], [ 27.497360229492358, 37.315971374511832 ], [ 27.477916717529752, 37.344306945801009 ], [ 27.470693588256893, 37.319305419922102 ], [ 27.443195343017635, 37.302360534668196 ], [ 27.411804199218807, 37.304862976074503 ], [ 27.385414123535156, 37.328193664550724 ], [ 27.383192062378043, 37.357082366943303 ], [ 27.413473129272518, 37.383750915527344 ], [ 27.432638168335302, 37.381248474121094 ], [ 27.416358947754134, 37.422428131103743 ], [ 27.444992065429744, 37.505565643310604 ], [ 27.488868713378963, 37.566936492919922 ], [ 27.516687393188477, 37.57382965087902 ], [ 27.698598861694563, 37.497177124023381 ], [ 27.884967803955192, 37.457042694091967 ], [ 28.14990234375, 37.47454833984375 ], [ 28.220544815063704, 37.562210083007926 ], [ 28.294479370117188, 37.586898803710994 ], [ 28.478357315063647, 37.494197845459098 ] ] ] ] } },
{ "type": "Feature", "properties": { "cevre_id": "MUS", "cevre_adi": "MUS", "il": "MUS", "mv_sayisi": 3 }, "geometry": { "type": "MultiPolygon", "coordinates": [ [ [ [ 42.727188110351733, 39.163700103759879 ], [ 42.76899337768549, 38.940402984619141 ], [ 42.68435287475603, 38.926906585693416 ], [ 42.561199188232479, 38.943355560302791 ], [ 42.489585876464901, 38.926681518554801 ], [ 42.328445434570426, 38.938865661621321 ], [ 42.139972686767578, 38.870315551757812 ], [ 42.139369964599894, 38.824989318847884 ], [ 42.023853302002124, 38.823131561279297 ], [ 41.998508453369197, 38.810317993164119 ], [ 42.00059890747076, 38.785957336426065 ], [ 42.054039001464844, 38.728683471679744 ], [ 42.056205749511776, 38.694751739501953 ], [ 41.940517425537166, 38.61808013916027 ], [ 41.863296508789006, 38.590469360351506 ], [ 41.632709503173885, 38.601345062256087 ], [ 41.570167541504077, 38.585006713867188 ], [ 41.522182464599609, 38.541912078857706 ], [ 41.405303955078409, 38.525703430175838 ], [ 41.381370544433594, 38.54735183715826 ], [ 41.394565582275334, 38.604862213134879 ], [ 41.377975463867244, 38.636253356933537 ], [ 41.279525756835994, 38.705539703369254 ], [ 41.156482696533487, 38.89936828613304 ], [ 41.161922454834155, 38.920677185058594 ], [ 41.274494171142635, 39.029556274414062 ], [ 41.274139404297046, 39.11057281494152 ], [ 41.237564086914119, 39.154129028320312 ], [ 41.204399108886776, 39.163555145263672 ], [ 41.171733856201286, 39.289340972900618 ], [ 41.195663452148551, 39.341857910156307 ], [ 41.255546569824276, 39.369392395019645 ], [ 41.386318206787394, 39.383571624755916 ], [ 41.443542480468921, 39.366619110107536 ], [ 41.534294128417969, 39.321842193603459 ], [ 41.66228103637701, 39.20041656494152 ], [ 41.713268280029581, 39.174930572509879 ], [ 41.827964782715128, 39.161075592041016 ], [ 42.074256896972656, 39.222366333007926 ], [ 42.218486785888786, 39.321739196777457 ], [ 42.220222473144531, 39.346023559570483 ], [ 42.192874908447322, 39.381523132324276 ], [ 42.227268218994425, 39.419696807861271 ], [ 42.326442718505973, 39.459419250488395 ], [ 42.463413238525675, 39.486099243164119 ], [ 42.512908935547159, 39.379924774170149 ], [ 42.627616882324389, 39.272663116455078 ], [ 42.668796539306697, 39.254150390625227 ], [ 42.727188110351733, 39.163700103759879 ] ] ] ] } },
{ "type": "Feature", "properties": { "cevre_id": "NEVSEHIR", "cevre_adi": "NEVSEHIR", "il": "NEVSEHIR", "mv_sayisi": 3 }, "geometry": { "type": "MultiPolygon", "coordinates": [ [ [ [ 34.856098175048885, 39.364250183105582 ], [ 34.921924591064567, 39.33542633056652 ], [ 34.895935058593693, 39.227462768554744 ], [ 34.996109008789233, 39.140846252441634 ], [ 35.002208709716854, 39.09674072265625 ], [ 35.037403106689624, 39.038051605224609 ], [ 35.000839233398381, 39.010292053222656 ], [ 34.953247070312557, 38.798259735107706 ], [ 35.068992614746264, 38.748256683349723 ], [ 35.070098876953125, 38.613536834716854 ], [ 35.018016815185604, 38.565429687500114 ], [ 34.924930572509822, 38.536136627197322 ], [ 34.906982421875284, 38.490486145019645 ], [ 34.919616699218921, 38.398212432861555 ], [ 34.876190185546932, 38.364654541015625 ], [ 34.791717529296932, 38.352100372314567 ], [ 34.670738220215014, 38.408721923828125 ], [ 34.53929519653326, 38.375652313232422 ], [ 34.458038330078296, 38.399730682373104 ], [ 34.348003387451286, 38.473419189453125 ], [ 34.276260375976562, 38.615802764892578 ], [ 34.219444274902514, 38.654953002929688 ], [ 34.206523895263615, 38.690769195556641 ], [ 34.262569427490519, 38.793670654296875 ], [ 34.302989959716911, 38.815876007080249 ], [ 34.314521789550895, 38.867523193359602 ], [ 34.339496612548999, 38.885543823242131 ], [ 34.427967071533146, 38.875957489013842 ], [ 34.473014831543026, 38.886650085449332 ], [ 34.475379943847656, 38.917903900146484 ], [ 34.520809173584098, 38.990596771240234 ], [ 34.576847076416072, 39.030117034912337 ], [ 34.567581176757869, 39.079063415527401 ], [ 34.636188507080135, 39.097076416015625 ], [ 34.625297546386719, 39.173606872558594 ], [ 34.692863464355639, 39.220260620117472 ], [ 34.686729431152514, 39.269874572753849 ], [ 34.754566192627124, 39.351558685302848 ], [ 34.726558685302791, 39.360916137695312 ], [ 34.661758422851733, 39.317752838134993 ], [ 34.609249114990291, 39.327224731445426 ], [ 34.61058425903326, 39.380512237549055 ], [ 34.656600952148608, 39.486606597900504 ], [ 34.791202545166072, 39.430637359619197 ], [ 34.794761657714901, 39.389881134033317 ], [ 34.856098175048885, 39.364250183105582 ] ] ] ] } },
{ "type": "Feature", "properties": { "cevre_id": "NIGDE", "cevre_adi": "NIGDE", "il": "NIGDE", "mv_sayisi": 3 }, "geometry": { "type": "MultiPolygon", "coordinates": [ [ [ [ 34.527782440185717, 38.376102447509993 ], [ 34.670738220215014, 38.408721923828125 ], [ 34.785182952881144, 38.353912353515739 ], [ 34.820625305175952, 38.351196289062727 ], [ 34.90371322631853, 38.376907348632812 ], [ 34.922523498535213, 38.432281494140682 ], [ 34.981056213379077, 38.429912567138786 ], [ 35.061264038086222, 38.283851623535213 ], [ 35.122283935546989, 38.259029388427848 ], [ 35.242774963378963, 38.25186920166027 ], [ 35.279579162597713, 38.221496582031477 ], [ 35.312156677246264, 38.162811279296989 ], [ 35.310871124267862, 38.031406402587947 ], [ 35.265781402587947, 37.959201812744254 ], [ 35.230331420898608, 37.948040008544922 ], [ 35.209415435790959, 37.919013977050838 ], [ 35.218376159668026, 37.841575622558651 ], [ 35.198127746582031, 37.814086914062727 ], [ 35.043025970459041, 37.701930999755803 ], [ 34.877208709716967, 37.710834503173885 ], [ 34.834575653076456, 37.691604614257812 ], [ 34.816585540771541, 37.658382415771541 ], [ 34.858478546142578, 37.57877349853527 ], [ 34.860763549804744, 37.525032043456974 ], [ 34.788276672363338, 37.465160369873104 ], [ 34.783325195312557, 37.396003723144759 ], [ 34.696144104003963, 37.393993377685774 ], [ 34.591953277588004, 37.350292205810604 ], [ 34.509880065918253, 37.349323272705078 ], [ 34.469276428222656, 37.408611297607422 ], [ 34.414676666259936, 37.449813842773494 ], [ 34.384258270263956, 37.454002380371151 ], [ 34.38123703002924, 37.506309509277457 ], [ 34.45323562622076, 37.647628784179801 ], [ 34.453449249267635, 37.695884704589957 ], [ 34.266948699951456, 37.914951324463004 ], [ 34.125694274902457, 38.013763427734432 ], [ 34.146907806396541, 38.051952362060547 ], [ 34.186759948730753, 38.070056915283146 ], [ 34.268390655517578, 38.05600738525402 ], [ 34.32982254028326, 38.134971618652457 ], [ 34.393146514892635, 38.166225433349609 ], [ 34.394500732421818, 38.242645263671932 ], [ 34.363201141357479, 38.290920257568303 ], [ 34.368297576904467, 38.36765289306652 ], [ 34.394397735595646, 38.438919067382869 ], [ 34.527782440185717, 38.376102447509993 ] ] ] ] } },
{ "type": "Feature", "properties": { "cevre_id": "ORDU", "cevre_adi": "ORDU", "il": "ORDU", "mv_sayisi": 6 }, "geometry": { "type": "MultiPolygon", "coordinates": [ [ [ [ 37.171527862548999, 41.148193359375114 ], [ 37.292915344238281, 41.145694732666016 ], [ 37.293472290039006, 41.124027252197322 ], [ 37.387916564941577, 41.107360839843864 ], [ 37.536529541015796, 41.02097320556652 ], [ 37.609027862549112, 41.048202514648665 ], [ 37.682640075683594, 41.136806488037166 ], [ 37.704582214355526, 41.114028930664176 ], [ 37.786251068115234, 41.117084503173828 ], [ 37.776805877685604, 41.062084197998161 ], [ 37.808193206787109, 41.025699615478516 ], [ 37.865695953369197, 41.015693664550781 ], [ 37.878192901611328, 40.987361907958984 ], [ 38.122081756592081, 40.957359313964844 ], [ 38.008636474609432, 40.748332977295206 ], [ 38.11658096313505, 40.611835479736499 ], [ 38.155654907226733, 40.508693695068587 ], [ 38.02550125122076, 40.414119720459041 ], [ 37.90161514282255, 40.395137786865234 ], [ 37.829765319824332, 40.344402313232422 ], [ 37.750797271728686, 40.329723358154297 ], [ 37.707328796387003, 40.352096557617131 ], [ 37.604095458984432, 40.555461883545036 ], [ 37.466255187988565, 40.563144683837834 ], [ 37.347122192382983, 40.627052307129134 ], [ 37.312423706054688, 40.627868652343864 ], [ 37.29387283325201, 40.667339324951342 ], [ 37.187332153320369, 40.704162597656364 ], [ 37.078315734863565, 40.688808441162223 ], [ 36.975166320800952, 40.702564239502067 ], [ 36.931968688964901, 40.739463806152628 ], [ 36.851066589355526, 40.750091552734432 ], [ 36.688777923584155, 40.816154479980412 ], [ 36.696701049804858, 40.846416473388672 ], [ 36.821964263916072, 40.879581451415959 ], [ 36.904468536376896, 40.924163818359546 ], [ 36.996006011963175, 41.046260833740519 ], [ 37.152534484863281, 41.114704132080192 ], [ 37.150650024414233, 41.147895812988452 ], [ 37.171527862548999, 41.148193359375114 ] ] ] ] } },
{ "type": "Feature", "properties": { "cevre_id": "OSMANIYE", "cevre_adi": "OSMANIYE", "il": "OSMANIYE", "mv_sayisi": 4 }, "geometry": { "type": "MultiPolygon", "coordinates": [ [ [ [ 36.327865600585994, 37.348400115966854 ], [ 36.488948822021541, 37.368858337402344 ], [ 36.582782745361385, 37.405204772949332 ], [ 36.65103912353544, 37.329986572265682 ], [ 36.728641510009936, 37.276050567626953 ], [ 36.532501220703296, 37.107463836670092 ], [ 36.442592620849666, 36.953285217285213 ], [ 36.347167968750057, 36.955314636230469 ], [ 36.254726409912166, 37.008663177490405 ], [ 36.041606903076172, 37.025554656982536 ], [ 36.059387207031534, 37.123870849609489 ], [ 36.000972747802734, 37.174152374267862 ], [ 35.874824523925952, 37.121696472168026 ], [ 35.852825164794922, 37.128707885742188 ], [ 35.904296875000114, 37.208271026611442 ], [ 35.881771087646484, 37.241584777832145 ], [ 35.884262084960994, 37.359619140625114 ], [ 36.023311614990405, 37.562290191650504 ], [ 36.150352478027457, 37.635444641113565 ], [ 36.302368164062614, 37.651248931884936 ], [ 36.212120056152401, 37.500160217285213 ], [ 36.24630355834978, 37.370891571044979 ], [ 36.327865600585994, 37.348400115966854 ] ] ] ] } },
{ "type": "Feature", "properties": { "cevre_id": "RIZE", "cevre_adi": "RIZE", "il": "RIZE", "mv_sayisi": 3 }, "geometry": { "type": "MultiPolygon", "coordinates": [ [ [ [ 41.219917297363565, 41.295001983642521 ], [ 41.247852325439737, 41.255607604980412 ], [ 41.255619049072322, 41.208522796630916 ], [ 41.306770324707202, 41.155185699462834 ], [ 41.368812561035213, 41.11997222900402 ], [ 41.409259796142578, 41.117176055908317 ], [ 41.423980712890739, 41.093452453613395 ], [ 41.411506652832031, 41.068996429443359 ], [ 41.343734741210881, 41.03704833984375 ], [ 41.122306823730469, 40.808452606201172 ], [ 41.046794891357536, 40.762737274169979 ], [ 40.827934265136832, 40.653690338134879 ], [ 40.483478546142749, 40.535343170166016 ], [ 40.478908538818359, 40.628585815429915 ], [ 40.511817932128963, 40.690402984619141 ], [ 40.511894226074503, 40.741134643554744 ], [ 40.465957641601847, 40.871932983398494 ], [ 40.421428680419865, 40.941909790039062 ], [ 40.334861755371151, 40.995414733886832 ], [ 40.388473510742301, 41.02652740478527 ], [ 40.497917175293026, 41.04124832153326 ], [ 40.548473358154297, 41.028472900390625 ], [ 40.720973968505916, 41.087638854980469 ], [ 40.803195953369197, 41.162639617919922 ], [ 40.997638702392521, 41.194583892822493 ], [ 41.067359924316349, 41.220138549804631 ], [ 41.152915954589901, 41.282638549804801 ], [ 41.219917297363565, 41.295001983642521 ] ] ] ] } },
{ "type": "Feature", "properties": { "cevre_id": "SAKARYA", "cevre_adi": "SAKARYA", "il": "SAKARYA", "mv_sayisi": 8 }, "geometry": { "type": "MultiPolygon", "coordinates": [ [ [ [ 30.369291305542049, 41.179012298584269 ], [ 30.65263748168951, 41.1290283203125 ], [ 30.755695343017692, 41.086250305175781 ], [ 30.975936889648722, 41.072639465332145 ], [ 31.036275863647518, 41.016273498535156 ], [ 31.00865745544445, 40.961486816406364 ], [ 30.906887054443416, 40.897171020507926 ], [ 30.873615264892862, 40.835346221923828 ], [ 30.89267539978033, 40.778587341308537 ], [ 30.987047195434855, 40.719253540039176 ], [ 30.949708938598803, 40.669773101806584 ], [ 30.944461822509822, 40.566761016845817 ], [ 30.910825729370401, 40.538562774658203 ], [ 30.841268539428711, 40.521850585937443 ], [ 30.676174163818644, 40.518318176269588 ], [ 30.593395233154581, 40.440315246582259 ], [ 30.6464271545413, 40.38548660278343 ], [ 30.623834609985408, 40.335178375244254 ], [ 30.378683090210245, 40.402488708496094 ], [ 30.12273216247587, 40.370498657226619 ], [ 29.97472190856962, 40.471775054931754 ], [ 29.928827285766886, 40.558509826660156 ], [ 29.924877166748331, 40.577526092529354 ], [ 30.026767730712834, 40.579669952392635 ], [ 30.24206924438505, 40.636081695556697 ], [ 30.2994384765625, 40.755702972412337 ], [ 30.290256500244197, 40.821163177490348 ], [ 30.376861572265568, 40.863567352294922 ], [ 30.362899780273722, 40.950325012207259 ], [ 30.288484573364315, 41.020324707031477 ], [ 30.320560455322266, 41.100971221924112 ], [ 30.375438690185547, 41.137683868408203 ], [ 30.369291305542049, 41.179012298584269 ] ] ], [ [ [ 30.369291305542049, 41.179012298584269 ], [ 30.368911743164062, 41.179306030273551 ], [ 30.369304656982706, 41.179306030273551 ], [ 30.369291305542049, 41.179012298584269 ] ] ] ] } },
{ "type": "Feature", "properties": { "cevre_id": "SAMSUN", "cevre_adi": "SAMSUN", "il": "SAMSUN", "mv_sayisi": 9 }, "geometry": { "type": "MultiPolygon", "coordinates": [ [ [ [ 37.032897949219034, 41.198486328125227 ], [ 37.031311035156307, 41.198730468750114 ], [ 37.031311035156307, 41.199279785156307 ], [ 37.0333251953125, 41.199096679687784 ], [ 37.032897949219034, 41.198486328125227 ] ] ], [ [ [ 37.027099609375057, 41.200683593749943 ], [ 37.029907226562671, 41.200073242187614 ], [ 37.030700683593921, 41.199279785156307 ], [ 37.029113769531193, 41.198913574219034 ], [ 37.027099609375057, 41.200683593749943 ] ] ], [ [ [ 36.655517578125171, 41.378723144531307 ], [ 36.659912109375171, 41.380493164062784 ], [ 36.661315917968807, 41.375122070312727 ], [ 36.658325195312443, 41.375122070312727 ], [ 36.655517578125171, 41.378723144531307 ] ] ], [ [ [ 36.655517578125171, 41.378723144531307 ], [ 36.657897949219034, 41.365112304687671 ], [ 36.661682128906307, 41.36492919921875 ], [ 36.662719726562443, 41.376892089843864 ], [ 36.660705566406307, 41.381286621094034 ], [ 36.861328125000171, 41.34112548828125 ], [ 36.995727539062784, 41.284118652343807 ], [ 37.023925781250284, 41.257080078125284 ], [ 37.017272949219034, 41.21368408203125 ], [ 37.031921386718864, 41.187500000000284 ], [ 37.150650024414233, 41.147895812988452 ], [ 37.152534484863281, 41.114704132080362 ], [ 37.000690460205135, 41.050163269043082 ], [ 36.904468536376896, 40.924163818359546 ], [ 36.821964263916072, 40.879581451415959 ], [ 36.696701049804858, 40.846416473388672 ], [ 36.699943542480639, 40.880859375 ], [ 36.657619476318644, 40.898769378662166 ], [ 36.453960418701115, 40.867656707763899 ], [ 36.376178741455249, 40.907699584961051 ], [ 36.372375488281534, 40.952079772949276 ], [ 36.236186981201342, 40.981094360351676 ], [ 36.203926086425838, 40.980033874511719 ], [ 36.186466217041072, 40.911991119384879 ], [ 36.163284301757869, 40.890224456787223 ], [ 36.047161102295092, 40.842975616455078 ], [ 35.955291748046875, 40.875583648681641 ], [ 35.840560913085994, 40.864326477051009 ], [ 35.695045471191463, 40.878986358642862 ], [ 35.643894195556925, 40.926826477050781 ], [ 35.478820800781193, 41.014438629150391 ], [ 35.093154907226506, 41.090541839599609 ], [ 34.986820220947209, 41.078239440917969 ], [ 34.960254669189567, 41.113548278808594 ], [ 34.940605163574389, 41.202041625976562 ], [ 34.892101287841854, 41.253662109375114 ], [ 34.937072753906307, 41.307632446289176 ], [ 35.112976074219034, 41.375862121582088 ], [ 35.230781555175838, 41.263481140136889 ], [ 35.330287933349723, 41.249080657959155 ], [ 35.381431579589901, 41.263786315918082 ], [ 35.42044830322294, 41.294261932373047 ], [ 35.452255249023551, 41.357505798339844 ], [ 35.417564392090128, 41.469825744628906 ], [ 35.485122680664006, 41.586826324462834 ], [ 35.498935699463175, 41.641956329345703 ], [ 35.565490722656307, 41.631286621093807 ], [ 35.653686523437784, 41.640686035156534 ], [ 35.953674316406307, 41.735290527344034 ], [ 36.056091308593807, 41.6875 ], [ 36.115112304687443, 41.62567138671875 ], [ 36.132080078125284, 41.461303710937557 ], [ 36.241516113281364, 41.353515625 ], [ 36.355712890625057, 41.310485839843864 ], [ 36.341308593750284, 41.3118896484375 ], [ 36.3375244140625, 41.294128417968864 ], [ 36.381896972656364, 41.272705078125057 ], [ 36.386474609375114, 41.255126953125057 ], [ 36.439880371093864, 41.244506835937614 ], [ 36.514709472656193, 41.259521484375227 ], [ 36.567504882812784, 41.28790283203125 ], [ 36.620727539062784, 41.367492675781477 ], [ 36.655517578125171, 41.378723144531307 ] ] ] ] } },
{ "type": "Feature", "properties": { "cevre_id": "SANLIURFA", "cevre_adi": "SANLIURFA", "il": "SANLIURFA", "mv_sayisi": 14 }, "geometry": { "type": "MultiPolygon", "coordinates": [ [ [ [ 39.26585769653326, 37.998172760009766 ], [ 39.440624237060661, 37.984630584716797 ], [ 39.661567687988338, 37.840167999267692 ], [ 39.761566162109659, 37.833415985107422 ], [ 39.854320526123161, 37.757858276367301 ], [ 39.86167144775402, 37.603641510009822 ], [ 39.883583068847713, 37.529048919677962 ], [ 40.114879608154581, 37.130916595458984 ], [ 40.134674072265625, 37.018257141113281 ], [ 40.181613922119197, 36.946792602539119 ], [ 40.25516510009794, 36.916130065918026 ], [ 39.841827392578239, 36.75532150268549 ], [ 39.227348327636719, 36.664997100830135 ], [ 39.020233154297046, 36.703311920166016 ], [ 38.731472015380973, 36.707485198974609 ], [ 38.563400268554688, 36.838825225830192 ], [ 38.39853668212902, 36.897163391113281 ], [ 38.194343566894702, 36.90692138671875 ], [ 38.010631561279354, 36.825210571289176 ], [ 38.010787963867472, 36.936237335205305 ], [ 37.880939483642635, 37.057415008545036 ], [ 37.834709167480526, 37.191131591796932 ], [ 37.830345153808707, 37.243942260742188 ], [ 37.848373413086108, 37.312484741210994 ], [ 37.93680572509794, 37.404117584228743 ], [ 38.002780914306811, 37.440738677978743 ], [ 38.169006347656421, 37.407279968261776 ], [ 38.330547332763786, 37.484378814697322 ], [ 38.478324890136662, 37.488910675048828 ], [ 38.615886688232536, 37.57777023315424 ], [ 38.823692321777457, 37.639743804931754 ], [ 38.83985519409174, 37.658622741699276 ], [ 38.830711364746151, 37.693119049072379 ], [ 38.957439422607479, 37.755359649658203 ], [ 38.978149414062557, 37.795402526855696 ], [ 38.977752685546932, 37.890113830566406 ], [ 39.059768676757869, 37.98223876953125 ], [ 39.178749084472827, 38.030654907226676 ], [ 39.26585769653326, 37.998172760009766 ] ] ] ] } },
{ "type": "Feature", "properties": { "cevre_id": "SIIRT", "cevre_adi": "SIIRT", "il": "SIIRT", "mv_sayisi": 3 }, "geometry": { "type": "MultiPolygon", "coordinates": [ [ [ [ 42.395851135254077, 38.132087707519645 ], [ 42.498088836669979, 38.109996795654354 ], [ 42.727626800537109, 38.012451171875227 ], [ 42.835700988769702, 38.065505981445369 ], [ 42.954601287841797, 38.051506042480639 ], [ 42.983589172363338, 38.029781341552848 ], [ 43.039062500000057, 37.936813354492301 ], [ 42.988609313965128, 37.854892730713004 ], [ 42.985305786132869, 37.809272766113452 ], [ 42.764892578124943, 37.834320068359602 ], [ 42.680290222168026, 37.877780914306754 ], [ 42.603408813476562, 37.878520965576286 ], [ 42.493461608887003, 37.835662841796932 ], [ 42.410537719726733, 37.748161315918082 ], [ 42.326351165771655, 37.697162628173771 ], [ 42.159088134765909, 37.68182373046875 ], [ 41.968589782714844, 37.695335388183878 ], [ 41.888881683349666, 37.728595733642692 ], [ 41.856918334960994, 37.763187408447266 ], [ 41.754611968994254, 37.742950439453352 ], [ 41.700920104980582, 37.777687072753963 ], [ 41.737926483154467, 37.825572967529297 ], [ 41.731639862060717, 37.855056762695312 ], [ 41.518661499023608, 37.858474731445312 ], [ 41.45145416259794, 37.883716583251953 ], [ 41.41131591796875, 37.918457031250114 ], [ 41.432540893554744, 37.956413269043082 ], [ 41.480823516845874, 37.986244201660156 ], [ 41.481277465820483, 38.021247863769588 ], [ 41.606689453125057, 38.038478851318416 ], [ 41.646144866943303, 38.102352142333984 ], [ 41.67486572265625, 38.195190429687727 ], [ 41.916576385498331, 38.148315429687614 ], [ 41.979003906250057, 38.156253814697379 ], [ 42.025947570801065, 38.129459381103572 ], [ 42.095233917236385, 38.200767517089957 ], [ 42.207908630371378, 38.216938018798828 ], [ 42.269931793212947, 38.200786590576229 ], [ 42.395851135254077, 38.132087707519645 ] ] ] ] } },
{ "type": "Feature", "properties": { "cevre_id": "SINOP", "cevre_adi": "SINOP", "il": "SINOP", "mv_sayisi": 2 }, "geometry": { "type": "MultiPolygon", "coordinates": [ [ [ [ 34.945415496826456, 42.097915649414062 ], [ 35.016250610351847, 42.093193054199219 ], [ 35.051807403564567, 42.059860229492415 ], [ 35.04375076293951, 42.041805267334041 ], [ 35.077640533447436, 42.026805877685661 ], [ 35.193195343017521, 42.040138244628906 ], [ 35.206527709960994, 42.012638092041243 ], [ 35.140972137451342, 42.023471832275391 ], [ 35.095695495605639, 41.965694427490291 ], [ 35.09013748168951, 41.921806335449332 ], [ 35.129581451416072, 41.858749389648438 ], [ 35.207359313964957, 41.802639007568587 ], [ 35.193473815918253, 41.792083740234432 ], [ 35.208194732666072, 41.767360687256087 ], [ 35.264862060547046, 41.738193511962947 ], [ 35.275970458984432, 41.715972900390682 ], [ 35.414306640625114, 41.683750152587891 ], [ 35.498935699463175, 41.641956329345703 ], [ 35.485122680664006, 41.586826324462834 ], [ 35.417564392090128, 41.469825744628906 ], [ 35.453235626220703, 41.362899780273665 ], [ 35.400527954101619, 41.272674560546932 ], [ 35.330287933349723, 41.249080657959155 ], [ 35.230781555175838, 41.263481140136889 ], [ 35.112976074219034, 41.375862121582088 ], [ 34.937072753906307, 41.307632446289176 ], [ 34.844856262207202, 41.19581222534174 ], [ 34.521492004394815, 41.276542663574332 ], [ 34.475601196289233, 41.303886413574219 ], [ 34.465148925781307, 41.540878295898494 ], [ 34.567058563232592, 41.592460632324219 ], [ 34.596225738525561, 41.634914398193359 ], [ 34.599296569824332, 41.668979644775504 ], [ 34.493095397949503, 41.724838256835938 ], [ 34.269077301025675, 41.739074707031364 ], [ 34.267166137695369, 41.805038452148665 ], [ 34.225559234619425, 41.874015808105469 ], [ 34.226531982421932, 41.955139160156477 ], [ 34.309860229492358, 41.940971374511889 ], [ 34.490695953369425, 41.976806640625 ], [ 34.507915496826342, 41.958194732666016 ], [ 34.617916107178019, 41.942081451416243 ], [ 34.798194885253963, 41.954582214355526 ], [ 34.907638549804688, 42.024028778076172 ], [ 34.949028015136719, 42.073749542236612 ], [ 34.945415496826456, 42.097915649414062 ] ] ] ] } },
{ "type": "Feature", "properties": { "cevre_id": "SIRNAK", "cevre_adi": "SIRNAK", "il": "SIRNAK", "mv_sayisi": 4 }, "geometry": { "type": "MultiPolygon", "coordinates": [ [ [ [ 42.772178649902514, 37.833141326904581 ], [ 42.985305786132869, 37.809272766113452 ], [ 43.054210662841797, 37.763595581054801 ], [ 43.156520843505973, 37.761554718017805 ], [ 43.317729949951456, 37.727920532226676 ], [ 43.495704650878963, 37.727401733398381 ], [ 43.436573028564396, 37.522544860839787 ], [ 43.434787750244197, 37.349205017089844 ], [ 43.500984191894702, 37.268360137939567 ], [ 43.370040893554801, 37.328636169433594 ], [ 43.325466156005916, 37.303642272949219 ], [ 43.167404174804858, 37.373977661132812 ], [ 43.038097381592081, 37.355476379394531 ], [ 42.973693847656364, 37.316524505615234 ], [ 42.849826812744425, 37.346858978271541 ], [ 42.831279754638729, 37.371601104736328 ], [ 42.79906082153326, 37.377475738525675 ], [ 42.730808258056925, 37.345062255859432 ], [ 42.743267059326172, 37.318042755126953 ], [ 42.699333190918139, 37.305427551269588 ], [ 42.700664520263786, 37.285415649414176 ], [ 42.664554595947322, 37.261985778808878 ], [ 42.591648101806811, 37.147251129150504 ], [ 42.536338806152457, 37.148845672607422 ], [ 42.363708496093807, 37.109260559082031 ], [ 42.335254669189737, 37.185703277587947 ], [ 42.357421875000057, 37.227527618408317 ], [ 42.294952392578296, 37.280929565429688 ], [ 42.220829010009709, 37.277477264404354 ], [ 42.232196807861385, 37.317359924316406 ], [ 42.057331085205362, 37.188880920410213 ], [ 41.869235992431697, 37.139022827148438 ], [ 41.887989044189396, 37.209285736083984 ], [ 41.857463836670206, 37.301559448242244 ], [ 41.779117584228686, 37.288055419922102 ], [ 41.753208160400391, 37.301284790039176 ], [ 41.738990783691577, 37.337070465087891 ], [ 41.740730285644588, 37.468338012695426 ], [ 41.902011871337947, 37.498355865478572 ], [ 41.949218750000057, 37.525520324707259 ], [ 41.933547973632812, 37.585899353027344 ], [ 41.95733642578125, 37.637668609619141 ], [ 41.888881683349666, 37.728595733642692 ], [ 42.020568847656307, 37.682415008544979 ], [ 42.311775207519531, 37.693748474121321 ], [ 42.410537719726733, 37.748161315918082 ], [ 42.493461608887003, 37.835662841796932 ], [ 42.596179962158487, 37.877048492431641 ], [ 42.680290222168026, 37.877780914306754 ], [ 42.772178649902514, 37.833141326904581 ] ] ] ] } },
{ "type": "Feature", "properties": { "cevre_id": "SIVAS", "cevre_adi": "SIVAS", "il": "SIVAS", "mv_sayisi": 5 }, "geometry": { "type": "MultiPolygon", "coordinates": [ [ [ [ 38.220336914062557, 40.337936401367301 ], [ 38.247100830078239, 40.203399658203182 ], [ 38.31576156616228, 40.157772064209041 ], [ 38.452972412109375, 40.09781646728527 ], [ 38.570747375488338, 40.116062164306584 ], [ 38.77371978759777, 40.048797607421989 ], [ 38.752433776855639, 39.971809387207031 ], [ 38.724182128906193, 39.956573486328125 ], [ 38.447406768798885, 39.969383239746151 ], [ 38.414031982422159, 39.944557189941406 ], [ 38.365867614746151, 39.858364105224894 ], [ 38.384220123291186, 39.827377319336051 ], [ 38.522235870361442, 39.848232269287223 ], [ 38.554382324219034, 39.826526641845646 ], [ 38.522552490234659, 39.797157287597884 ], [ 38.445766448974894, 39.783252716064453 ], [ 38.43944168090826, 39.756851196289062 ], [ 38.413822174072266, 39.746189117431754 ], [ 38.364730834960994, 39.677970886230526 ], [ 38.349071502685831, 39.536556243896598 ], [ 38.396411895751953, 39.41117095947277 ], [ 38.389953613281364, 39.187400817871151 ], [ 38.354545593261719, 39.139766693115291 ], [ 38.273818969726847, 39.12646484375 ], [ 38.181423187256144, 39.072578430175838 ], [ 37.93951416015625, 39.059078216552734 ], [ 37.780391693115234, 39.001106262207315 ], [ 37.58811187744152, 39.009922027587947 ], [ 37.551895141601847, 38.959354400634993 ], [ 37.552742004394702, 38.925922393798828 ], [ 37.596317291259936, 38.836570739746264 ], [ 37.573925018310831, 38.776378631591797 ], [ 37.327171325683651, 38.608680725097713 ], [ 37.059886932373331, 38.578189849853516 ], [ 36.993980407715128, 38.614654541015739 ], [ 36.920482635498331, 38.628463745117188 ], [ 36.732337951660099, 38.591064453125 ], [ 36.758411407470874, 38.674396514892805 ], [ 36.944854736328296, 39.057159423828239 ], [ 36.917144775390909, 39.107452392578182 ], [ 36.878185272216967, 39.137752532959098 ], [ 36.777328491211222, 39.175086975097656 ], [ 36.61505126953125, 39.176273345947379 ], [ 36.459373474121378, 39.130359649658203 ], [ 36.374038696289119, 39.153411865234432 ], [ 36.307441711425781, 39.130260467529524 ], [ 36.057857513427905, 39.130783081054801 ], [ 35.96096420288103, 39.187816619873047 ], [ 35.885440826416016, 39.276336669922159 ], [ 35.812648773193473, 39.299446105957031 ], [ 35.838054656982706, 39.337776184081974 ], [ 35.978557586669979, 39.422935485840071 ], [ 36.066181182861612, 39.502490997314453 ], [ 36.069194793701286, 39.536525726318587 ], [ 36.156669616699503, 39.677051544189453 ], [ 36.12236404418951, 39.693130493164062 ], [ 36.123931884765796, 39.746036529540959 ], [ 36.070049285888842, 39.783245086669922 ], [ 36.047111511230526, 39.85269927978527 ], [ 35.965507507324276, 39.899909973144531 ], [ 35.985771179199503, 39.945873260498161 ], [ 36.11804580688505, 39.94603347778343 ], [ 36.227054595947322, 39.977584838867244 ], [ 36.305927276611612, 39.956993103027571 ], [ 36.442497253418026, 39.949581146240234 ], [ 36.606613159179972, 39.993495941162166 ], [ 36.679206848144588, 40.035995483398551 ], [ 36.711971282959098, 40.090267181396598 ], [ 36.700984954834155, 40.14154052734375 ], [ 36.773578643798942, 40.223766326904354 ], [ 36.967903137207031, 40.182174682617188 ], [ 37.077480316162109, 40.222934722900391 ], [ 37.168788909912394, 40.190189361572322 ], [ 37.434173583984432, 40.153423309326286 ], [ 37.471691131592081, 40.238189697265739 ], [ 37.560035705566463, 40.276390075683594 ], [ 37.555091857910213, 40.318187713623161 ], [ 37.582622528076229, 40.347629547119141 ], [ 37.588027954101733, 40.408416748047046 ], [ 37.647865295410099, 40.450492858886832 ], [ 37.711090087890682, 40.347900390624943 ], [ 37.772056579590014, 40.328578948974609 ], [ 37.829765319824332, 40.344402313232422 ], [ 37.90161514282255, 40.395137786865234 ], [ 38.02550125122076, 40.414119720459041 ], [ 38.155654907226733, 40.508693695068587 ], [ 38.182529449463004, 40.466194152832031 ], [ 38.220336914062557, 40.337936401367301 ] ] ] ] } },
{ "type": "Feature", "properties": { "cevre_id": "TEKIRDAG", "cevre_adi": "TEKIRDAG", "il": "TEKIRDAG", "mv_sayisi": 8 }, "geometry": { "type": "MultiPolygon", "coordinates": [ [ [ [ 28.149583816528548, 41.580516815185661 ], [ 28.182638168334961, 41.57180404663103 ], [ 28.199304580688647, 41.548194885253849 ], [ 28.179122924804744, 41.529556274414233 ], [ 28.231689453125171, 41.499076843261776 ], [ 28.153781890869141, 41.246978759765739 ], [ 28.087570190429744, 41.211147308349666 ], [ 28.057348251342773, 41.150753021240348 ], [ 28.123260498046932, 41.059860229492301 ], [ 28.013750076293945, 41.034305572509766 ], [ 27.985694885254134, 41.012916564941634 ], [ 27.987083435058878, 40.991252899170149 ], [ 27.956806182861555, 40.976806640625171 ], [ 27.964307785034237, 40.965694427490462 ], [ 27.877916336059741, 40.965415954590071 ], [ 27.840694427490519, 40.992362976074332 ], [ 27.763471603393612, 41.014026641845987 ], [ 27.511249542236555, 40.97430419921875 ], [ 27.462638854980639, 40.895694732666243 ], [ 27.455417633056925, 40.845417022705362 ], [ 27.344585418701229, 40.766803741455192 ], [ 27.309305191040153, 40.702362060546932 ], [ 27.178472518920955, 40.627361297607479 ], [ 27.029861450195483, 40.590694427490291 ], [ 27.028583526611442, 40.699459075927791 ], [ 27.042612075805948, 40.748050689697322 ], [ 27.020599365234432, 40.794986724853743 ], [ 26.969795227050781, 40.799522399902457 ], [ 26.865480422973576, 40.747104644775447 ], [ 26.823614120483342, 40.742973327636719 ], [ 26.783828735351562, 40.746200561523438 ], [ 26.73179054260271, 40.802635192871094 ], [ 26.730768203735636, 40.902725219726676 ], [ 26.783018112182617, 40.999576568603516 ], [ 26.743974685668888, 41.034507751464957 ], [ 26.748094558715877, 41.071029663086108 ], [ 26.772720336914176, 41.101020812988509 ], [ 26.891963958740291, 41.138618469238338 ], [ 26.937599182129134, 41.189468383789062 ], [ 26.93860054016136, 41.237285614013729 ], [ 26.896556854248331, 41.294040679931584 ], [ 26.898347854614258, 41.343032836914062 ], [ 26.953313827514592, 41.325469970703296 ], [ 27.12053489685087, 41.34813308715843 ], [ 27.262168884277514, 41.347400665283317 ], [ 27.377403259277344, 41.310066223144759 ], [ 27.472660064697436, 41.226486206054688 ], [ 27.520938873291016, 41.221145629882812 ], [ 27.55360603332548, 41.236564636230469 ], [ 27.643146514892521, 41.348999023437557 ], [ 27.673555374145565, 41.409912109374943 ], [ 27.67464828491228, 41.457752227783203 ], [ 27.730844497680607, 41.49436187744152 ], [ 27.770309448242188, 41.508777618408317 ], [ 27.86650657653837, 41.500820159912109 ], [ 27.977830886840934, 41.543331146240178 ], [ 28.149583816528548, 41.580516815185661 ] ] ] ] } },
{ "type": "Feature", "properties": { "cevre_id": "TOKAT", "cevre_adi": "TOKAT", "il": "TOKAT", "mv_sayisi": 5 }, "geometry": { "type": "MultiPolygon", "coordinates": [ [ [ [ 36.699943542480639, 40.880859375 ], [ 36.684913635253963, 40.826515197753906 ], [ 36.697978973388729, 40.808784484863281 ], [ 36.851066589355526, 40.750091552734432 ], [ 36.931968688964901, 40.739463806152628 ], [ 36.971649169921989, 40.703620910644474 ], [ 37.078315734863565, 40.688808441162223 ], [ 37.187332153320369, 40.704162597656364 ], [ 37.29387283325201, 40.667339324951342 ], [ 37.312423706054688, 40.627868652343864 ], [ 37.347122192382983, 40.627052307129134 ], [ 37.466255187988565, 40.563144683837834 ], [ 37.611637115478572, 40.551143646240234 ], [ 37.647865295410099, 40.450492858886832 ], [ 37.588027954101733, 40.408416748047046 ], [ 37.582622528076229, 40.347629547119141 ], [ 37.555091857910213, 40.318187713623161 ], [ 37.560035705566463, 40.276390075683594 ], [ 37.471691131592081, 40.238189697265739 ], [ 37.434173583984432, 40.153423309326286 ], [ 37.168788909912394, 40.190189361572322 ], [ 37.077480316162109, 40.222934722900391 ], [ 36.967903137207031, 40.182174682617188 ], [ 36.773578643798942, 40.223766326904354 ], [ 36.700984954834155, 40.14154052734375 ], [ 36.71134185791044, 40.087554931640568 ], [ 36.6641273498538, 40.017295837402401 ], [ 36.442497253418026, 39.949581146240234 ], [ 36.305927276611612, 39.956993103027571 ], [ 36.227054595947322, 39.977584838867244 ], [ 36.11804580688505, 39.94603347778343 ], [ 35.985771179199503, 39.945873260498161 ], [ 35.963336944580192, 39.986537933349894 ], [ 35.961826324463175, 40.043380737304744 ], [ 35.936515808105526, 40.079734802246037 ], [ 35.633205413818644, 40.087203979492188 ], [ 35.512069702148608, 40.189777374267635 ], [ 35.529628753662394, 40.235530853271484 ], [ 35.576377868652401, 40.274219512939453 ], [ 35.716186523437557, 40.326255798340071 ], [ 35.844661712646541, 40.501518249511776 ], [ 35.958446502685547, 40.502326965332088 ], [ 36.039775848388729, 40.459869384765568 ], [ 36.154476165771769, 40.445205688476562 ], [ 36.325202941894588, 40.523677825927734 ], [ 36.456062316894588, 40.655769348144531 ], [ 36.472202301025447, 40.721115112304801 ], [ 36.416763305664119, 40.822582244873047 ], [ 36.448005676269702, 40.869831085205362 ], [ 36.49979400634794, 40.86569976806652 ], [ 36.618690490722827, 40.899414062500227 ], [ 36.699943542480639, 40.880859375 ] ] ] ] } },
{ "type": "Feature", "properties": { "cevre_id": "TRABZON", "cevre_adi": "TRABZON", "il": "TRABZON", "mv_sayisi": 6 }, "geometry": { "type": "MultiPolygon", "coordinates": [ [ [ [ 39.419582366943416, 41.107639312744254 ], [ 39.486251831054744, 41.092082977294922 ], [ 39.565971374511776, 41.025970458984318 ], [ 39.640415191650561, 40.999862670898438 ], [ 39.719028472900447, 41.0120849609375 ], [ 39.780139923095987, 41.002639770507926 ], [ 39.873474121093807, 40.954029083251953 ], [ 40.035137176513786, 40.95958328247076 ], [ 40.120140075683878, 40.912082672119197 ], [ 40.230693817138615, 40.928470611572266 ], [ 40.33458328247076, 40.995140075683651 ], [ 40.366245269775447, 40.985229492187557 ], [ 40.417865753173999, 40.946292877197379 ], [ 40.463203430175838, 40.876575469970874 ], [ 40.511894226074503, 40.741134643554744 ], [ 40.511817932128963, 40.690402984619141 ], [ 40.478908538818359, 40.628585815429915 ], [ 40.483478546142749, 40.535343170166016 ], [ 40.226131439208984, 40.500770568847713 ], [ 40.092983245849553, 40.512348175048885 ], [ 40.10813140869169, 40.570545196533317 ], [ 40.040325164795206, 40.638103485107365 ], [ 40.004878997802734, 40.658535003662109 ], [ 39.981510162353572, 40.646095275878963 ], [ 39.974201202392749, 40.623195648193473 ], [ 39.995239257812443, 40.587005615234602 ], [ 39.98057937622076, 40.565376281738281 ], [ 39.952217102050838, 40.562820434570426 ], [ 39.890937805175952, 40.615005493164119 ], [ 39.828529357910099, 40.620578765869141 ], [ 39.840225219726733, 40.692470550537053 ], [ 39.805946350097713, 40.716575622558878 ], [ 39.766292572021655, 40.674510955810661 ], [ 39.728118896484432, 40.581474304199446 ], [ 39.676063537597713, 40.559333801269759 ], [ 39.307437896728572, 40.669105529785099 ], [ 39.138916015625057, 40.78902816772478 ], [ 39.117946624755803, 40.853782653808764 ], [ 39.119213104248104, 40.960250854492244 ], [ 39.17869949340826, 41.074028015136662 ], [ 39.284305572509936, 41.049861907959098 ], [ 39.419582366943416, 41.107639312744254 ] ] ] ] } },
{ "type": "Feature", "properties": { "cevre_id": "TUNCELI", "cevre_adi": "TUNCELI", "il": "TUNCELI", "mv_sayisi": 1 }, "geometry": { "type": "MultiPolygon", "coordinates": [ [ [ [ 40.271240234375, 39.545825958251953 ], [ 40.543228149414062, 39.547782897949219 ], [ 40.516521453857479, 39.503990173339901 ], [ 40.335334777832031, 39.427463531494254 ], [ 40.390830993652344, 39.382858276367244 ], [ 40.33251953125, 39.351543426513786 ], [ 40.202064514160213, 39.288890838623047 ], [ 40.098674774170206, 39.314281463623047 ], [ 40.031833648681697, 39.204952239990234 ], [ 40.043880462646541, 39.150272369384822 ], [ 40.029830932617244, 39.115364074707145 ], [ 40.009773254394702, 39.089889526367244 ], [ 39.922580718994197, 39.088428497314453 ], [ 39.869342803955135, 39.047626495361328 ], [ 39.893222808837947, 38.992790222167969 ], [ 39.891315460205135, 38.941734313964901 ], [ 39.839710235595703, 38.865608215332259 ], [ 39.778797149658317, 38.818038940429688 ], [ 39.630271911621151, 38.80181884765625 ], [ 39.490581512451229, 38.749164581299055 ], [ 39.048492431640625, 38.893089294433821 ], [ 38.942024230957202, 38.893768310546875 ], [ 38.84452056884794, 38.871868133545036 ], [ 38.769435882568644, 38.898754119873161 ], [ 38.781879425048771, 38.993278503418082 ], [ 38.726875305175952, 39.115749359130916 ], [ 38.773460388183651, 39.182136535644474 ], [ 38.893646240234432, 39.213497161865348 ], [ 38.926376342773438, 39.250064849853572 ], [ 38.833896636963004, 39.257617950439624 ], [ 38.79290771484375, 39.27995681762701 ], [ 38.833946228027401, 39.329387664795149 ], [ 38.966056823730639, 39.375659942626953 ], [ 39.097686767578296, 39.461723327636832 ], [ 39.323314666748161, 39.499732971191406 ], [ 39.477455139160156, 39.476974487304801 ], [ 39.596000671387003, 39.487976074218977 ], [ 39.615173339843807, 39.445877075195426 ], [ 39.665168762207088, 39.441463470458984 ], [ 39.697738647461108, 39.451717376709269 ], [ 39.770572662353572, 39.518180847168082 ], [ 39.855186462402457, 39.544731140136719 ], [ 39.885879516601619, 39.549945831299112 ], [ 39.986354827881144, 39.51869201660179 ], [ 40.129924774169979, 39.556602478027344 ], [ 40.271240234375, 39.545825958251953 ] ] ] ] } },
{ "type": "Feature", "properties": { "cevre_id": "USAK", "cevre_adi": "USAK", "il": "USAK", "mv_sayisi": 3 }, "geometry": { "type": "MultiPolygon", "coordinates": [ [ [ [ 29.89272689819353, 38.777881622314453 ], [ 29.894367218017862, 38.709682464599837 ], [ 29.87275886535673, 38.644218444824332 ], [ 29.771835327148722, 38.50595855712919 ], [ 29.755413055419922, 38.454109191894531 ], [ 29.673618316650447, 38.418857574463004 ], [ 29.64810752868658, 38.344112396240348 ], [ 29.594125747680607, 38.27232742309593 ], [ 29.575918197631779, 38.191772460937557 ], [ 29.544113159179631, 38.195339202880973 ], [ 29.425903320312671, 38.261734008789119 ], [ 29.221260070800781, 38.195537567138956 ], [ 29.096721649170036, 38.217990875244197 ], [ 28.920953750610408, 38.265453338623104 ], [ 28.82542800903326, 38.355316162109375 ], [ 28.855499267578409, 38.388626098632926 ], [ 28.841070175170898, 38.526336669921989 ], [ 28.848800659179744, 38.580696105957145 ], [ 28.878778457641658, 38.637416839599666 ], [ 29.022827148437443, 38.725307464599666 ], [ 29.090955734253157, 38.739379882812614 ], [ 29.233789443970011, 38.733341217041243 ], [ 29.305118560791072, 38.782318115234489 ], [ 29.668746948242244, 38.889968872070312 ], [ 29.862709045410213, 38.855148315429744 ], [ 29.89272689819353, 38.777881622314453 ] ] ] ] } },
{ "type": "Feature", "properties": { "cevre_id": "VAN", "cevre_adi": "VAN", "il": "VAN", "mv_sayisi": 8 }, "geometry": { "type": "MultiPolygon", "coordinates": [ [ [ [ 43.341838836669922, 39.397891998291129 ], [ 43.426578521728572, 39.388885498046818 ], [ 43.488655090332088, 39.330860137939624 ], [ 43.585685729980639, 39.287857055664062 ], [ 43.645542144775447, 39.302429199218864 ], [ 43.716354370117244, 39.370204925537337 ], [ 43.962074279785213, 39.356510162353629 ], [ 44.032817840576172, 39.372020721435547 ], [ 44.088535308838061, 39.32948303222679 ], [ 44.087940216064453, 39.297443389892578 ], [ 44.111701965332202, 39.286445617676065 ], [ 44.098117828369197, 39.254219055175895 ], [ 44.115085601806697, 39.238674163818473 ], [ 44.113304138183651, 39.202095031738338 ], [ 44.218376159668026, 39.138637542724666 ], [ 44.23231124877924, 39.100284576416072 ], [ 44.186885833740519, 39.116287231445426 ], [ 44.152053833007926, 39.091999053955192 ], [ 44.200542449951229, 39.069011688232479 ], [ 44.218845367431697, 39.028751373291016 ], [ 44.181514739990291, 38.994159698486271 ], [ 44.224102020263956, 38.891876220703125 ], [ 44.255981445312557, 38.855079650878906 ], [ 44.290302276611271, 38.855304718017521 ], [ 44.316131591797159, 38.833858489990462 ], [ 44.318565368652457, 38.800300598144531 ], [ 44.277202606201172, 38.716030120849723 ], [ 44.301166534423771, 38.671737670898438 ], [ 44.285503387451456, 38.647388458252237 ], [ 44.336784362793139, 38.622837066650391 ], [ 44.326930999755859, 38.5501136779788 ], [ 44.339527130126953, 38.502830505371321 ], [ 44.317333221435661, 38.441608428955021 ], [ 44.317661285400447, 38.38542556762701 ], [ 44.386711120605412, 38.363548278808764 ], [ 44.456954956054858, 38.38514709472679 ], [ 44.501117706298999, 38.353702545166016 ], [ 44.509529113769815, 38.327892303466911 ], [ 44.426925659179972, 38.278175354003963 ], [ 44.408214569091967, 38.251216888427848 ], [ 44.417068481445483, 38.210250854492415 ], [ 44.404792785644815, 38.14494705200201 ], [ 44.364086151123331, 38.127147674560547 ], [ 44.379234313965128, 38.097625732421875 ], [ 44.352626800537394, 38.099185943603629 ], [ 44.322498321533487, 38.069694519043026 ], [ 44.313472747802791, 38.029933929443416 ], [ 44.256927490234432, 37.959541320800781 ], [ 44.26597976684576, 37.938529968261832 ], [ 44.238861083984659, 37.887115478515682 ], [ 44.276290893554688, 37.866317749023438 ], [ 44.339042663574219, 37.874057769775447 ], [ 44.416442871094034, 37.854084014892692 ], [ 44.413669586181925, 37.821628570556868 ], [ 44.443050384521769, 37.798366546631087 ], [ 44.470207214355582, 37.797904968261776 ], [ 44.46298980712919, 37.768390655517635 ], [ 44.574619293212947, 37.767143249511776 ], [ 44.479644775390796, 37.675380706787223 ], [ 44.421981811523722, 37.646568298339844 ], [ 44.329528808593921, 37.656223297119141 ], [ 44.237655639648494, 37.627777099609489 ], [ 44.21875, 37.643146514892692 ], [ 44.245574951171818, 37.708969116210994 ], [ 44.225521087646541, 37.754417419433651 ], [ 44.201370239257983, 37.768932342529467 ], [ 44.065193176269702, 37.717552185058651 ], [ 43.969673156738338, 37.726795196533203 ], [ 43.892715454101506, 37.700431823730526 ], [ 43.784568786621037, 37.726203918457145 ], [ 43.675846099853572, 37.715328216552734 ], [ 43.317729949951456, 37.727920532226676 ], [ 43.156520843505973, 37.761554718017805 ], [ 43.046562194824332, 37.765319824218864 ], [ 42.985305786132869, 37.809272766113452 ], [ 42.988609313965128, 37.854892730713004 ], [ 43.039062500000057, 37.936813354492301 ], [ 42.983589172363338, 38.029781341552848 ], [ 42.954601287841797, 38.051506042480639 ], [ 42.835700988769702, 38.065505981445369 ], [ 42.777313232421875, 38.127155303955135 ], [ 42.798957824707088, 38.168399810791072 ], [ 42.755676269531307, 38.175254821777344 ], [ 42.720058441162166, 38.203510284423942 ], [ 42.739238739013615, 38.277294158935774 ], [ 42.687885284423942, 38.395111083984489 ], [ 42.690437316894588, 38.427959442138729 ], [ 42.729610443115291, 38.458221435546932 ], [ 42.889171600341797, 38.524917602539062 ], [ 42.946243286133097, 38.614349365234375 ], [ 42.964450836181754, 38.617881774902457 ], [ 43.056091308593864, 38.723304748535213 ], [ 43.174152374267749, 38.793704986572209 ], [ 43.196823120117244, 38.828151702880916 ], [ 43.197910308838004, 38.880172729492301 ], [ 43.127849578857479, 38.933376312255859 ], [ 43.003520965576229, 38.991466522216911 ], [ 43.022483825683651, 39.095493316650561 ], [ 43.144695281982536, 39.136291503906307 ], [ 43.167633056640682, 39.165973663330192 ], [ 43.165607452392635, 39.239898681640739 ], [ 43.08466720581049, 39.284191131592024 ], [ 43.079380035400561, 39.307514190673942 ], [ 43.101978302002237, 39.322460174560547 ], [ 43.191673278808651, 39.328067779541072 ], [ 43.290340423583984, 39.401798248291016 ], [ 43.341838836669922, 39.397891998291129 ] ] ] ] } },
{ "type": "Feature", "properties": { "cevre_id": "YALOVA", "cevre_adi": "YALOVA", "il": "YALOVA", "mv_sayisi": 3 }, "geometry": { "type": "MultiPolygon", "coordinates": [ [ [ [ 29.394861221313647, 40.702083587646541 ], [ 29.442625045776538, 40.692081451415959 ], [ 29.431001663208121, 40.560283660888615 ], [ 29.362733840942667, 40.580024719238224 ], [ 29.267606735229549, 40.556022644042969 ], [ 29.045017242431754, 40.559192657470874 ], [ 29.010364532470874, 40.497295379638786 ], [ 29.03236198425293, 40.478473663330078 ], [ 28.975139617920149, 40.455696105957031 ], [ 28.883195877075252, 40.47874832153343 ], [ 28.85375022888212, 40.505973815918082 ], [ 28.780139923095874, 40.518470764160327 ], [ 28.793193817138729, 40.552360534668082 ], [ 28.931528091430835, 40.600418090820597 ], [ 28.991249084472884, 40.644584655761776 ], [ 29.282085418701286, 40.660137176513899 ], [ 29.394861221313647, 40.702083587646541 ] ] ] ] } },
{ "type": "Feature", "properties": { "cevre_id": "YOZGAT", "cevre_adi": "YOZGAT", "il": "YOZGAT", "mv_sayisi": 4 }, "geometry": { "type": "MultiPolygon", "coordinates": [ [ [ [ 35.343200683594034, 40.21666336059576 ], [ 35.38194656372076, 40.191276550293082 ], [ 35.512069702148608, 40.189777374267635 ], [ 35.633205413818644, 40.087203979492188 ], [ 35.936515808105526, 40.079734802246037 ], [ 35.961826324463175, 40.043380737304744 ], [ 35.963336944580192, 39.986537933349894 ], [ 35.985771179199503, 39.945873260498161 ], [ 35.965507507324276, 39.899909973144531 ], [ 36.047111511230526, 39.85269927978527 ], [ 36.070049285888842, 39.783245086669922 ], [ 36.123931884765796, 39.746036529540959 ], [ 36.12236404418951, 39.693130493164062 ], [ 36.156669616699503, 39.677051544189453 ], [ 36.069194793701286, 39.536525726318587 ], [ 36.066181182861612, 39.502490997314453 ], [ 35.978557586669979, 39.422935485840071 ], [ 35.838054656982706, 39.337776184081974 ], [ 35.801658630371151, 39.287456512451286 ], [ 35.723690032959155, 39.225826263427962 ], [ 35.670814514160213, 39.201499938965071 ], [ 35.550983428955362, 39.202976226806754 ], [ 35.471805572509879, 39.186771392822379 ], [ 35.463966369628906, 39.156749725341854 ], [ 35.482967376709155, 39.099575042724666 ], [ 35.241218566894702, 39.00565338134777 ], [ 35.037403106689624, 39.038051605224609 ], [ 35.002208709716854, 39.09674072265625 ], [ 34.996109008789233, 39.140846252441634 ], [ 34.895935058593693, 39.227462768554744 ], [ 34.920249938964901, 39.337566375732479 ], [ 34.796630859375, 39.388092041015739 ], [ 34.791202545166072, 39.430637359619197 ], [ 34.625625610351847, 39.494125366211051 ], [ 34.536540985107592, 39.547885894775391 ], [ 34.521865844726847, 39.570507049560661 ], [ 34.544994354248104, 39.622127532958984 ], [ 34.468528747558764, 39.67209625244152 ], [ 34.425678253173771, 39.733055114746151 ], [ 34.357379913330362, 39.748535156250227 ], [ 34.234619140625284, 39.736690521240178 ], [ 34.06889724731451, 39.808368682861442 ], [ 34.054344177246151, 39.904911041259879 ], [ 34.086318969726733, 39.9203529357913 ], [ 34.278892517090128, 39.937088012695312 ], [ 34.394672393798885, 39.991836547851562 ], [ 34.800861358642521, 39.993850708007926 ], [ 34.904472351074332, 40.049701690673828 ], [ 35.056995391845987, 40.029792785644531 ], [ 35.178745269775561, 40.090763092041016 ], [ 35.167774200439567, 40.213230133056697 ], [ 35.288646697998104, 40.213741302490234 ], [ 35.332336425781193, 40.228908538818416 ], [ 35.343200683594034, 40.21666336059576 ] ] ] ] } },
{ "type": "Feature", "properties": { "cevre_id": "ZONGULDAK", "cevre_adi": "ZONGULDAK", "il": "ZONGULDAK", "mv_sayisi": 5 }, "geometry": { "type": "MultiPolygon", "coordinates": [ [ [ [ 32.020977020263729, 41.56291580200201 ], [ 32.041191101074503, 41.523483276367244 ], [ 32.305126190185717, 41.306194305420036 ], [ 32.354038238525447, 41.238491058349723 ], [ 32.298774719238338, 41.236640930176009 ], [ 32.13407135009794, 41.157505035400391 ], [ 32.093399047851619, 41.076122283935604 ], [ 32.091995239257983, 41.018367767334041 ], [ 31.43902778625494, 41.056297302246037 ], [ 31.338193893432674, 41.136737823486499 ], [ 31.409025192261026, 41.212638854980582 ], [ 31.402360916137695, 41.271526336670036 ], [ 31.417362213134879, 41.263195037841967 ], [ 31.420694351196346, 41.274028778076172 ], [ 31.391252517700195, 41.294029235839901 ], [ 31.399860382080021, 41.315971374511776 ], [ 31.620138168335018, 41.382637023925724 ], [ 31.74819564819353, 41.439861297607649 ], [ 31.754304885864315, 41.45513916015625 ], [ 31.785417556762752, 41.454303741455078 ], [ 31.894308090209961, 41.523750305175895 ], [ 32.020977020263729, 41.56291580200201 ] ] ] ] } }
]
}
